"Age","Commute Distance","Weekly Working Hours","Productivity Before","Productivity After","Training Hours","Employee performance","Years of Experience","Gross Income","Bonus","Team Size","Male_Gender","Female_Gender","Single_Marital Status","Married_Marital Status","Full-Time_Employee Type","Part-Time_Employee Type","Contract_Employee Type","Remote_Employee Type","Flexible_Shift Type","Day_Shift Type","Night_Shift Type","Tabriz_Location","Mashhad_Location","Other Cities_Location","Karaj_Location","Tehran_Location","Shiraz_Location","Isfahan_Location","Public_Vehicle type","Private_Vehicle type","Poor_Health Status","Average_Health Status","Good_Health Status","Finance_Department","Design_Department","Management_Department","IT_Department","Sales_Department","Marketing_Department","Operations_Department","R&D_Department","HR_Department","Yes_Overtime","No_Overtime","No_Promotion Status","Yes_Promotion Status","Advanced_English Language Level","Basic_English Language Level","Intermediate_English Language Level","Percentage_Bonus Type","Fixed_Bonus Type","Quality-Supervisor_Current Skill","UI-Design_Current Skill","Sale_Current Skill","Production_Current Skill","UX-Design_Current Skill","Finance_Current Skill","Data-Science_Current Skill","Project-Management_Current Skill","Business Strategy_Current Skill","Marketing_Current Skill","Programming_Current Skill","Artificial-Intelligence_Current Skill","Customer-Relation_Current Skill","Management_Current Skill","Low_Employee Satisfaction","Medium_Employee Satisfaction","High_Employee Satisfaction","Workshop_Training Type","None_Training Type","In-Person_Training Type","Online_Training Type","Senior_Job Level","Mid-Level_Job Level","Junior_Job Level","Intern_Job Level","PhD_Education Level","Master_Education Level","Diploma_Education Level","Bachelor_Education Level","No_Insurance Status","Yes_Insurance Status","None_Insurance Type","Both_Insurance Type","Life_Insurance Type","Health_Insurance Type","Manager_Work Position","Employee_Work Position","Cluster","Cluster (#1)","Prediction (Cluster)","Prediction_Final"
69.23076923076923,83.33333333333333,25.641025641025642,32.653061224489804,39.70588235294117,47.89915966386555,50,87.5,83.8809721052302,6.372303060712495,50,100,0,100,0,100,0,0,0,100,0,0,100,0,0,0,0,0,0,100,0,100,0,0,100,0,0,0,0,0,0,0,0,100,0,100,0,100,0,0,100,0,100,0,0,0,0,0,0,0,0,0,0,0,0,0,100,0,0,100,0,0,0,100,0,0,0,100,0,0,0,100,0,100,0,0,0,100,0,"cluster_2","cluster_2","cluster_2","Increased responsibility and promotion path"
100,79.16666666666666,69.23076923076923,51.020408163265316,36.764705882352935,0,37.5,62.5,98.5067561452728,8.881083793276469,78.57142857142857,100,0,100,0,0,100,0,0,100,0,0,0,100,0,0,0,0,0,0,100,0,100,0,0,100,0,0,0,0,0,0,0,100,0,0,100,0,100,0,100,0,0,100,0,0,0,0,0,0,0,0,0,0,0,0,0,100,0,0,100,0,0,0,100,0,0,100,0,0,0,100,0,100,0,0,0,100,0,"cluster_2","cluster_2","cluster_2","Increased responsibility and promotion path"
73.0769230769231,72.91666666666666,35.89743589743589,12.244897959183689,29.41176470588234,83.19327731092437,12.5,87.5,82.45421066920996,74.8118414450577,100,100,0,100,0,0,100,0,0,100,0,0,0,0,100,0,0,0,0,100,0,0,0,100,0,100,0,0,0,0,0,0,0,100,0,0,100,0,0,100,0,100,100,0,0,0,0,0,0,0,0,0,0,0,0,0,100,0,0,0,0,100,0,100,0,0,0,100,0,0,0,100,0,100,0,0,0,100,0,"cluster_2","cluster_2","cluster_2","Increased responsibility and promotion path"
80.76923076923077,58.33333333333332,51.28205128205128,24.489795918367363,41.17647058823528,54.621848739495796,0,50,41.27862050721561,18.615153035624687,0,0,100,100,0,0,100,0,0,0,100,0,0,100,0,0,0,0,0,0,100,0,100,0,0,0,100,0,0,0,0,0,0,100,0,100,0,100,0,0,100,0,0,0,100,0,0,0,0,0,0,0,0,0,0,0,0,100,0,100,0,0,0,0,100,0,0,100,0,0,0,100,0,100,0,0,0,0,100,"cluster_1","cluster_1","cluster_1","Specialized skill improvement and regular feedback"
42.30769230769232,14.583333333333332,74.35897435897436,57.14285714285715,41.17647058823528,0,0,25,20.04114252299039,15.45408931259408,0,100,0,100,0,100,0,0,0,0,0,100,0,100,0,0,0,0,0,100,0,0,100,0,0,100,0,0,0,0,0,0,0,100,0,100,0,100,0,0,100,0,0,0,0,100,0,0,0,0,0,0,0,0,0,0,0,100,0,0,100,0,0,0,0,100,0,0,100,0,0,100,0,100,0,0,0,0,100,"cluster_1","cluster_1","cluster_1","Specialized skill improvement and regular feedback"
0,39.58333333333332,51.28205128205128,48.9795918367347,55.88235294117646,57.142857142857146,12.5,0,0.6616915076541812,85.69994982438534,0,0,100,100,0,0,0,100,0,0,100,0,0,0,0,100,0,0,0,100,0,0,0,100,0,0,0,100,0,0,0,0,0,100,0,0,100,0,100,0,0,100,0,0,0,0,100,0,0,0,0,0,0,0,0,0,0,0,100,0,0,100,0,0,0,0,100,0,0,100,0,100,0,100,0,0,0,0,100,"cluster_1","cluster_1","cluster_1","Specialized skill improvement and regular feedback"
61.53846153846155,0,38.46153846153846,89.79591836734694,85.29411764705881,33.61344537815126,0,50,64.5718323389977,19.192172604114404,0,0,100,100,0,0,0,100,0,0,100,0,0,0,100,0,0,0,0,100,0,100,0,0,0,0,0,0,100,0,0,0,0,0,100,100,0,100,0,0,100,0,0,0,0,0,0,100,0,0,0,0,0,0,0,0,100,0,0,0,0,0,100,0,100,0,0,100,0,0,0,0,100,0,100,0,0,0,100,"cluster_0","cluster_0","cluster_0","Time management training + Personal coaching"
69.23076923076923,91.66666666666666,33.333333333333336,100,91.17647058823528,99.15966386554622,50,100,34.82912974165837,7.777220270948321,50,0,100,100,0,0,0,0,100,0,100,0,0,100,0,0,0,0,0,100,0,0,100,0,0,0,0,0,0,100,0,0,0,100,0,100,0,100,0,0,100,0,0,0,0,0,0,0,100,0,0,0,0,0,0,0,0,0,100,0,0,0,100,100,0,0,0,100,0,0,0,0,100,0,100,0,0,100,0,"cluster_2","cluster_2","cluster_2","Increased responsibility and promotion path"
38.46153846153847,4.166666666666666,17.94871794871795,10.204081632653072,23.529411764705877,8.403361344537815,25,37.5,26.84810681740656,79.57852483692925,0,0,100,100,0,0,0,100,0,0,100,0,0,100,0,0,0,0,0,0,100,100,0,0,0,0,0,100,0,0,0,0,0,100,0,0,100,100,0,0,0,100,0,0,0,0,0,0,0,100,0,0,0,0,0,0,100,0,0,0,0,100,0,0,0,100,0,0,100,0,0,100,0,100,0,0,0,0,100,"cluster_1","cluster_1","cluster_1","Specialized skill improvement and regular feedback"
96.15384615384616,72.91666666666666,28.205128205128197,4.081632653061234,2.941176470588232,0,37.5,75,99.53323076708878,14.826894129453086,64.28571428571428,0,100,0,100,0,0,0,100,0,0,100,100,0,0,0,0,0,0,100,0,0,0,100,0,0,0,0,0,100,0,0,0,0,100,0,100,0,0,100,0,100,0,0,0,0,0,0,0,0,100,0,0,0,0,0,100,0,0,0,100,0,0,100,0,0,0,100,0,0,0,0,100,0,0,100,0,100,0,"cluster_2","cluster_2","cluster_2","Increased responsibility and promotion path"
15.384615384615387,56.24999999999999,12.820512820512825,20.40816326530613,36.764705882352935,21.008403361344538,37.5,12.5,11.188538570245116,2.5840441545408943,0,100,0,0,100,0,0,0,100,100,0,0,0,0,0,0,100,0,0,0,100,100,0,0,0,0,0,0,100,0,0,0,0,0,100,100,0,0,100,0,100,0,0,0,100,0,0,0,0,0,0,0,0,0,0,0,0,0,100,100,0,0,0,0,0,0,100,0,0,0,100,100,0,100,0,0,0,0,100,"cluster_1","cluster_1","cluster_1","Specialized skill improvement and regular feedback"
80.76923076923077,81.24999999999999,66.66666666666666,79.5918367346939,73.52941176470588,78.15126050420169,87.5,75,56.45297152046336,89.78926241846463,85.71428571428571,100,0,100,0,0,0,100,0,100,0,0,0,0,100,0,0,0,0,0,100,0,0,100,0,0,0,100,0,0,0,0,0,0,100,0,100,0,0,100,100,0,0,0,0,0,0,0,0,0,0,100,0,0,0,0,100,0,0,0,0,100,0,100,0,0,0,100,0,0,0,100,0,100,0,0,0,100,0,"cluster_2","cluster_2","cluster_2","Increased responsibility and promotion path"
80.76923076923077,66.66666666666666,82.05128205128204,91.83673469387757,88.23529411764704,16.80672268907563,100,62.5,89.11393903109708,23.43201204214752,78.57142857142857,0,100,100,0,0,0,100,0,0,0,100,0,0,0,100,0,0,0,0,100,0,100,0,100,0,0,0,0,0,0,0,0,0,100,100,0,100,0,0,100,0,0,0,0,100,0,0,0,0,0,0,0,0,0,0,0,100,0,100,0,0,0,0,100,0,0,100,0,0,0,0,100,0,0,0,100,100,0,"cluster_2","cluster_2","cluster_2","Increased responsibility and promotion path"
46.15384615384616,31.249999999999996,51.28205128205128,28.571428571428584,38.23529411764705,31.092436974789916,12.5,100,30.401957576559205,15.955845459106873,0,0,100,100,0,0,0,0,100,0,100,0,0,0,100,0,0,0,0,0,100,100,0,0,0,0,100,0,0,0,0,0,0,100,0,100,0,100,0,0,0,100,0,0,0,0,0,0,0,0,0,100,0,0,0,0,100,0,0,100,0,0,0,100,0,0,0,0,100,0,0,100,0,100,0,0,0,0,100,"cluster_1","cluster_1","cluster_1","Specialized skill improvement and regular feedback"
7.692307692307693,45.83333333333332,84.61538461538461,87.75510204081634,79.41176470588235,22.689075630252102,75,0,3.6436542357306454,11.816357250376319,0,100,0,0,100,0,0,100,0,0,100,0,0,0,0,0,100,0,0,0,100,0,0,100,0,0,0,100,0,0,0,0,0,0,100,100,0,0,100,0,100,0,0,0,100,0,0,0,0,0,0,0,0,0,0,0,100,0,0,0,0,100,0,0,0,0,100,0,0,100,0,0,100,0,0,0,100,0,100,"cluster_0","cluster_0","cluster_0","Time management training + Personal coaching"
76.92307692307693,14.583333333333332,92.30769230769232,71.42857142857143,72.05882352941177,62.18487394957983,87.5,62.5,47.382820386085335,2.9854490717511304,42.857142857142854,100,0,0,100,0,0,0,100,100,0,0,100,0,0,0,0,0,0,100,0,0,0,100,0,0,0,100,0,0,0,0,0,0,100,100,0,100,0,0,0,100,0,0,0,0,0,0,0,0,0,100,0,0,0,0,0,100,0,0,0,100,0,0,100,0,0,100,0,0,0,100,0,100,0,0,0,100,0,"cluster_2","cluster_2","cluster_2","Increased responsibility and promotion path"
23.07692307692308,52.08333333333332,100,2.0408163265306243,20.588235294117645,56.30252100840336,87.5,12.5,11.598919573677142,64.82689412945308,0,0,100,0,100,0,0,100,0,100,0,0,0,0,0,0,0,100,0,100,0,100,0,0,0,0,0,0,0,100,0,0,0,100,0,0,100,0,0,100,100,0,0,0,0,0,0,0,0,0,0,0,100,0,0,0,100,0,0,0,0,100,0,0,0,0,100,0,0,0,100,100,0,100,0,0,0,0,100,"cluster_1","cluster_1","cluster_1","Specialized skill improvement and regular feedback"
61.53846153846155,6.249999999999999,94.87179487179486,69.38775510204083,76.47058823529412,93.27731092436974,87.5,87.5,69.45115456640237,7.902659307576519,0,0,100,0,100,0,0,100,0,0,100,0,0,0,0,0,0,100,0,0,100,0,100,0,100,0,0,0,0,0,0,0,0,0,100,100,0,0,0,100,100,0,100,0,0,0,0,0,0,0,0,0,0,0,0,0,0,0,100,0,0,100,0,100,0,0,0,100,0,0,0,100,0,100,0,0,0,0,100,"cluster_1","cluster_1","cluster_1","Specialized skill improvement and regular feedback"
57.69230769230769,49.99999999999999,10.256410256410255,87.75510204081634,63.23529411764705,0,0,100,80.32433674215265,12.59407927747115,0,100,0,0,100,0,0,0,100,0,0,100,0,0,0,0,0,0,100,0,100,0,0,100,0,0,0,0,0,100,0,0,0,100,0,0,100,0,100,0,100,0,100,0,0,0,0,0,0,0,0,0,0,0,0,0,100,0,0,0,100,0,0,100,0,0,0,100,0,0,0,100,0,100,0,0,0,0,100,"cluster_1","cluster_1","cluster_1","Specialized skill improvement and regular feedback"
53.846153846153854,64.58333333333333,64.10256410256409,32.653061224489804,48.52941176470588,81.5126050420168,12.5,100,66.32474050972176,62.92022077270447,0,0,100,100,0,0,0,100,0,100,0,0,100,0,0,0,0,0,0,0,100,100,0,0,0,0,0,0,0,100,0,0,0,0,100,0,100,0,100,0,0,100,0,0,0,0,100,0,0,0,0,0,0,0,0,0,0,0,100,0,0,100,0,100,0,0,0,100,0,0,0,0,100,0,100,0,0,0,100,"cluster_0","cluster_0","cluster_0","Time management training + Personal coaching"
15.384615384615387,75,58.97435897435897,91.83673469387757,94.11764705882351,29.411764705882355,50,12.5,14.373777384839224,90.84295032614149,0,100,0,100,0,100,0,0,0,100,0,0,0,100,0,0,0,0,0,0,100,0,100,0,100,0,0,0,0,0,0,0,0,0,100,0,100,0,0,100,0,100,0,0,0,0,0,0,0,0,0,0,0,100,0,0,100,0,0,0,0,0,100,0,0,0,100,0,0,0,100,0,100,0,100,0,0,0,100,"cluster_0","cluster_0","cluster_0","Time management training + Personal coaching"
96.15384615384616,18.749999999999996,23.076923076923073,67.34693877551022,69.11764705882351,37.81512605042017,37.5,87.5,40.58038107304712,67.98795785248369,71.42857142857142,0,100,0,100,100,0,0,0,0,100,0,0,0,0,0,0,0,100,0,100,100,0,0,0,0,0,0,0,0,100,0,0,100,0,0,100,100,0,0,0,100,0,0,0,100,0,0,0,0,0,0,0,0,0,0,0,0,100,100,0,0,0,100,0,0,0,100,0,0,0,100,0,100,0,0,0,100,0,"cluster_2","cluster_2","cluster_2","Increased responsibility and promotion path"
34.61538461538463,60.41666666666666,15.38461538461538,81.6326530612245,73.52941176470588,39.49579831932773,37.5,37.5,19.193926778839796,16.833918715504268,0,0,100,0,100,0,100,0,0,0,100,0,0,100,0,0,0,0,0,0,100,0,100,0,100,0,0,0,0,0,0,0,0,0,100,100,0,0,0,100,0,100,0,0,0,0,0,0,0,0,100,0,0,0,0,0,0,0,100,0,0,0,100,0,0,100,0,0,100,0,0,100,0,100,0,0,0,0,100,"cluster_1","cluster_1","cluster_1","Specialized skill improvement and regular feedback"
61.53846153846155,93.74999999999999,66.66666666666666,79.5918367346939,76.47058823529412,100,100,87.5,62.60625004350944,16.457601605619672,0,100,0,100,0,0,0,0,100,0,100,0,0,0,0,100,0,0,0,100,0,0,0,100,0,0,0,0,0,100,0,0,0,100,0,100,0,0,0,100,100,0,0,0,0,0,0,0,0,0,0,0,0,0,100,0,100,0,0,100,0,0,0,100,0,0,0,100,0,0,0,0,100,0,100,0,0,0,100,"cluster_0","cluster_0","cluster_0","Time management training + Personal coaching"
84.61538461538461,14.583333333333332,33.333333333333336,20.40816326530613,39.70588235294117,19.327731092436974,25,50,66.79812317695463,84.16959357752133,0,0,100,100,0,0,100,0,0,100,0,0,0,0,0,0,0,100,0,100,0,0,100,0,0,0,0,0,0,100,0,0,0,100,0,0,100,0,100,0,0,100,0,0,0,0,100,0,0,0,0,0,0,0,0,0,100,0,0,100,0,0,0,0,100,0,0,100,0,0,0,100,0,100,0,0,0,0,100,"cluster_1","cluster_1","cluster_1","Specialized skill improvement and regular feedback"
7.692307692307693,79.16666666666666,82.05128205128204,63.26530612244899,73.52941176470588,84.87394957983193,87.5,0,1.3891692830341054,0.7777220270948337,0,0,100,100,0,100,0,0,0,0,0,100,0,100,0,0,0,0,0,0,100,100,0,0,0,0,100,0,0,0,0,0,0,100,0,100,0,100,0,0,0,100,0,0,0,0,0,0,0,0,0,0,100,0,0,0,0,0,100,0,0,0,100,0,0,0,100,0,0,100,0,0,100,0,0,0,100,0,100,"cluster_0","cluster_0","cluster_0","Time management training + Personal coaching"
42.30769230769232,2.083333333333333,12.820512820512825,95.91836734693878,85.29411764705881,39.49579831932773,12.5,37.5,19.662784464694703,9.157049673858507,0,0,100,100,0,0,100,0,0,0,0,100,0,0,0,0,0,100,0,0,100,100,0,0,0,100,0,0,0,0,0,0,0,0,100,100,0,100,0,0,100,0,0,0,0,0,100,0,0,0,0,0,0,0,0,0,0,100,0,0,0,0,100,0,0,100,0,0,100,0,0,0,100,0,0,0,100,0,100,"cluster_0","cluster_0","cluster_0","Time management training + Personal coaching"
7.692307692307693,41.66666666666666,61.53846153846154,100,98.52941176470586,9.243697478991598,12.5,0,8.990441847027784,63.59759157049673,0,100,0,100,0,0,0,100,0,0,100,0,0,100,0,0,0,0,0,100,0,100,0,0,0,0,0,0,0,0,0,100,0,0,100,0,100,0,100,0,100,0,0,0,0,0,0,0,0,0,0,0,0,0,100,0,100,0,0,0,0,0,100,0,0,0,100,0,0,100,0,0,100,0,0,0,100,0,100,"cluster_0","cluster_0","cluster_0","Time management training + Personal coaching"
0,85.41666666666666,51.28205128205128,18.367346938775526,36.764705882352935,24.369747899159663,25,0,9.23722736987198,67.3607626693427,0,0,100,100,0,0,0,0,100,0,0,100,0,0,0,0,100,0,0,0,100,100,0,0,0,0,0,0,100,0,0,0,0,100,0,0,100,0,100,0,0,100,0,0,0,0,0,0,0,0,0,0,0,100,0,0,100,0,0,0,0,100,0,0,0,0,100,0,0,100,0,0,100,0,0,0,100,0,100,"cluster_0","cluster_0","cluster_0","Time management training + Personal coaching"
65.38461538461539,4.166666666666666,74.35897435897436,51.020408163265316,64.70588235294116,33.61344537815126,100,50,62.216057418532934,85.47415955845459,0,100,0,0,100,100,0,0,0,100,0,0,0,0,0,100,0,0,0,0,100,0,100,0,0,0,100,0,0,0,0,0,0,100,0,0,100,0,100,0,100,0,0,0,0,0,0,0,0,0,0,100,0,0,0,0,100,0,0,100,0,0,0,0,100,0,0,100,0,0,0,0,100,0,100,0,0,0,100,"cluster_0","cluster_0","cluster_0","Time management training + Personal coaching"
76.92307692307693,18.749999999999996,17.94871794871795,65.30612244897961,72.05882352941177,48.739495798319325,37.5,62.5,62.64941140434538,76.8941294530858,42.857142857142854,100,0,0,100,0,0,100,0,0,0,100,0,0,0,0,100,0,0,0,100,100,0,0,0,0,0,0,0,0,0,100,0,100,0,0,100,0,0,100,0,100,100,0,0,0,0,0,0,0,0,0,0,0,0,0,100,0,0,0,0,0,100,0,100,0,0,100,0,0,0,100,0,100,0,0,0,100,0,"cluster_2","cluster_2","cluster_2","Increased responsibility and promotion path"
46.15384615384616,58.33333333333332,25.641025641025642,36.73469387755104,48.52941176470588,58.82352941176471,37.5,50,17.801276740899567,88.61013547415956,0,100,0,100,0,0,0,100,0,0,0,100,0,0,0,100,0,0,0,100,0,0,100,0,0,0,0,0,100,0,0,0,0,100,0,0,100,0,100,0,0,100,0,0,0,0,0,0,0,0,0,0,0,100,0,0,100,0,0,0,0,0,100,0,100,0,0,0,100,0,0,100,0,100,0,0,0,0,100,"cluster_1","cluster_1","cluster_1","Specialized skill improvement and regular feedback"
61.53846153846155,16.666666666666664,82.05128205128204,81.6326530612245,58.8235294117647,0,12.5,62.5,61.39738386461256,21.274460612142498,0,0,100,100,0,100,0,0,0,0,0,100,0,0,0,0,100,0,0,100,0,0,100,0,0,0,0,0,0,100,0,0,0,100,0,100,0,100,0,0,100,0,0,100,0,0,0,0,0,0,0,0,0,0,0,0,0,0,100,0,100,0,0,0,100,0,0,100,0,0,0,100,0,100,0,0,0,0,100,"cluster_1","cluster_1","cluster_1","Specialized skill improvement and regular feedback"
100,52.08333333333332,46.15384615384615,69.38775510204083,66.17647058823528,44.53781512605042,0,100,89.98830466351544,24.18464626191671,35.71428571428571,0,100,100,0,0,0,100,0,0,0,100,0,0,100,0,0,0,0,0,100,100,0,0,0,100,0,0,0,0,0,0,0,0,100,100,0,0,0,100,100,0,0,0,0,0,0,0,100,0,0,0,0,0,0,0,0,100,0,0,0,100,0,100,0,0,0,100,0,0,0,0,100,0,100,0,0,100,0,"cluster_2","cluster_2","cluster_2","Increased responsibility and promotion path"
23.07692307692308,45.83333333333332,64.10256410256409,59.18367346938777,69.11764705882351,82.3529411764706,37.5,12.5,14.978384512032973,83.44204716507777,0,0,100,100,0,0,0,0,100,0,0,100,0,0,0,0,0,0,100,100,0,0,0,100,0,0,0,0,100,0,0,0,0,100,0,0,100,0,100,0,100,0,0,0,0,0,0,0,100,0,0,0,0,0,0,0,0,0,100,0,0,100,0,0,0,0,100,0,0,0,100,0,100,0,0,100,0,0,100,"cluster_0","cluster_0","cluster_0","Time management training + Personal coaching"
65.38461538461539,79.16666666666666,100,38.77551020408164,48.52941176470588,92.43697478991596,100,87.5,33.6261808461019,70.3963873557451,50,0,100,0,100,0,0,0,100,100,0,0,0,100,0,0,0,0,0,100,0,0,100,0,0,0,100,0,0,0,0,0,0,0,100,0,100,0,0,100,100,0,0,0,0,0,0,0,0,100,0,0,0,0,0,0,0,100,0,0,0,100,0,100,0,0,0,100,0,0,0,0,100,0,100,0,0,100,0,"cluster_2","cluster_2","cluster_2","Increased responsibility and promotion path"
57.69230769230769,66.66666666666666,76.92307692307693,97.95918367346941,89.70588235294116,90.75630252100841,100,87.5,76.81852040070451,21.45007526342198,0,0,100,100,0,0,0,100,0,0,0,100,0,0,0,100,0,0,0,100,0,0,0,100,0,0,0,0,0,0,100,0,0,100,0,100,0,0,100,0,0,100,0,0,0,100,0,0,0,0,0,0,0,0,0,0,100,0,0,0,0,0,100,100,0,0,0,100,0,0,0,100,0,100,0,0,0,0,100,"cluster_1","cluster_1","cluster_1","Specialized skill improvement and regular feedback"
69.23076923076923,14.583333333333332,94.87179487179486,57.14285714285715,41.17647058823528,0,50,62.5,83.26487848684624,22.880080280983442,35.71428571428571,100,0,100,0,0,0,100,0,0,100,0,100,0,0,0,0,0,0,100,0,0,100,0,0,0,0,0,0,0,0,100,0,100,0,0,100,0,100,0,0,100,0,0,0,0,0,0,0,100,0,0,0,0,0,0,0,0,100,0,100,0,0,0,100,0,0,100,0,0,0,100,0,100,0,0,0,100,0,"cluster_2","cluster_2","cluster_2","Increased responsibility and promotion path"
84.61538461538461,6.249999999999999,56.4102564102564,100,91.17647058823528,30.252100840336134,50,75,86.84030992641685,79.02659307576518,64.28571428571428,100,0,100,0,0,0,0,100,0,100,0,0,0,0,0,0,100,0,100,0,0,0,100,0,0,0,0,0,0,100,0,0,100,0,0,100,0,100,0,0,100,0,0,0,0,0,0,0,0,0,100,0,0,0,0,0,0,100,100,0,0,0,100,0,0,0,100,0,0,0,100,0,100,0,0,0,100,0,"cluster_2","cluster_2","cluster_2","Increased responsibility and promotion path"
11.538461538461547,99.99999999999999,97.43589743589743,81.6326530612245,85.29411764705881,98.31932773109244,100,12.5,12.52271192576246,0.5268439538384353,0,100,0,0,100,0,0,0,100,0,0,100,100,0,0,0,0,0,0,100,0,0,100,0,0,0,0,0,0,0,0,100,0,100,0,100,0,0,100,0,0,100,0,100,0,0,0,0,0,0,0,0,0,0,0,0,100,0,0,0,0,100,0,0,0,0,100,0,0,0,100,100,0,100,0,0,0,0,100,"cluster_1","cluster_1","cluster_1","Specialized skill improvement and regular feedback"
34.61538461538463,6.249999999999999,17.94871794871795,38.77551020408164,49.99999999999999,21.84873949579832,12.5,25,20.14904592508023,5.469141996989466,0,100,0,0,100,0,100,0,0,100,0,0,0,0,100,0,0,0,0,0,100,0,100,0,0,100,0,0,0,0,0,0,0,0,100,100,0,100,0,0,0,100,0,0,0,100,0,0,0,0,0,0,0,0,0,0,100,0,0,100,0,0,0,0,0,100,0,0,100,0,0,100,0,100,0,0,0,0,100,"cluster_1","cluster_1","cluster_1","Specialized skill improvement and regular feedback"
7.692307692307693,60.41666666666666,30.769230769230766,73.46938775510206,69.11764705882351,71.42857142857143,0,0,2.242998461506332,88.2589061716006,0,100,0,0,100,0,0,0,100,0,0,100,0,0,0,100,0,0,0,0,100,0,0,100,0,100,0,0,0,0,0,0,0,100,0,0,100,100,0,0,0,100,0,0,0,0,0,0,0,0,100,0,0,0,0,0,100,0,0,0,0,100,0,0,0,0,100,0,0,100,0,0,100,0,0,100,0,0,100,"cluster_0","cluster_0","cluster_0","Time management training + Personal coaching"
3.846153846153854,85.41666666666666,46.15384615384615,93.87755102040818,95.58823529411762,31.092436974789916,0,0,7.694904870968417,84.39538384345208,0,0,100,0,100,100,0,0,0,100,0,0,0,0,0,100,0,0,0,100,0,0,100,0,0,0,0,100,0,0,0,0,0,100,0,0,100,0,0,100,100,0,0,0,0,0,0,0,0,0,0,100,0,0,0,0,100,0,0,100,0,0,0,0,0,0,100,0,0,100,0,100,0,100,0,0,0,0,100,"cluster_1","cluster_1","cluster_1","Specialized skill improvement and regular feedback"
84.61538461538461,20.833333333333332,64.10256410256409,65.30612244897961,69.11764705882351,99.15966386554622,37.5,62.5,36.07384769608833,9.006522829904666,64.28571428571428,100,0,0,100,100,0,0,0,0,0,100,0,0,0,0,0,100,0,100,0,0,0,100,0,0,0,100,0,0,0,0,0,0,100,100,0,0,100,0,0,100,0,0,0,0,0,0,100,0,0,0,0,0,0,0,100,0,0,0,0,0,100,0,100,0,0,100,0,0,0,0,100,0,0,100,0,100,0,"cluster_2","cluster_2","cluster_2","Increased responsibility and promotion path"
23.07692307692308,31.249999999999996,64.10256410256409,26.530612244897966,47.05882352941176,43.69747899159664,50,12.5,15.721177608999843,11.113898645258404,0,100,0,100,0,0,100,0,0,100,0,0,0,0,0,0,0,0,100,100,0,0,100,0,0,0,0,0,0,0,0,0,100,100,0,100,0,0,100,0,100,0,0,0,0,0,0,0,0,100,0,0,0,0,0,0,0,100,0,100,0,0,0,0,0,0,100,0,0,0,100,0,100,0,0,0,100,0,100,"cluster_0","cluster_0","cluster_0","Time management training + Personal coaching"
15.384615384615387,27.083333333333332,56.4102564102564,83.6734693877551,60.29411764705882,0,37.5,12.5,13.689460970295238,2.5840441545408943,0,0,100,0,100,0,100,0,0,100,0,0,0,0,100,0,0,0,0,100,0,0,0,100,0,0,0,0,0,0,0,100,0,100,0,0,100,0,0,100,100,0,0,0,0,0,0,0,100,0,0,0,0,0,0,0,100,0,0,0,100,0,0,0,0,0,100,0,0,0,100,100,0,100,0,0,0,0,100,"cluster_1","cluster_1","cluster_1","Specialized skill improvement and regular feedback"
19.23076923076924,35.41666666666666,30.769230769230766,18.367346938775526,38.23529411764705,89.07563025210084,12.5,12.5,16.334138547968287,14.927245358755647,0,100,0,0,100,0,100,0,0,0,100,0,0,0,0,100,0,0,0,100,0,0,100,0,0,0,0,0,0,0,100,0,0,0,100,100,0,0,100,0,100,0,0,0,0,100,0,0,0,0,0,0,0,0,0,0,100,0,0,0,0,0,100,0,0,0,100,0,0,0,100,100,0,100,0,0,0,0,100,"cluster_1","cluster_1","cluster_1","Specialized skill improvement and regular feedback"
42.30769230769232,4.166666666666666,41.025641025641015,59.18367346938777,61.764705882352935,74.78991596638656,12.5,37.5,21.907523303654095,20.346211741093832,0,0,100,0,100,0,0,0,100,0,0,100,0,0,0,0,100,0,0,100,0,100,0,0,0,0,0,100,0,0,0,0,0,100,0,100,0,0,0,100,100,0,0,0,100,0,0,0,0,0,0,0,0,0,0,0,0,100,0,100,0,0,0,0,0,100,0,0,100,0,0,100,0,100,0,0,0,0,100,"cluster_1","cluster_1","cluster_1","Specialized skill improvement and regular feedback"
30.769230769230774,16.666666666666664,94.87179487179486,81.6326530612245,58.8235294117647,0,37.5,37.5,26.938606444965785,13.52232814851982,0,100,0,100,0,0,0,0,100,100,0,0,0,0,100,0,0,0,0,0,100,100,0,0,0,0,0,0,0,0,0,0,100,100,0,100,0,0,0,100,100,0,0,100,0,0,0,0,0,0,0,0,0,0,0,0,0,0,100,0,100,0,0,0,0,100,0,0,100,0,0,100,0,100,0,0,0,0,100,"cluster_1","cluster_1","cluster_1","Specialized skill improvement and regular feedback"
84.61538461538461,16.666666666666664,66.66666666666666,28.571428571428584,39.70588235294117,68.0672268907563,75,100,98.3271491921168,9.508278976417463,64.28571428571428,100,0,100,0,0,100,0,0,100,0,0,0,0,0,0,0,0,100,100,0,0,0,100,0,0,100,0,0,0,0,0,0,100,0,100,0,0,0,100,0,100,0,0,0,0,0,0,0,0,0,100,0,0,0,0,100,0,0,0,0,0,100,100,0,0,0,100,0,0,0,0,100,0,0,100,0,100,0,"cluster_2","cluster_2","cluster_2","Increased responsibility and promotion path"
34.61538461538463,35.41666666666666,28.205128205128197,67.34693877551022,48.52941176470588,0,50,37.5,19.917575723822985,24.23482187656799,0,0,100,0,100,0,0,100,0,0,0,100,0,0,0,0,0,0,100,0,100,100,0,0,0,0,0,0,100,0,0,0,0,0,100,100,0,0,0,100,0,100,0,0,0,0,0,0,0,0,0,0,0,100,0,0,0,0,100,0,100,0,0,0,0,100,0,0,100,0,0,0,100,0,100,0,0,0,100,"cluster_0","cluster_0","cluster_0","Time management training + Personal coaching"
38.46153846153847,18.749999999999996,76.92307692307693,28.571428571428584,20.588235294117645,0,50,25,20.715364748306612,16.482689412945312,0,100,0,100,0,0,0,0,100,0,0,100,0,0,0,0,0,0,100,0,100,0,100,0,0,0,0,0,100,0,0,0,0,0,100,100,0,0,0,100,0,100,0,0,0,0,0,0,0,100,0,0,0,0,0,0,100,0,0,0,100,0,0,0,0,100,0,0,100,0,0,100,0,100,0,0,0,0,100,"cluster_1","cluster_1","cluster_1","Specialized skill improvement and regular feedback"
3.846153846153854,75,74.35897435897436,22.448979591836746,16.17647058823529,0,12.5,0,0.5586611624329088,7.175112895132967,0,0,100,100,0,0,100,0,0,0,100,0,0,0,0,0,0,100,0,0,100,0,0,100,0,0,0,0,0,0,100,0,0,100,0,0,100,0,0,100,0,100,0,0,0,0,0,0,0,100,0,0,0,0,0,0,0,0,100,0,100,0,0,0,0,0,100,0,0,100,0,0,100,0,100,0,0,0,100,"cluster_0","cluster_0","cluster_0","Time management training + Personal coaching"
61.53846153846155,4.166666666666666,74.35897435897436,18.367346938775526,33.8235294117647,52.94117647058824,100,62.5,86.7908832067499,64.24987456096338,0,100,0,0,100,100,0,0,0,100,0,0,0,0,0,100,0,0,0,100,0,0,0,100,0,100,0,0,0,0,0,0,0,0,100,0,100,0,100,0,100,0,0,0,0,0,0,0,0,0,0,0,0,0,0,100,100,0,0,100,0,0,0,0,100,0,0,100,0,0,0,0,100,0,0,0,100,0,100,"cluster_0","cluster_0","cluster_0","Time management training + Personal coaching"
53.846153846153854,49.99999999999999,76.92307692307693,87.75510204081634,89.70588235294116,47.05882352941177,75,100,82.85693401184851,88.33416959357751,0,100,0,100,0,100,0,0,0,100,0,0,0,100,0,0,0,0,0,0,100,100,0,0,0,0,0,0,0,0,0,0,100,100,0,0,100,100,0,0,100,0,0,0,0,0,0,0,0,100,0,0,0,0,0,0,0,100,0,0,0,0,100,100,0,0,0,100,0,0,0,100,0,100,0,0,0,0,100,"cluster_1","cluster_1","cluster_1","Specialized skill improvement and regular feedback"
7.692307692307693,81.24999999999999,20.512820512820518,77.55102040816327,80.88235294117646,85.71428571428572,37.5,0,0.27184695816828786,11.239337681886605,0,0,100,0,100,0,100,0,0,0,0,100,0,0,0,100,0,0,0,0,100,100,0,0,0,0,0,100,0,0,0,0,0,100,0,100,0,0,0,100,0,100,0,0,0,0,0,0,0,0,0,0,0,0,100,0,0,100,0,0,0,100,0,0,0,0,100,0,0,100,0,100,0,100,0,0,0,0,100,"cluster_1","cluster_1","cluster_1","Specialized skill improvement and regular feedback"
38.46153846153847,97.91666666666666,46.15384615384615,10.204081632653072,26.47058823529411,25.210084033613445,50,25,28.320118067206415,0.6522829904666345,0,100,0,0,100,100,0,0,0,100,0,0,0,0,0,0,0,100,0,100,0,0,100,0,0,0,0,0,0,100,0,0,0,0,100,100,0,100,0,0,0,100,100,0,0,0,0,0,0,0,0,0,0,0,0,0,0,0,100,0,0,100,0,0,0,100,0,0,100,0,0,100,0,100,0,0,0,0,100,"cluster_1","cluster_1","cluster_1","Specialized skill improvement and regular feedback"
69.23076923076923,35.41666666666666,23.076923076923073,73.46938775510206,70.58823529411765,49.57983193277311,50,75,38.42683801262818,15.127947817360765,64.28571428571428,0,100,100,0,0,100,0,0,0,0,100,0,0,0,100,0,0,0,0,100,100,0,0,0,0,0,0,0,0,0,0,100,0,100,100,0,0,0,100,0,100,0,0,100,0,0,0,0,0,0,0,0,0,0,0,0,100,0,100,0,0,0,100,0,0,0,100,0,0,0,0,100,0,100,0,0,100,0,"cluster_2","cluster_2","cluster_2","Increased responsibility and promotion path"
19.23076923076924,99.99999999999999,10.256410256410255,32.653061224489804,49.99999999999999,76.47058823529412,25,12.5,11.203157740850836,1.0787757150025108,0,0,100,100,0,100,0,0,0,0,0,100,0,100,0,0,0,0,0,100,0,0,100,0,0,100,0,0,0,0,0,0,0,100,0,100,0,100,0,0,0,100,100,0,0,0,0,0,0,0,0,0,0,0,0,0,0,100,0,100,0,0,0,0,0,0,100,0,0,0,100,0,100,0,0,0,100,0,100,"cluster_0","cluster_0","cluster_0","Time management training + Personal coaching"
38.46153846153847,2.083333333333333,7.692307692307693,22.448979591836746,32.35294117647059,34.45378151260504,0,25,23.490222559468698,81.4350225790266,0,0,100,100,0,100,0,0,0,0,100,0,100,0,0,0,0,0,0,100,0,0,100,0,0,0,0,100,0,0,0,0,0,100,0,0,100,0,0,100,100,0,0,0,0,0,0,0,0,100,0,0,0,0,0,0,0,100,0,100,0,0,0,0,0,100,0,0,100,0,0,0,100,0,100,0,0,0,100,"cluster_0","cluster_0","cluster_0","Time management training + Personal coaching"
50.000000000000014,85.41666666666666,58.97435897435897,46.938775510204096,51.47058823529411,84.87394957983193,0,100,84.70556294249099,10.436527847466133,0,100,0,100,0,0,0,100,0,0,0,100,0,0,0,0,0,100,0,100,0,0,100,0,0,0,0,100,0,0,0,0,0,0,100,100,0,0,0,100,0,100,0,0,0,0,0,0,0,0,0,0,0,0,0,100,0,100,0,100,0,0,0,100,0,0,0,100,0,0,0,100,0,100,0,0,0,0,100,"cluster_1","cluster_1","cluster_1","Specialized skill improvement and regular feedback"
11.538461538461547,95.83333333333333,58.97435897435897,57.14285714285715,41.17647058823528,0,25,12.5,12.823449149651578,18.33918715504265,0,0,100,0,100,100,0,0,0,0,100,0,0,0,0,100,0,0,0,100,0,0,0,100,0,0,0,100,0,0,0,0,0,0,100,100,0,0,0,100,100,0,0,0,0,0,0,0,0,100,0,0,0,0,0,0,0,0,100,0,100,0,0,0,0,0,100,0,0,0,100,0,100,0,0,0,100,0,100,"cluster_0","cluster_0","cluster_0","Time management training + Personal coaching"
76.92307692307693,33.33333333333333,69.23076923076923,46.938775510204096,57.35294117647059,69.74789915966387,100,87.5,68.48176432504683,4.164576016056197,100,100,0,100,0,0,0,0,100,100,0,0,0,0,100,0,0,0,0,0,100,100,0,0,0,0,100,0,0,0,0,0,0,100,0,100,0,0,100,0,0,100,0,0,0,0,0,0,0,0,100,0,0,0,0,0,0,100,0,0,0,100,0,100,0,0,0,100,0,0,0,100,0,100,0,0,0,100,0,"cluster_2","cluster_2","cluster_2","Increased responsibility and promotion path"
3.846153846153854,47.91666666666666,53.84615384615385,38.77551020408164,27.941176470588225,0,37.5,0,4.070046711730841,2.2328148519819386,0,100,0,0,100,0,0,100,0,100,0,0,0,0,0,0,0,0,100,100,0,0,0,100,0,0,0,0,0,0,100,0,0,100,0,0,100,100,0,0,0,100,0,0,0,100,0,0,0,0,0,0,0,0,0,0,0,0,100,0,100,0,0,0,0,0,100,0,0,100,0,100,0,100,0,0,0,0,100,"cluster_1","cluster_1","cluster_1","Specialized skill improvement and regular feedback"
76.92307692307693,93.74999999999999,66.66666666666666,16.32653061224491,39.70588235294117,21.84873949579832,87.5,75,97.62334055009852,24.360260913196186,57.14285714285714,0,100,0,100,0,0,100,0,100,0,0,0,0,100,0,0,0,0,100,0,0,0,100,0,0,0,0,0,100,0,0,0,100,0,100,0,0,100,0,100,0,0,0,0,0,100,0,0,0,0,0,0,0,0,0,100,0,0,100,0,0,0,100,0,0,0,100,0,0,0,100,0,100,0,0,0,100,0,"cluster_2","cluster_2","cluster_2","Increased responsibility and promotion path"
42.30769230769232,45.83333333333332,17.94871794871795,75.51020408163266,75,43.69747899159664,37.5,25,18.875437704929446,9.157049673858507,0,100,0,0,100,0,100,0,0,0,100,0,0,0,100,0,0,0,0,100,0,0,100,0,0,0,100,0,0,0,0,0,0,0,100,100,0,0,0,100,100,0,0,0,0,0,0,0,0,0,0,0,0,0,0,100,0,100,0,100,0,0,0,0,0,100,0,0,100,0,0,100,0,100,0,0,0,0,100,"cluster_1","cluster_1","cluster_1","Specialized skill improvement and regular feedback"
76.92307692307693,18.749999999999996,2.564102564102562,24.489795918367363,44.11764705882353,94.11764705882354,25,75,78.18854553175494,15.303562468640242,78.57142857142857,0,100,0,100,0,0,100,0,100,0,0,0,0,0,0,100,0,0,100,0,0,100,0,0,100,0,0,0,0,0,0,0,0,100,100,0,0,100,0,0,100,0,0,0,0,0,0,0,100,0,0,0,0,0,0,0,0,100,0,0,100,0,100,0,0,0,100,0,0,0,100,0,100,0,0,0,100,0,"cluster_2","cluster_2","cluster_2","Increased responsibility and promotion path"
30.769230769230774,49.99999999999999,79.48717948717947,75.51020408163266,54.41176470588234,0,0,37.5,18.180330950176476,8.830908178625188,0,100,0,0,100,100,0,0,0,0,0,100,0,0,100,0,0,0,0,100,0,100,0,0,0,0,0,0,0,100,0,0,0,0,100,100,0,0,0,100,100,0,0,0,0,0,0,0,0,0,0,0,0,100,0,0,100,0,0,0,100,0,0,0,0,100,0,0,100,0,0,0,100,0,0,100,0,0,100,"cluster_0","cluster_0","cluster_0","Time management training + Personal coaching"
96.15384615384616,68.75,100,55.102040816326536,39.70588235294117,0,37.5,62.5,45.73363871156376,3.7129954841946837,71.42857142857142,100,0,0,100,100,0,0,0,100,0,0,0,0,0,0,0,0,100,0,100,0,0,100,0,0,0,0,0,0,100,0,0,0,100,0,100,0,100,0,0,100,0,0,0,0,0,0,0,100,0,0,0,0,0,0,0,0,100,0,100,0,0,0,100,0,0,100,0,0,0,100,0,100,0,0,0,100,0,"cluster_2","cluster_2","cluster_2","Increased responsibility and promotion path"
65.38461538461539,14.583333333333332,82.05128205128204,34.69387755102042,48.52941176470588,83.19327731092437,100,100,77.95011382068544,77.34570998494732,35.71428571428571,0,100,100,0,0,0,0,100,0,0,100,0,0,0,0,100,0,0,0,100,0,100,0,0,0,0,0,0,100,0,0,0,100,0,0,100,0,0,100,0,100,0,0,0,0,0,0,0,0,0,100,0,0,0,0,0,100,0,0,0,100,0,100,0,0,0,100,0,0,0,0,100,0,0,0,100,100,0,"cluster_2","cluster_2","cluster_2","Increased responsibility and promotion path"
50.000000000000014,72.91666666666666,74.35897435897436,28.571428571428584,44.11764705882353,17.647058823529413,75,87.5,54.32971102772769,99.32262920220772,0,0,100,0,100,100,0,0,0,0,0,100,0,0,0,0,0,100,0,100,0,100,0,0,0,0,0,0,0,0,0,0,100,0,100,0,100,0,0,100,0,100,0,0,0,0,0,0,0,100,0,0,0,0,0,0,100,0,0,0,0,100,0,100,0,0,0,100,0,0,0,0,100,0,0,0,100,0,100,"cluster_0","cluster_0","cluster_0","Time management training + Personal coaching"
34.61538461538463,45.83333333333332,92.30769230769232,59.18367346938777,67.64705882352939,65.54621848739495,75,25,24.914895542545267,87.90767686904164,0,0,100,100,0,0,0,100,0,0,100,0,100,0,0,0,0,0,0,0,100,100,0,0,0,0,0,0,0,0,0,100,0,0,100,0,100,0,100,0,100,0,0,0,0,0,0,0,0,100,0,0,0,0,0,0,100,0,0,0,0,0,100,0,0,100,0,0,100,0,0,100,0,100,0,0,0,0,100,"cluster_1","cluster_1","cluster_1","Specialized skill improvement and regular feedback"
61.53846153846155,83.33333333333333,35.89743589743589,26.530612244897966,19.117647058823522,0,12.5,50,93.50978440204113,9.282488710486705,0,0,100,0,100,0,100,0,0,0,0,100,0,0,0,100,0,0,0,100,0,100,0,0,0,0,0,100,0,0,0,0,0,0,100,0,100,0,0,100,100,0,0,0,0,100,0,0,0,0,0,0,0,0,0,0,0,0,100,0,100,0,0,0,100,0,0,100,0,0,0,100,0,100,0,0,0,0,100,"cluster_1","cluster_1","cluster_1","Specialized skill improvement and regular feedback"
76.92307692307693,31.249999999999996,66.66666666666666,30.6122448979592,45.588235294117645,90.75630252100841,87.5,50,79.70337006690012,88.66031108881083,0,100,0,100,0,100,0,0,0,0,100,0,0,0,0,0,100,0,0,0,100,0,0,100,0,100,0,0,0,0,0,0,0,0,100,0,100,0,100,0,100,0,0,0,0,0,0,0,0,0,100,0,0,0,0,0,0,100,0,0,0,0,100,0,100,0,0,100,0,0,0,100,0,100,0,0,0,0,100,"cluster_1","cluster_1","cluster_1","Specialized skill improvement and regular feedback"
26.923076923076934,8.333333333333332,46.15384615384615,30.6122448979592,22.05882352941176,0,25,25,17.037947189986568,3.537380832915206,0,0,100,100,0,0,0,0,100,100,0,0,0,0,0,0,0,100,0,100,0,0,0,100,0,0,0,0,0,0,0,100,0,0,100,0,100,0,0,100,0,100,0,0,0,0,0,0,0,0,0,0,100,0,0,0,0,0,100,0,100,0,0,0,0,100,0,0,0,0,100,0,100,0,0,0,100,0,100,"cluster_0","cluster_0","cluster_0","Time management training + Personal coaching"
57.69230769230769,66.66666666666666,7.692307692307693,83.6734693877551,60.29411764705882,0,12.5,50,71.65168781805399,6.146512794781737,0,0,100,100,0,0,100,0,0,100,0,0,0,100,0,0,0,0,0,100,0,100,0,0,0,0,0,0,0,100,0,0,0,0,100,0,100,0,100,0,0,100,0,0,0,0,0,0,0,0,0,0,0,100,0,0,0,0,100,0,100,0,0,0,100,0,0,100,0,0,0,0,100,0,0,100,0,0,100,"cluster_0","cluster_0","cluster_0","Time management training + Personal coaching"
34.61538461538463,35.41666666666666,71.7948717948718,87.75510204081634,82.35294117647058,80.67226890756302,100,37.5,25.59294659825823,4.239839438033117,0,100,0,100,0,100,0,0,0,0,100,0,0,0,100,0,0,0,0,100,0,0,0,100,0,0,0,0,0,0,100,0,0,100,0,100,0,100,0,0,0,100,0,0,0,0,0,0,0,0,0,100,0,0,0,0,0,0,100,0,0,0,100,0,0,100,0,0,100,0,0,100,0,100,0,0,0,0,100,"cluster_1","cluster_1","cluster_1","Specialized skill improvement and regular feedback"
46.15384615384616,47.91666666666666,58.97435897435897,32.653061224489804,47.05882352941176,31.092436974789916,50,100,27.71725131746573,65.98093326643252,0,0,100,0,100,0,0,100,0,0,0,100,0,100,0,0,0,0,0,0,100,0,100,0,0,100,0,0,0,0,0,0,0,0,100,0,100,0,0,100,100,0,0,0,0,0,0,0,0,100,0,0,0,0,0,0,0,100,0,100,0,0,0,100,0,0,0,0,100,0,0,0,100,0,0,0,100,0,100,"cluster_0","cluster_0","cluster_0","Time management training + Personal coaching"
50.000000000000014,97.91666666666666,38.46153846153846,4.081632653061234,23.529411764705877,73.94957983193278,0,87.5,34.69338030031953,11.214249874560965,0,0,100,0,100,0,100,0,0,100,0,0,0,0,0,0,100,0,0,0,100,100,0,0,0,0,0,0,0,100,0,0,0,0,100,100,0,0,0,100,100,0,100,0,0,0,0,0,0,0,0,0,0,0,0,0,0,100,0,100,0,0,0,100,0,0,0,100,0,0,0,0,100,0,0,0,100,0,100,"cluster_0","cluster_0","cluster_0","Time management training + Personal coaching"
15.384615384615387,27.083333333333332,79.48717948717947,65.30612244897961,73.52941176470588,69.74789915966387,100,12.5,15.490403558723818,83.69292523833417,0,100,0,0,100,100,0,0,0,0,0,100,0,0,100,0,0,0,0,0,100,0,100,0,100,0,0,0,0,0,0,0,0,100,0,0,100,0,0,100,100,0,0,0,0,0,0,0,0,0,0,0,100,0,0,0,0,100,0,100,0,0,0,0,0,0,100,0,0,0,100,0,100,0,100,0,0,0,100,"cluster_0","cluster_0","cluster_0","Time management training + Personal coaching"
53.846153846153854,58.33333333333332,71.7948717948718,69.38775510204083,70.58823529411765,53.78151260504202,100,62.5,60.99535667295523,98.09332664325137,0,100,0,0,100,0,0,0,100,0,100,0,100,0,0,0,0,0,0,0,100,100,0,0,100,0,0,0,0,0,0,0,0,0,100,0,100,0,0,100,0,100,0,0,0,0,0,0,0,0,0,100,0,0,0,0,0,100,0,100,0,0,0,0,100,0,0,100,0,0,0,100,0,100,0,0,0,0,100,"cluster_1","cluster_1","cluster_1","Specialized skill improvement and regular feedback"
26.923076923076934,22.916666666666664,30.769230769230766,12.244897959183689,32.35294117647059,72.26890756302521,50,25,12.71798227599602,80.03010536879077,0,100,0,0,100,100,0,0,0,0,100,0,0,100,0,0,0,0,0,0,100,0,100,0,0,0,0,0,100,0,0,0,0,0,100,0,100,100,0,0,100,0,0,0,0,0,0,0,0,0,0,100,0,0,0,0,0,0,100,0,0,0,100,0,0,100,0,0,0,0,100,0,100,0,100,0,0,0,100,"cluster_0","cluster_0","cluster_0","Time management training + Personal coaching"
73.0769230769231,60.41666666666666,33.333333333333336,42.85714285714286,54.41176470588234,35.294117647058826,25,87.5,85.73273371528819,3.2614149523331672,71.42857142857142,100,0,100,0,100,0,0,0,0,0,100,0,0,0,0,0,0,100,0,100,100,0,0,0,0,0,0,100,0,0,0,0,0,100,100,0,0,0,100,100,0,100,0,0,0,0,0,0,0,0,0,0,0,0,0,0,100,0,100,0,0,0,100,0,0,0,100,0,0,0,100,0,100,0,0,0,100,0,"cluster_2","cluster_2","cluster_2","Increased responsibility and promotion path"
30.769230769230774,31.249999999999996,41.025641025641015,95.91836734693878,69.11764705882351,0,0,37.5,29.784819731703415,20.747616658304068,0,100,0,100,0,100,0,0,0,100,0,0,0,0,100,0,0,0,0,0,100,0,100,0,0,0,0,0,0,0,100,0,0,100,0,0,100,0,100,0,100,0,0,0,0,0,0,0,0,100,0,0,0,0,0,0,0,0,100,0,100,0,0,0,0,100,0,0,100,0,0,0,100,0,0,0,100,0,100,"cluster_0","cluster_0","cluster_0","Time management training + Personal coaching"
50.000000000000014,75,82.05128205128204,63.26530612244899,61.764705882352935,86.5546218487395,75,62.5,83.70206130305542,18.916206723532362,0,100,0,100,0,0,100,0,0,0,100,0,0,0,0,0,100,0,0,100,0,0,0,100,100,0,0,0,0,0,0,0,0,0,100,100,0,0,0,100,100,0,100,0,0,0,0,0,0,0,0,0,0,0,0,0,100,0,0,0,0,0,100,0,100,0,0,100,0,0,0,0,100,0,100,0,0,0,100,"cluster_0","cluster_0","cluster_0","Time management training + Personal coaching"
65.38461538461539,62.49999999999999,23.076923076923073,53.06122448979593,66.17647058823528,63.865546218487395,25,50,90.30609758644457,67.68690416457602,0,0,100,100,0,0,0,0,100,0,100,0,0,100,0,0,0,0,0,100,0,0,100,0,0,0,0,0,100,0,0,0,0,0,100,0,100,100,0,0,0,100,100,0,0,0,0,0,0,0,0,0,0,0,0,0,0,100,0,0,0,100,0,0,100,0,0,100,0,0,0,0,100,0,0,100,0,0,100,"cluster_0","cluster_0","cluster_0","Time management training + Personal coaching"
80.76923076923077,97.91666666666666,100,22.448979591836746,35.29411764705882,16.80672268907563,75,100,82.36266681517888,94.95735072754641,85.71428571428571,100,0,100,0,0,0,0,100,100,0,0,0,0,0,0,100,0,0,0,100,0,0,100,100,0,0,0,0,0,0,0,0,0,100,0,100,0,0,100,100,0,0,0,0,0,0,100,0,0,0,0,0,0,0,0,0,100,0,0,0,100,0,100,0,0,0,100,0,0,0,100,0,100,0,0,0,100,0,"cluster_2","cluster_2","cluster_2","Increased responsibility and promotion path"
88.46153846153848,87.49999999999999,12.820512820512825,85.71428571428574,77.94117647058823,81.5126050420168,0,75,84.43023522941657,12.067235323632714,92.85714285714285,0,100,0,100,0,100,0,0,0,0,100,100,0,0,0,0,0,0,100,0,0,0,100,0,0,100,0,0,0,0,0,0,100,0,100,0,0,100,0,0,100,0,0,0,0,0,0,0,0,0,0,0,0,100,0,100,0,0,0,0,100,0,100,0,0,0,100,0,0,0,100,0,100,0,0,0,100,0,"cluster_2","cluster_2","cluster_2","Increased responsibility and promotion path"
61.53846153846155,31.249999999999996,10.256410256410255,73.46938775510206,76.47058823529412,89.91596638655463,37.5,100,62.24842843915989,72.8549924736578,0,100,0,100,0,100,0,0,0,0,100,0,0,0,0,0,100,0,0,100,0,100,0,0,0,0,100,0,0,0,0,0,0,0,100,0,100,0,100,0,0,100,0,0,0,0,0,0,0,0,0,0,0,0,100,0,0,0,100,100,0,0,0,100,0,0,0,100,0,0,0,100,0,100,0,0,0,0,100,"cluster_1","cluster_1","cluster_1","Specialized skill improvement and regular feedback"
50.000000000000014,62.49999999999999,7.692307692307693,69.38775510204083,69.11764705882351,9.243697478991598,37.5,50,50.07692468342535,94.88208730556948,0,100,0,0,100,0,100,0,0,100,0,0,0,0,0,0,0,0,100,100,0,0,100,0,0,0,0,100,0,0,0,0,0,0,100,0,100,0,100,0,0,100,0,0,0,0,0,0,0,0,0,0,0,100,0,0,0,100,0,100,0,0,0,0,100,0,0,100,0,0,0,0,100,0,0,0,100,0,100,"cluster_0","cluster_0","cluster_0","Time management training + Personal coaching"
69.23076923076923,24.999999999999996,61.53846153846154,100,92.64705882352939,10.084033613445378,25,62.5,53.42262629919177,16.733567486201707,35.71428571428571,0,100,100,0,0,0,0,100,0,100,0,0,0,0,0,100,0,0,100,0,100,0,0,0,0,0,0,0,0,0,100,0,100,0,100,0,0,100,0,0,100,0,0,0,100,0,0,0,0,0,0,0,0,0,0,100,0,0,0,0,0,100,0,100,0,0,100,0,0,0,0,100,0,100,0,0,100,0,"cluster_2","cluster_2","cluster_2","Increased responsibility and promotion path"
96.15384615384616,35.41666666666666,87.17948717948718,32.653061224489804,49.99999999999999,47.05882352941177,87.5,75,79.08971297695045,66.53286502759659,57.14285714285714,0,100,100,0,100,0,0,0,100,0,0,0,0,0,100,0,0,0,100,0,0,100,0,100,0,0,0,0,0,0,0,0,100,0,0,100,100,0,0,0,100,0,0,0,0,0,0,0,100,0,0,0,0,0,0,100,0,0,0,0,0,100,100,0,0,0,100,0,0,0,100,0,100,0,0,0,100,0,"cluster_2","cluster_2","cluster_2","Increased responsibility and promotion path"
11.538461538461547,22.916666666666664,51.28205128205128,95.91836734693878,95.58823529411762,47.05882352941177,0,12.5,10.475331889980302,94.85699949824385,0,100,0,0,100,0,0,0,100,0,100,0,0,0,0,0,0,100,0,0,100,100,0,0,0,0,0,100,0,0,0,0,0,100,0,0,100,100,0,0,100,0,0,0,0,0,0,0,0,0,0,0,0,0,0,100,100,0,0,0,0,0,100,0,0,0,100,0,0,0,100,100,0,100,0,0,0,0,100,"cluster_1","cluster_1","cluster_1","Specialized skill improvement and regular feedback"
73.0769230769231,97.91666666666666,79.48717948717947,73.46938775510206,76.47058823529412,51.260504201680675,75,62.5,92.53099612243905,21.57551430005018,100,100,0,100,0,0,0,100,0,100,0,0,100,0,0,0,0,0,0,100,0,0,0,100,0,0,0,0,0,0,0,0,100,0,100,100,0,100,0,0,0,100,100,0,0,0,0,0,0,0,0,0,0,0,0,0,100,0,0,100,0,0,0,0,100,0,0,100,0,0,0,100,0,100,0,0,0,100,0,"cluster_2","cluster_2","cluster_2","Increased responsibility and promotion path"
23.07692307692308,16.666666666666664,61.53846153846154,57.14285714285715,67.64705882352939,41.1764705882353,12.5,12.5,13.321545176717928,80.75765178123432,0,100,0,0,100,0,0,0,100,100,0,0,0,0,0,100,0,0,0,0,100,0,100,0,0,100,0,0,0,0,0,0,0,0,100,0,100,0,0,100,0,100,0,0,0,0,100,0,0,0,0,0,0,0,0,0,0,0,100,100,0,0,0,0,0,0,100,0,0,0,100,0,100,0,0,0,100,0,100,"cluster_0","cluster_0","cluster_0","Time management training + Personal coaching"
38.46153846153847,43.74999999999999,15.38461538461538,59.18367346938777,66.17647058823528,89.91596638655463,25,25,24.04366258954242,95.53437029603613,0,100,0,100,0,0,0,100,0,0,100,0,100,0,0,0,0,0,0,100,0,0,100,0,100,0,0,0,0,0,0,0,0,0,100,0,100,0,0,100,0,100,100,0,0,0,0,0,0,0,0,0,0,0,0,0,0,100,0,0,0,0,100,0,0,100,0,0,100,0,0,0,100,0,100,0,0,0,100,"cluster_0","cluster_0","cluster_0","Time management training + Personal coaching"
30.769230769230774,66.66666666666666,69.23076923076923,51.020408163265316,55.88235294117646,67.22689075630252,75,37.5,26.09835221062744,5.945810336176619,0,0,100,100,0,0,0,100,0,0,0,100,0,100,0,0,0,0,0,0,100,0,0,100,0,0,0,0,100,0,0,0,0,0,100,100,0,0,0,100,0,100,0,0,0,0,0,0,0,0,0,0,0,0,0,100,100,0,0,0,0,0,100,0,0,100,0,0,100,0,0,100,0,100,0,0,0,0,100,"cluster_1","cluster_1","cluster_1","Specialized skill improvement and regular feedback"
3.846153846153854,10.416666666666664,25.641025641025642,71.42857142857143,70.58823529411765,26.050420168067227,50,0,3.4720530188587304,65.90566984445559,0,100,0,100,0,0,0,0,100,0,0,100,0,0,0,0,100,0,0,100,0,100,0,0,0,0,0,0,0,0,0,100,0,0,100,0,100,0,0,100,0,100,0,0,0,0,100,0,0,0,0,0,0,0,0,0,100,0,0,0,0,100,0,0,0,0,100,0,0,100,0,0,100,0,100,0,0,0,100,"cluster_0","cluster_0","cluster_0","Time management training + Personal coaching"
92.30769230769232,12.5,79.48717948717947,77.55102040816327,73.52941176470588,35.294117647058826,75,100,34.32650873321406,84.69643753135976,42.857142857142854,100,0,0,100,100,0,0,0,0,100,0,0,0,0,0,0,0,100,0,100,0,100,0,0,0,0,0,0,0,0,0,100,0,100,0,100,0,100,0,100,0,0,0,0,0,0,0,100,0,0,0,0,0,0,0,0,0,100,0,0,0,100,100,0,0,0,100,0,0,0,0,100,0,0,100,0,100,0,"cluster_2","cluster_2","cluster_2","Increased responsibility and promotion path"
0,2.083333333333333,17.94871794871795,97.95918367346941,70.58823529411765,0,37.5,0,9.00749754606779,2.558956347215254,0,0,100,100,0,0,0,0,100,0,0,100,0,0,0,0,100,0,0,0,100,0,100,0,100,0,0,0,0,0,0,0,0,100,0,100,0,100,0,0,0,100,0,0,0,0,0,0,100,0,0,0,0,0,0,0,0,0,100,0,100,0,0,0,0,0,100,0,0,100,0,0,100,0,100,0,0,0,100,"cluster_0","cluster_0","cluster_0","Time management training + Personal coaching"
0,89.58333333333333,66.66666666666666,12.244897959183689,30.88235294117647,97.47899159663865,75,0,4.26670936392685,6.372303060712495,0,100,0,100,0,100,0,0,0,0,100,0,0,0,0,0,0,0,100,0,100,100,0,0,0,0,0,0,0,0,0,0,100,100,0,100,0,0,100,0,100,0,0,0,0,0,0,0,0,100,0,0,0,0,0,0,0,100,0,100,0,0,0,0,0,0,100,0,0,100,0,100,0,100,0,0,0,0,100,"cluster_1","cluster_1","cluster_1","Specialized skill improvement and regular feedback"
96.15384615384616,99.99999999999999,46.15384615384615,44.89795918367348,57.35294117647059,58.82352941176471,12.5,50,61.9737968770667,24.08429503261415,0,0,100,100,0,0,100,0,0,0,100,0,0,100,0,0,0,0,0,100,0,100,0,0,0,0,100,0,0,0,0,0,0,100,0,100,0,100,0,0,100,0,0,0,0,0,100,0,0,0,0,0,0,0,0,0,0,0,100,0,0,0,100,0,100,0,0,100,0,0,0,0,100,0,100,0,0,0,100,"cluster_0","cluster_0","cluster_0","Time management training + Personal coaching"
46.15384615384616,29.166666666666664,69.23076923076923,93.87755102040818,94.11764705882351,100,75,50,29.638628025646206,24.385348720521826,0,0,100,0,100,100,0,0,0,100,0,0,0,100,0,0,0,0,0,0,100,0,100,0,100,0,0,0,0,0,0,0,0,100,0,100,0,0,0,100,100,0,0,0,0,0,0,0,0,0,0,0,0,100,0,0,0,100,0,100,0,0,0,0,100,0,0,0,100,0,0,100,0,100,0,0,0,0,100,"cluster_1","cluster_1","cluster_1","Specialized skill improvement and regular feedback"
23.07692307692308,27.083333333333332,2.564102564102562,18.367346938775526,27.941176470588225,23.529411764705884,50,12.5,10.787207529569015,67.8625188158555,0,0,100,0,100,100,0,0,0,0,100,0,0,0,0,100,0,0,0,0,100,0,100,0,0,0,100,0,0,0,0,0,0,100,0,0,100,100,0,0,100,0,0,0,0,0,100,0,0,0,0,0,0,0,0,0,0,0,100,100,0,0,0,0,0,0,100,0,0,0,100,100,0,100,0,0,0,0,100,"cluster_1","cluster_1","cluster_1","Specialized skill improvement and regular feedback"
30.769230769230774,81.24999999999999,94.87179487179486,16.32653061224491,29.41176470588234,57.142857142857146,75,25,25.82058796911874,12.293025589563472,0,0,100,0,100,0,0,0,100,100,0,0,0,0,0,0,0,0,100,0,100,0,0,100,100,0,0,0,0,0,0,0,0,100,0,100,0,0,100,0,100,0,100,0,0,0,0,0,0,0,0,0,0,0,0,0,0,0,100,0,0,100,0,0,0,100,0,0,100,0,0,0,100,0,0,100,0,0,100,"cluster_0","cluster_0","cluster_0","Time management training + Personal coaching"
38.46153846153847,49.99999999999999,94.87179487179486,87.75510204081634,82.35294117647058,15.966386554621849,87.5,37.5,21.24757217345298,13.773206221776219,0,100,0,0,100,0,0,100,0,0,100,0,0,0,100,0,0,0,0,100,0,0,100,0,100,0,0,0,0,0,0,0,0,100,0,100,0,0,0,100,100,0,0,0,0,0,0,0,0,0,0,0,0,0,0,100,0,0,100,100,0,0,0,0,0,100,0,0,100,0,0,0,100,0,100,0,0,0,100,"cluster_0","cluster_0","cluster_0","Time management training + Personal coaching"
42.30769230769232,29.166666666666664,48.71794871794871,20.40816326530613,14.705882352941174,0,50,25,24.63643515005535,4.6663321625689935,0,0,100,0,100,100,0,0,0,100,0,0,0,0,100,0,0,0,0,0,100,0,100,0,0,0,0,0,0,0,0,100,0,0,100,0,100,0,0,100,0,100,0,0,0,0,0,0,100,0,0,0,0,0,0,0,100,0,0,0,100,0,0,0,0,100,0,0,100,0,0,0,100,0,0,0,100,0,100,"cluster_0","cluster_0","cluster_0","Time management training + Personal coaching"
30.769230769230774,43.74999999999999,43.589743589743584,40.81632653061226,47.05882352941176,95.7983193277311,50,37.5,26.36149728153042,84.69643753135976,0,0,100,0,100,0,0,0,100,0,100,0,0,0,0,0,0,100,0,100,0,100,0,0,0,100,0,0,0,0,0,0,0,0,100,0,100,100,0,0,100,0,0,0,0,100,0,0,0,0,0,0,0,0,0,0,0,100,0,100,0,0,0,0,0,100,0,0,100,0,0,100,0,100,0,0,0,0,100,"cluster_1","cluster_1","cluster_1","Specialized skill improvement and regular feedback"
38.46153846153847,10.416666666666664,87.17948717948718,93.87755102040818,83.8235294117647,31.932773109243698,100,25,29.05281697494553,73.15604616156548,0,0,100,0,100,100,0,0,0,0,0,100,0,100,0,0,0,0,0,0,100,0,100,0,0,0,0,0,0,100,0,0,0,100,0,0,100,0,0,100,0,100,100,0,0,0,0,0,0,0,0,0,0,0,0,0,0,0,100,0,0,0,100,0,0,100,0,0,100,0,0,100,0,100,0,0,0,0,100,"cluster_1","cluster_1","cluster_1","Specialized skill improvement and regular feedback"
38.46153846153847,29.166666666666664,46.15384615384615,55.102040816326536,55.88235294117646,9.243697478991598,25,37.5,21.5792881160066,15.654791771199198,0,0,100,0,100,0,100,0,0,0,100,0,0,0,0,0,0,100,0,0,100,0,100,0,0,0,100,0,0,0,0,0,0,0,100,100,0,100,0,0,100,0,0,0,0,0,0,0,0,0,0,0,0,0,0,100,0,0,100,0,0,0,100,0,0,100,0,0,100,0,0,100,0,100,0,0,0,0,100,"cluster_1","cluster_1","cluster_1","Specialized skill improvement and regular feedback"
65.38461538461539,75,87.17948717948718,75.51020408163266,73.52941176470588,82.3529411764706,75,87.5,70.70875131398499,16.23181133968891,85.71428571428571,0,100,0,100,0,0,0,100,100,0,0,0,0,0,0,100,0,0,0,100,0,100,0,0,0,0,0,0,0,0,0,100,0,100,100,0,0,100,0,100,0,0,0,0,0,0,0,0,100,0,0,0,0,0,0,0,100,0,100,0,0,0,100,0,0,0,100,0,0,0,0,100,0,0,100,0,100,0,"cluster_2","cluster_2","cluster_2","Increased responsibility and promotion path"
23.07692307692308,85.41666666666666,84.61538461538461,87.75510204081634,63.23529411764705,0,12.5,12.5,16.274965714564175,21.57551430005018,0,0,100,0,100,0,0,0,100,100,0,0,0,0,0,0,0,0,100,0,100,0,100,0,0,0,100,0,0,0,0,0,0,0,100,0,100,0,0,100,0,100,0,0,0,0,0,0,0,100,0,0,0,0,0,0,100,0,0,0,100,0,0,0,0,0,100,0,0,0,100,0,100,0,0,100,0,0,100,"cluster_0","cluster_0","cluster_0","Time management training + Personal coaching"
11.538461538461547,24.999999999999996,0,59.18367346938777,60.29411764705882,94.95798319327731,0,12.5,11.11961962310386,11.113898645258404,0,100,0,100,0,0,0,100,0,100,0,0,0,100,0,0,0,0,0,0,100,0,0,100,0,0,0,0,0,0,0,0,100,100,0,100,0,100,0,0,100,0,0,0,0,0,0,0,0,0,0,100,0,0,0,0,100,0,0,0,0,100,0,0,0,0,100,0,0,0,100,0,100,0,0,0,100,0,100,"cluster_0","cluster_0","cluster_0","Time management training + Personal coaching"
15.384615384615387,18.749999999999996,87.17948717948718,69.38775510204083,49.99999999999999,0,50,12.5,16.777934798499103,4.867034621174112,0,100,0,0,100,0,100,0,0,0,0,100,0,0,0,0,100,0,0,100,0,0,0,100,0,0,0,100,0,0,0,0,0,0,100,0,100,100,0,0,0,100,0,100,0,0,0,0,0,0,0,0,0,0,0,0,100,0,0,0,100,0,0,0,0,0,100,0,0,0,100,0,100,0,100,0,0,0,100,"cluster_0","cluster_0","cluster_0","Time management training + Personal coaching"
88.46153846153848,52.08333333333332,56.4102564102564,4.081632653061234,19.117647058823522,40.33613445378151,0,75,75.37992439800345,80.28098344204716,92.85714285714285,100,0,0,100,0,0,0,100,100,0,0,0,0,0,100,0,0,0,0,100,100,0,0,0,0,0,0,100,0,0,0,0,0,100,0,100,0,0,100,100,0,0,100,0,0,0,0,0,0,0,0,0,0,0,0,0,100,0,0,0,0,100,100,0,0,0,100,0,0,0,0,100,0,0,0,100,100,0,"cluster_2","cluster_2","cluster_2","Increased responsibility and promotion path"
80.76923076923077,0,76.92307692307693,59.18367346938777,69.11764705882351,63.02521008403362,75,62.5,81.46567627587072,17.059708981435023,85.71428571428571,0,100,0,100,0,100,0,0,100,0,0,0,0,0,100,0,0,0,100,0,0,100,0,100,0,0,0,0,0,0,0,0,0,100,100,0,0,100,0,100,0,100,0,0,0,0,0,0,0,0,0,0,0,0,0,0,100,0,100,0,0,0,0,100,0,0,100,0,0,0,100,0,100,0,0,0,100,0,"cluster_2","cluster_2","cluster_2","Increased responsibility and promotion path"
96.15384615384616,99.99999999999999,12.820512820512825,36.73469387755104,26.47058823529411,0,37.5,87.5,71.74740857797241,24.661314601103868,78.57142857142857,100,0,0,100,0,100,0,0,0,100,0,0,0,0,0,0,0,100,100,0,100,0,0,100,0,0,0,0,0,0,0,0,0,100,0,100,0,0,100,100,0,0,100,0,0,0,0,0,0,0,0,0,0,0,0,0,100,0,0,100,0,0,100,0,0,0,100,0,0,0,100,0,100,0,0,0,100,0,"cluster_2","cluster_2","cluster_2","Increased responsibility and promotion path"
11.538461538461547,99.99999999999999,94.87179487179486,75.51020408163266,72.05882352941177,89.07563025210084,100,12.5,15.011103608150536,63.42197691921726,0,100,0,0,100,100,0,0,0,0,0,100,0,0,0,0,0,100,0,100,0,0,100,0,0,0,0,100,0,0,0,0,0,0,100,0,100,0,100,0,100,0,0,0,0,0,0,0,0,100,0,0,0,0,0,0,100,0,0,0,0,100,0,0,0,0,100,0,0,0,100,0,100,0,0,100,0,0,100,"cluster_0","cluster_0","cluster_0","Time management training + Personal coaching"
100,56.24999999999999,82.05128205128204,16.32653061224491,27.941176470588225,35.294117647058826,100,100,54.167855924592935,24.71149021575514,35.71428571428571,0,100,100,0,0,0,100,0,0,100,0,100,0,0,0,0,0,0,0,100,0,100,0,0,0,0,0,0,0,100,0,0,0,100,100,0,100,0,0,100,0,0,0,100,0,0,0,0,0,0,0,0,0,0,0,100,0,0,100,0,0,0,100,0,0,0,100,0,0,0,0,100,0,0,0,100,100,0,"cluster_2","cluster_2","cluster_2","Increased responsibility and promotion path"
92.30769230769232,54.16666666666666,92.30769230769232,67.34693877551022,73.52941176470588,37.81512605042017,87.5,100,34.76055887000773,91.14400401404917,57.14285714285714,100,0,100,0,100,0,0,0,0,0,100,0,0,100,0,0,0,0,0,100,0,0,100,0,0,0,0,0,0,0,100,0,100,0,0,100,100,0,0,100,0,0,0,0,100,0,0,0,0,0,0,0,0,0,0,0,100,0,100,0,0,0,100,0,0,0,100,0,0,0,100,0,100,0,0,0,100,0,"cluster_2","cluster_2","cluster_2","Increased responsibility and promotion path"
50.000000000000014,10.416666666666664,100,30.6122448979592,22.05882352941176,0,50,87.5,38.191538980974194,24.962368289011543,0,0,100,0,100,100,0,0,0,0,0,100,0,0,0,0,100,0,0,100,0,0,100,0,0,0,100,0,0,0,0,0,0,100,0,100,0,100,0,0,100,0,0,0,0,0,0,0,100,0,0,0,0,0,0,0,0,0,100,0,100,0,0,100,0,0,0,100,0,0,0,100,0,100,0,0,0,0,100,"cluster_1","cluster_1","cluster_1","Specialized skill improvement and regular feedback"
80.76923076923077,62.49999999999999,69.23076923076923,93.87755102040818,67.64705882352939,0,37.5,75,48.93697745166972,18.21374811841445,100,100,0,0,100,100,0,0,0,0,100,0,0,0,100,0,0,0,0,0,100,0,0,100,0,0,0,0,0,0,0,100,0,0,100,100,0,0,0,100,100,0,0,0,100,0,0,0,0,0,0,0,0,0,0,0,0,0,100,0,100,0,0,100,0,0,0,100,0,0,0,0,100,0,100,0,0,100,0,"cluster_2","cluster_2","cluster_2","Increased responsibility and promotion path"
30.769230769230774,16.666666666666664,15.38461538461538,89.79591836734694,79.41176470588235,14.285714285714286,50,25,29.6863143678601,91.97190165579528,0,0,100,0,100,0,0,0,100,0,0,100,100,0,0,0,0,0,0,100,0,100,0,0,0,0,0,100,0,0,0,0,0,0,100,0,100,0,100,0,0,100,0,0,0,0,0,0,0,0,0,0,100,0,0,0,0,0,100,0,0,100,0,0,0,100,0,0,100,0,0,100,0,100,0,0,0,0,100,"cluster_1","cluster_1","cluster_1","Specialized skill improvement and regular feedback"
38.46153846153847,10.416666666666664,7.692307692307693,34.69387755102042,44.11764705882353,99.15966386554622,12.5,37.5,24.81917478262686,17.034621174109382,0,100,0,0,100,0,0,100,0,0,0,100,100,0,0,0,0,0,0,0,100,100,0,0,0,100,0,0,0,0,0,0,0,100,0,100,0,100,0,0,100,0,0,0,0,0,0,0,0,0,0,100,0,0,0,0,0,0,100,0,0,0,100,0,0,100,0,0,100,0,0,0,100,0,100,0,0,0,100,"cluster_0","cluster_0","cluster_0","Time management training + Personal coaching"
7.692307692307693,10.416666666666664,87.17948717948718,81.6326530612245,77.94117647058823,94.11764705882354,75,0,5.870293149178194,72.37832413447065,0,100,0,0,100,0,0,0,100,100,0,0,0,0,0,100,0,0,0,0,100,100,0,0,0,0,0,0,0,100,0,0,0,100,0,0,100,0,0,100,0,100,0,0,0,0,0,0,100,0,0,0,0,0,0,0,0,0,100,100,0,0,0,0,0,0,100,0,0,100,0,0,100,0,0,0,100,0,100,"cluster_0","cluster_0","cluster_0","Time management training + Personal coaching"
73.0769230769231,33.33333333333333,56.4102564102564,71.42857142857143,51.47058823529411,0,50,87.5,72.925992189186,20.396387355745112,57.14285714285714,100,0,100,0,0,0,100,0,100,0,0,0,0,0,100,0,0,0,100,0,100,0,0,0,0,0,100,0,0,0,0,0,0,100,100,0,0,0,100,0,100,100,0,0,0,0,0,0,0,0,0,0,0,0,0,100,0,0,0,100,0,0,100,0,0,0,100,0,0,0,100,0,100,0,0,0,100,0,"cluster_2","cluster_2","cluster_2","Increased responsibility and promotion path"
3.846153846153854,83.33333333333333,64.10256410256409,65.30612244897961,61.764705882352935,61.34453781512605,37.5,0,3.1751446253663502,11.314601103863522,0,100,0,0,100,0,0,100,0,0,0,100,100,0,0,0,0,0,0,100,0,0,100,0,0,100,0,0,0,0,0,0,0,100,0,100,0,0,100,0,100,0,0,0,0,0,100,0,0,0,0,0,0,0,0,0,100,0,0,0,0,100,0,0,0,0,100,0,0,100,0,100,0,100,0,0,0,0,100,"cluster_1","cluster_1","cluster_1","Specialized skill improvement and regular feedback"
57.69230769230769,24.999999999999996,23.076923076923073,14.285714285714292,10.294117647058819,0,25,75,99.1353804813188,12.142498745609634,0,0,100,0,100,0,0,100,0,0,100,0,0,0,0,0,100,0,0,100,0,100,0,0,0,0,0,0,100,0,0,0,0,100,0,0,100,0,0,100,0,100,0,0,100,0,0,0,0,0,0,0,0,0,0,0,0,100,0,0,100,0,0,100,0,0,0,100,0,0,0,100,0,100,0,0,0,0,100,"cluster_1","cluster_1","cluster_1","Specialized skill improvement and regular feedback"
61.53846153846155,43.74999999999999,53.84615384615385,93.87755102040818,86.76470588235293,80.67226890756302,50,75,100,17.912694430506775,0,0,100,0,100,0,0,0,100,0,0,100,0,100,0,0,0,0,0,100,0,100,0,0,0,0,0,0,0,0,100,0,0,100,0,100,0,100,0,0,0,100,0,100,0,0,0,0,0,0,0,0,0,0,0,0,100,0,0,0,0,0,100,100,0,0,0,100,0,0,0,0,100,0,100,0,0,0,100,"cluster_0","cluster_0","cluster_0","Time management training + Personal coaching"
53.846153846153854,89.58333333333333,33.333333333333336,24.489795918367363,35.29411764705882,85.71428571428572,25,50,71.40037731383184,3.7129954841946837,0,100,0,0,100,0,0,100,0,100,0,0,0,0,0,0,0,0,100,0,100,0,100,0,0,0,0,0,100,0,0,0,0,100,0,100,0,100,0,0,100,0,0,0,100,0,0,0,0,0,0,0,0,0,0,0,100,0,0,0,0,0,100,0,100,0,0,100,0,0,0,0,100,0,0,0,100,0,100,"cluster_0","cluster_0","cluster_0","Time management training + Personal coaching"
30.769230769230774,77.08333333333333,89.74358974358975,28.571428571428584,42.6470588235294,27.73109243697479,100,25,19.87824319338378,1.4049172102358263,0,0,100,0,100,100,0,0,0,0,0,100,0,0,100,0,0,0,0,0,100,0,0,100,0,0,0,0,0,0,100,0,0,100,0,100,0,0,100,0,100,0,0,0,0,100,0,0,0,0,0,0,0,0,0,0,0,100,0,0,0,0,100,0,0,100,0,0,100,0,0,100,0,100,0,0,0,0,100,"cluster_1","cluster_1","cluster_1","Specialized skill improvement and regular feedback"
76.92307692307693,68.75,66.66666666666666,87.75510204081634,83.8235294117647,30.252100840336134,87.5,50,53.95030874296018,68.16357250376318,0,0,100,0,100,0,0,100,0,100,0,0,0,0,0,0,100,0,0,100,0,0,0,100,0,100,0,0,0,0,0,0,0,100,0,0,100,100,0,0,100,0,0,0,0,0,0,0,0,0,0,0,0,100,0,0,100,0,0,0,0,0,100,0,100,0,0,100,0,0,0,0,100,0,0,100,0,0,100,"cluster_0","cluster_0","cluster_0","Time management training + Personal coaching"
42.30769230769232,54.16666666666666,66.66666666666666,36.73469387755104,26.47058823529411,0,50,25,17.899782104742876,11.414952333166083,0,100,0,100,0,100,0,0,0,100,0,0,0,0,100,0,0,0,0,0,100,100,0,0,0,0,0,0,0,0,0,0,100,0,100,100,0,100,0,0,0,100,0,0,0,0,0,0,0,0,0,100,0,0,0,0,0,100,0,0,100,0,0,0,0,100,0,0,100,0,0,0,100,0,0,100,0,0,100,"cluster_0","cluster_0","cluster_0","Time management training + Personal coaching"
30.769230769230774,0,23.076923076923073,24.489795918367363,44.11764705882353,47.05882352941177,37.5,37.5,24.489547293016912,21.3998996487707,0,0,100,0,100,0,0,0,100,0,0,100,0,0,0,0,0,100,0,100,0,100,0,0,0,0,0,100,0,0,0,0,0,100,0,100,0,0,0,100,100,0,0,100,0,0,0,0,0,0,0,0,0,0,0,0,100,0,0,100,0,0,0,0,0,100,0,0,100,0,0,100,0,100,0,0,0,0,100,"cluster_1","cluster_1","cluster_1","Specialized skill improvement and regular feedback"
57.69230769230769,81.24999999999999,74.35897435897436,95.91836734693878,69.11764705882351,0,12.5,50,49.301064414850295,11.389864525840443,0,0,100,100,0,0,0,100,0,100,0,0,0,0,100,0,0,0,0,0,100,0,0,100,0,0,0,0,100,0,0,0,0,100,0,100,0,0,0,100,0,100,0,0,0,0,0,100,0,0,0,0,0,0,0,0,0,100,0,0,100,0,0,0,100,0,0,100,0,0,0,100,0,100,0,0,0,0,100,"cluster_1","cluster_1","cluster_1","Specialized skill improvement and regular feedback"
84.61538461538461,4.166666666666666,56.4102564102564,93.87755102040818,82.35294117647058,17.647058823529413,37.5,100,69.08358684831568,89.53838434520823,35.71428571428571,0,100,0,100,0,0,0,100,0,100,0,0,0,0,0,0,100,0,0,100,100,0,0,0,0,0,0,0,100,0,0,0,100,0,0,100,0,100,0,0,100,0,100,0,0,0,0,0,0,0,0,0,0,0,0,0,100,0,0,0,0,100,100,0,0,0,100,0,0,0,100,0,100,0,0,0,100,0,"cluster_2","cluster_2","cluster_2","Increased responsibility and promotion path"
76.92307692307693,64.58333333333333,87.17948717948718,85.71428571428574,61.764705882352935,0,50,75,70.15948818979861,17.762167586552934,42.857142857142854,100,0,0,100,100,0,0,0,0,100,0,0,0,0,0,0,0,100,100,0,100,0,0,0,0,0,0,100,0,0,0,0,100,0,0,100,0,0,100,100,0,100,0,0,0,0,0,0,0,0,0,0,0,0,0,0,100,0,0,100,0,0,100,0,0,0,100,0,0,0,100,0,100,0,0,0,100,0,"cluster_2","cluster_2","cluster_2","Increased responsibility and promotion path"
30.769230769230774,45.83333333333332,82.05128205128204,6.1224489795918515,4.411764705882348,0,50,25,17.92867237046371,21.650777722027094,0,0,100,0,100,0,0,100,0,0,100,0,0,0,0,0,100,0,0,0,100,0,100,0,0,0,0,0,0,0,0,0,100,0,100,0,100,100,0,0,100,0,0,0,0,0,0,0,0,0,0,0,0,0,100,0,100,0,0,0,100,0,0,0,0,100,0,0,100,0,0,100,0,100,0,0,0,0,100,"cluster_1","cluster_1","cluster_1","Specialized skill improvement and regular feedback"
30.769230769230774,22.916666666666664,5.128205128205131,20.40816326530613,41.17647058823528,57.983193277310924,0,25,24.868949577784427,67.58655293527346,0,0,100,100,0,100,0,0,0,100,0,0,0,0,0,100,0,0,0,0,100,100,0,0,0,0,0,0,0,100,0,0,0,100,0,0,100,100,0,0,100,0,0,0,0,0,0,0,0,0,0,0,0,0,0,100,0,100,0,100,0,0,0,0,0,100,0,0,100,0,0,0,100,0,100,0,0,0,100,"cluster_0","cluster_0","cluster_0","Time management training + Personal coaching"
30.769230769230774,58.33333333333332,69.23076923076923,10.204081632653072,23.529411764705877,90.75630252100841,87.5,37.5,23.265017717042475,92.69944806823884,0,100,0,0,100,100,0,0,0,100,0,0,0,100,0,0,0,0,0,0,100,0,0,100,0,0,0,0,0,0,0,0,100,0,100,0,100,0,0,100,100,0,0,0,0,0,100,0,0,0,0,0,0,0,0,0,0,0,100,0,0,0,100,0,0,100,0,0,100,0,0,0,100,0,0,0,100,0,100,"cluster_0","cluster_0","cluster_0","Time management training + Personal coaching"
50.000000000000014,18.749999999999996,94.87179487179486,12.244897959183689,8.823529411764703,0,12.5,50,46.015231783469204,0.7526342197691935,0,100,0,100,0,100,0,0,0,0,0,100,100,0,0,0,0,0,0,100,0,0,0,100,0,100,0,0,0,0,0,0,0,0,100,0,100,0,0,100,100,0,0,0,0,0,100,0,0,0,0,0,0,0,0,0,100,0,0,0,100,0,0,0,100,0,0,100,0,0,0,0,100,0,0,0,100,0,100,"cluster_0","cluster_0","cluster_0","Time management training + Personal coaching"
30.769230769230774,4.166666666666666,35.89743589743589,93.87755102040818,85.29411764705881,11.764705882352942,0,37.5,25.44675489220102,67.31058705469142,0,0,100,100,0,100,0,0,0,0,0,100,0,0,0,0,100,0,0,100,0,0,0,100,0,0,0,0,0,100,0,0,0,100,0,0,100,100,0,0,100,0,0,0,0,0,0,0,100,0,0,0,0,0,0,0,0,0,100,100,0,0,0,0,0,100,0,0,100,0,0,100,0,100,0,0,0,0,100,"cluster_1","cluster_1","cluster_1","Specialized skill improvement and regular feedback"
69.23076923076923,18.749999999999996,79.48717948717947,67.34693877551022,48.52941176470588,0,50,62.5,88.70007727275893,13.070747616658304,78.57142857142857,0,100,100,0,0,100,0,0,0,0,100,0,0,0,0,0,100,0,0,100,0,100,0,0,0,100,0,0,0,0,0,0,100,0,0,100,0,0,100,0,100,0,0,0,0,0,0,0,0,0,0,100,0,0,0,0,100,0,0,100,0,0,0,100,0,0,100,0,0,0,0,100,0,0,100,0,100,0,"cluster_2","cluster_2","cluster_2","Increased responsibility and promotion path"
15.384615384615387,4.166666666666666,87.17948717948718,2.0408163265306243,20.588235294117645,54.621848739495796,87.5,12.5,15.213335468196343,3.7129954841946837,0,100,0,100,0,0,0,100,0,100,0,0,0,100,0,0,0,0,0,100,0,0,0,100,0,0,0,0,0,100,0,0,0,100,0,100,0,0,100,0,0,100,0,0,0,0,0,0,0,0,0,100,0,0,0,0,100,0,0,0,0,100,0,0,0,0,100,0,0,0,100,0,100,0,0,100,0,0,100,"cluster_0","cluster_0","cluster_0","Time management training + Personal coaching"
76.92307692307693,95.83333333333333,58.97435897435897,42.85714285714286,57.35294117647059,18.487394957983195,50,100,43.01203645046538,14.47566482689413,57.14285714285714,0,100,0,100,0,0,0,100,0,100,0,0,100,0,0,0,0,0,100,0,0,0,100,0,0,100,0,0,0,0,0,0,0,100,100,0,0,0,100,0,100,0,0,0,0,0,0,0,0,100,0,0,0,0,0,100,0,0,100,0,0,0,100,0,0,0,100,0,0,0,0,100,0,0,100,0,100,0,"cluster_2","cluster_2","cluster_2","Increased responsibility and promotion path"
3.846153846153854,16.666666666666664,5.128205128205131,20.40816326530613,32.35294117647059,55.46218487394958,0,0,0.217547181632753,2.358253888610136,0,0,100,0,100,0,100,0,0,0,100,0,100,0,0,0,0,0,0,0,100,0,0,100,0,0,0,100,0,0,0,0,0,0,100,100,0,100,0,0,0,100,0,0,0,0,0,100,0,0,0,0,0,0,0,0,0,0,100,0,0,0,100,0,0,0,100,0,0,100,0,0,100,0,0,0,100,0,100,"cluster_0","cluster_0","cluster_0","Time management training + Personal coaching"
26.923076923076934,56.24999999999999,92.30769230769232,93.87755102040818,67.64705882352939,0,0,37.5,14.447221313358442,17.812343201204214,0,100,0,100,0,100,0,0,0,100,0,0,0,0,0,0,100,0,0,0,100,0,100,0,0,0,0,0,0,0,0,0,100,100,0,0,100,0,100,0,100,0,0,0,0,0,0,0,0,0,0,0,100,0,0,0,100,0,0,0,100,0,0,0,0,100,0,0,0,0,100,0,100,0,0,100,0,0,100,"cluster_0","cluster_0","cluster_0","Time management training + Personal coaching"
30.769230769230774,2.083333333333333,2.564102564102562,30.6122448979592,49.99999999999999,22.689075630252102,25,37.5,18.097488983410727,76.64325137982941,0,100,0,100,0,0,0,100,0,0,100,0,100,0,0,0,0,0,0,0,100,100,0,0,0,0,0,0,100,0,0,0,0,100,0,0,100,100,0,0,0,100,0,0,0,0,0,0,0,0,0,0,0,0,0,100,0,0,100,0,0,100,0,0,0,100,0,0,100,0,0,0,100,0,100,0,0,0,100,"cluster_0","cluster_0","cluster_0","Time management training + Personal coaching"
46.15384615384616,4.166666666666666,87.17948717948718,18.367346938775526,13.235294117647058,0,37.5,62.5,20.65897651882741,4.591068740592073,0,100,0,0,100,0,0,100,0,100,0,0,0,0,0,100,0,0,0,100,0,0,100,0,100,0,0,0,0,0,0,0,0,0,100,100,0,100,0,0,100,0,0,0,0,0,0,0,0,0,0,0,0,0,0,100,0,100,0,0,100,0,0,0,100,0,0,0,100,0,0,100,0,100,0,0,0,0,100,"cluster_1","cluster_1","cluster_1","Specialized skill improvement and regular feedback"
42.30769230769232,91.66666666666666,58.97435897435897,79.5918367346939,79.41176470588235,47.89915966386555,37.5,25,19.450806490911752,89.9648770697441,0,0,100,100,0,0,0,0,100,0,100,0,0,100,0,0,0,0,0,100,0,0,100,0,0,0,0,0,100,0,0,0,0,100,0,0,100,0,100,0,100,0,0,0,100,0,0,0,0,0,0,0,0,0,0,0,0,0,100,0,0,100,0,0,0,100,0,0,100,0,0,0,100,0,100,0,0,0,100,"cluster_0","cluster_0","cluster_0","Time management training + Personal coaching"
61.53846153846155,87.49999999999999,17.94871794871795,24.489795918367363,36.764705882352935,27.73109243697479,25,75,60.94592995328828,84.06924234821876,0,100,0,0,100,100,0,0,0,0,0,100,0,0,0,0,0,100,0,100,0,0,100,0,0,0,0,0,100,0,0,0,0,0,100,0,100,100,0,0,0,100,0,0,0,0,0,0,100,0,0,0,0,0,0,0,0,100,0,0,0,100,0,100,0,0,0,100,0,0,0,0,100,0,0,0,100,0,100,"cluster_0","cluster_0","cluster_0","Time management training + Personal coaching"
96.15384615384616,79.16666666666666,74.35897435897436,65.30612244897961,75,8.403361344537815,75,62.5,49.07307496849917,12.343201204214752,57.14285714285714,100,0,100,0,0,0,0,100,0,100,0,0,0,0,100,0,0,0,0,100,100,0,0,0,0,100,0,0,0,0,0,0,0,100,100,0,100,0,0,100,0,0,0,0,0,100,0,0,0,0,0,0,0,0,0,0,0,100,0,0,100,0,0,100,0,0,100,0,0,0,100,0,100,0,0,0,100,0,"cluster_2","cluster_2","cluster_2","Increased responsibility and promotion path"
88.46153846153848,60.41666666666666,33.333333333333336,18.367346938775526,32.35294117647059,33.61344537815126,50,62.5,86.84413875681359,70.64726542900151,85.71428571428571,100,0,0,100,0,100,0,0,0,0,100,0,0,0,0,0,0,100,0,100,100,0,0,0,0,100,0,0,0,0,0,0,100,0,0,100,100,0,0,100,0,0,0,100,0,0,0,0,0,0,0,0,0,0,0,0,100,0,100,0,0,0,0,100,0,0,100,0,0,0,0,100,0,0,100,0,100,0,"cluster_2","cluster_2","cluster_2","Increased responsibility and promotion path"
23.07692307692308,64.58333333333333,66.66666666666666,12.244897959183689,29.41176470588234,11.764705882352942,75,12.5,14.959936511030515,10.160561966884094,0,100,0,0,100,100,0,0,0,100,0,0,0,0,100,0,0,0,0,100,0,0,100,0,0,0,0,0,0,0,0,100,0,100,0,100,0,100,0,0,100,0,0,0,0,100,0,0,0,0,0,0,0,0,0,0,0,100,0,0,0,0,100,0,0,0,100,0,0,0,100,100,0,100,0,0,0,0,100,"cluster_1","cluster_1","cluster_1","Specialized skill improvement and regular feedback"
69.23076923076923,47.91666666666666,100,18.367346938775526,39.70588235294117,77.3109243697479,100,75,51.91128251895271,19.267436026091318,71.42857142857142,100,0,100,0,0,0,0,100,100,0,0,0,0,0,100,0,0,0,0,100,0,100,0,0,0,0,0,0,0,0,0,100,100,0,100,0,0,0,100,100,0,0,0,0,0,100,0,0,0,0,0,0,0,0,0,0,0,100,100,0,0,0,100,0,0,0,100,0,0,0,0,100,0,100,0,0,100,0,"cluster_2","cluster_2","cluster_2","Increased responsibility and promotion path"
7.692307692307693,93.74999999999999,51.28205128205128,0.000000000000007105427357601002,19.117647058823522,73.10924369747899,12.5,0,8.497915027811233,76.41746111389864,0,0,100,0,100,0,0,100,0,0,100,0,0,0,0,0,100,0,0,0,100,0,100,0,0,100,0,0,0,0,0,0,0,0,100,0,100,0,0,100,0,100,100,0,0,0,0,0,0,0,0,0,0,0,0,0,0,0,100,0,0,0,100,0,0,0,100,0,0,100,0,100,0,100,0,0,0,0,100,"cluster_1","cluster_1","cluster_1","Specialized skill improvement and regular feedback"
53.846153846153854,27.083333333333332,74.35897435897436,18.367346938775526,33.8235294117647,32.773109243697476,87.5,62.5,92.75306828544976,12.293025589563472,0,0,100,0,100,100,0,0,0,0,100,0,0,0,0,0,0,0,100,0,100,0,100,0,0,0,0,0,0,0,0,0,100,0,100,100,0,0,100,0,100,0,0,0,0,100,0,0,0,0,0,0,0,0,0,0,0,100,0,100,0,0,0,0,100,0,0,100,0,0,0,0,100,0,100,0,0,0,100,"cluster_0","cluster_0","cluster_0","Time management training + Personal coaching"
84.61538461538461,33.33333333333333,15.38461538461538,67.34693877551022,66.17647058823528,85.71428571428572,25,87.5,86.98162857560548,68.84094330155544,78.57142857142857,100,0,0,100,0,0,0,100,0,0,100,100,0,0,0,0,0,0,0,100,0,100,0,0,100,0,0,0,0,0,0,0,0,100,0,100,100,0,0,100,0,0,0,0,100,0,0,0,0,0,0,0,0,0,0,0,100,0,0,0,0,100,100,0,0,0,100,0,0,0,100,0,100,0,0,0,100,0,"cluster_2","cluster_2","cluster_2","Increased responsibility and promotion path"
80.76923076923077,52.08333333333332,87.17948717948718,26.530612244897966,19.117647058823522,0,50,75,62.27105334604969,10.662318113396891,71.42857142857142,0,100,0,100,0,0,100,0,100,0,0,0,0,0,100,0,0,0,0,100,100,0,0,0,0,0,100,0,0,0,0,0,100,0,100,0,100,0,0,100,0,100,0,0,0,0,0,0,0,0,0,0,0,0,0,0,100,0,0,100,0,0,100,0,0,0,100,0,0,0,100,0,100,0,0,0,100,0,"cluster_2","cluster_2","cluster_2","Increased responsibility and promotion path"
11.538461538461547,56.24999999999999,58.97435897435897,79.5918367346939,57.35294117647059,0,50,12.5,12.829366432991987,19.242348218765677,0,100,0,100,0,0,0,0,100,100,0,0,0,0,0,0,0,100,0,0,100,0,100,0,0,0,0,0,100,0,0,0,0,100,0,100,0,0,100,0,100,0,0,100,0,0,0,0,0,0,0,0,0,0,0,0,0,100,0,0,100,0,0,0,0,0,100,0,0,0,100,0,100,0,0,0,100,0,100,"cluster_0","cluster_0","cluster_0","Time management training + Personal coaching"
65.38461538461539,93.74999999999999,89.74358974358975,14.285714285714292,38.23529411764705,94.95798319327731,100,87.5,71.54413249145476,20.772704465629708,35.71428571428571,100,0,0,100,0,100,0,0,0,0,100,0,0,100,0,0,0,0,100,0,0,100,0,0,0,0,0,0,0,0,0,100,100,0,100,0,0,100,0,100,0,0,0,0,0,0,0,0,100,0,0,0,0,0,0,0,100,0,100,0,0,0,100,0,0,0,100,0,0,0,0,100,0,100,0,0,100,0,"cluster_2","cluster_2","cluster_2","Increased responsibility and promotion path"
88.46153846153848,2.083333333333333,76.92307692307693,10.204081632653072,24.999999999999993,39.49579831932773,75,87.5,61.074717884814866,19.041645760160563,71.42857142857142,0,100,0,100,0,0,0,100,100,0,0,0,100,0,0,0,0,0,0,100,0,0,100,0,0,0,0,0,0,100,0,0,100,0,100,0,100,0,0,0,100,0,0,0,0,0,0,0,100,0,0,0,0,0,0,0,100,0,100,0,0,0,100,0,0,0,100,0,0,0,100,0,100,0,0,0,100,0,"cluster_2","cluster_2","cluster_2","Increased responsibility and promotion path"
3.846153846153854,16.666666666666664,64.10256410256409,16.32653061224491,11.764705882352935,0,50,0,6.112553690644427,9.984947315604616,0,0,100,0,100,0,100,0,0,100,0,0,100,0,0,0,0,0,0,0,100,100,0,0,0,0,0,0,0,0,0,100,0,0,100,100,0,0,100,0,100,0,0,0,0,0,0,0,0,0,100,0,0,0,0,0,100,0,0,0,100,0,0,0,0,0,100,0,0,100,0,0,100,0,0,100,0,0,100,"cluster_0","cluster_0","cluster_0","Time management training + Personal coaching"
11.538461538461547,24.999999999999996,79.48717948717947,67.34693877551022,75,62.18487394957983,100,12.5,13.90248317055003,0.0000000000000017763568394002505,0,100,0,100,0,0,0,0,100,100,0,0,0,0,0,100,0,0,0,100,0,100,0,0,100,0,0,0,0,0,0,0,0,100,0,100,0,0,100,0,100,0,0,0,0,0,0,0,0,0,0,0,0,0,100,0,0,0,100,0,0,0,100,0,0,0,100,0,0,0,100,100,0,100,0,0,0,0,100,"cluster_1","cluster_1","cluster_1","Specialized skill improvement and regular feedback"
88.46153846153848,0,94.87179487179486,89.79591836734694,86.76470588235293,69.74789915966387,87.5,75,31.98465683237381,93.10085298544907,78.57142857142857,100,0,0,100,0,0,0,100,0,0,100,0,0,0,0,0,100,0,0,100,100,0,0,0,0,0,0,0,100,0,0,0,100,0,0,100,0,100,0,100,0,0,0,0,0,0,0,0,0,0,0,0,0,100,0,0,100,0,100,0,0,0,100,0,0,0,100,0,0,0,0,100,0,100,0,0,100,0,"cluster_2","cluster_2","cluster_2","Increased responsibility and promotion path"
7.692307692307693,85.41666666666666,82.05128205128204,100,86.76470588235293,21.84873949579832,75,0,7.710568268045973,80.00501756146512,0,0,100,0,100,0,100,0,0,100,0,0,0,100,0,0,0,0,0,0,100,0,0,100,0,100,0,0,0,0,0,0,0,100,0,0,100,0,100,0,100,0,0,100,0,0,0,0,0,0,0,0,0,0,0,0,0,100,0,100,0,0,0,0,0,0,100,0,0,100,0,0,100,0,0,100,0,0,100,"cluster_0","cluster_0","cluster_0","Time management training + Personal coaching"
84.61538461538461,33.33333333333333,92.30769230769232,2.0408163265306243,1.470588235294116,0,25,75,55.79684922065898,14.249874560963372,57.14285714285714,0,100,100,0,0,0,100,0,0,100,0,0,100,0,0,0,0,0,0,100,0,100,0,100,0,0,0,0,0,0,0,0,0,100,100,0,0,100,0,100,0,0,0,0,0,0,0,100,0,0,0,0,0,0,0,0,100,0,0,100,0,0,100,0,0,0,100,0,0,0,100,0,100,0,0,0,100,0,"cluster_2","cluster_2","cluster_2","Increased responsibility and promotion path"
96.15384615384616,99.99999999999999,35.89743589743589,12.244897959183689,27.941176470588225,86.5546218487395,0,50,82.5652467507153,8.153537380832917,0,100,0,100,0,0,0,0,100,0,100,0,0,0,0,0,100,0,0,100,0,100,0,0,0,0,0,100,0,0,0,0,0,100,0,100,0,0,0,100,100,0,0,0,0,0,0,0,0,0,0,100,0,0,0,0,0,100,0,100,0,0,0,0,100,0,0,100,0,0,0,0,100,0,100,0,0,0,100,"cluster_0","cluster_0","cluster_0","Time management training + Personal coaching"
23.07692307692308,83.33333333333333,48.71794871794871,20.40816326530613,29.41176470588234,88.23529411764706,37.5,12.5,12.926479494872849,73.55745107877571,0,0,100,0,100,100,0,0,0,100,0,0,0,0,100,0,0,0,0,100,0,0,100,0,0,0,0,0,0,0,0,100,0,100,0,0,100,100,0,0,100,0,0,0,0,0,0,0,100,0,0,0,0,0,0,0,0,100,0,0,0,0,100,0,0,0,100,0,0,0,100,0,100,0,0,0,100,0,100,"cluster_0","cluster_0","cluster_0","Time management training + Personal coaching"
69.23076923076923,99.99999999999999,25.641025641025642,20.40816326530613,42.6470588235294,78.15126050420169,37.5,87.5,86.05679199704834,87.73206221776216,35.71428571428571,0,100,100,0,100,0,0,0,100,0,0,0,0,0,100,0,0,0,100,0,100,0,0,0,0,0,0,0,0,100,0,0,100,0,0,100,100,0,0,100,0,0,0,0,0,0,0,0,100,0,0,0,0,0,0,0,100,0,100,0,0,0,100,0,0,0,100,0,0,0,100,0,100,0,0,0,100,0,"cluster_2","cluster_2","cluster_2","Increased responsibility and promotion path"
57.69230769230769,93.74999999999999,51.28205128205128,83.6734693877551,88.23529411764704,98.31932773109244,12.5,50,98.88511420356848,17.58655293527346,0,0,100,100,0,0,100,0,0,0,0,100,0,0,100,0,0,0,0,0,100,0,0,100,100,0,0,0,0,0,0,0,0,100,0,100,0,0,0,100,100,0,0,0,0,0,0,0,0,0,0,0,0,0,100,0,0,100,0,100,0,0,0,0,100,0,0,100,0,0,0,100,0,100,0,0,0,0,100,"cluster_1","cluster_1","cluster_1","Specialized skill improvement and regular feedback"
26.923076923076934,2.083333333333333,28.205128205128197,36.73469387755104,41.17647058823528,64.70588235294117,50,37.5,14.361942818158402,73.13095835423984,0,0,100,0,100,0,0,100,0,0,100,0,0,0,0,0,0,100,0,100,0,0,100,0,100,0,0,0,0,0,0,0,0,100,0,0,100,0,0,100,100,0,0,0,0,0,100,0,0,0,0,0,0,0,0,0,100,0,0,0,0,100,0,0,0,100,0,0,0,0,100,100,0,100,0,0,0,0,100,"cluster_1","cluster_1","cluster_1","Specialized skill improvement and regular feedback"
34.61538461538463,93.74999999999999,23.076923076923073,67.34693877551022,73.52941176470588,97.47899159663865,25,25,27.978307935425036,74.03411941796287,0,0,100,100,0,0,100,0,0,0,0,100,100,0,0,0,0,0,0,0,100,0,0,100,0,0,0,0,0,0,100,0,0,100,0,0,100,100,0,0,0,100,0,0,0,0,0,0,0,0,0,0,0,0,0,100,0,100,0,100,0,0,0,0,0,100,0,0,100,0,0,100,0,100,0,0,0,0,100,"cluster_1","cluster_1","cluster_1","Specialized skill improvement and regular feedback"
3.846153846153854,24.999999999999996,15.38461538461538,4.081632653061234,26.47058823529411,10.084033613445378,0,0,8.25739486379806,20.546914199698946,0,0,100,0,100,0,0,0,100,0,0,100,0,0,0,0,100,0,0,100,0,0,0,100,0,0,0,0,0,0,0,0,100,0,100,100,0,0,100,0,0,100,100,0,0,0,0,0,0,0,0,0,0,0,0,0,100,0,0,0,0,0,100,0,0,0,100,0,0,100,0,0,100,0,100,0,0,0,100,"cluster_0","cluster_0","cluster_0","Time management training + Personal coaching"
80.76923076923077,81.24999999999999,58.97435897435897,71.42857142857143,76.47058823529412,64.70588235294117,50,75,83.50783517929369,13.52232814851982,42.857142857142854,100,0,0,100,0,0,0,100,0,100,0,0,0,100,0,0,0,0,0,100,100,0,0,0,0,0,100,0,0,0,0,0,100,0,100,0,0,100,0,100,0,0,0,100,0,0,0,0,0,0,0,0,0,0,0,0,100,0,100,0,0,0,100,0,0,0,100,0,0,0,0,100,0,100,0,0,100,0,"cluster_2","cluster_2","cluster_2","Increased responsibility and promotion path"
42.30769230769232,52.08333333333332,48.71794871794871,67.34693877551022,69.11764705882351,58.82352941176471,12.5,25,29.21293170062723,88.509784244857,0,100,0,100,0,0,100,0,0,0,0,100,0,0,100,0,0,0,0,0,100,100,0,0,0,0,0,0,0,0,0,100,0,100,0,0,100,0,0,100,100,0,0,0,100,0,0,0,0,0,0,0,0,0,0,0,0,0,100,0,0,100,0,0,0,100,0,0,100,0,0,0,100,0,100,0,0,0,100,"cluster_0","cluster_0","cluster_0","Time management training + Personal coaching"
11.538461538461547,43.74999999999999,58.97435897435897,95.91836734693878,69.11764705882351,0,0,12.5,15.097774405313027,13.948820873055697,0,100,0,0,100,0,0,0,100,0,0,100,0,0,0,0,0,0,100,0,100,0,0,100,0,100,0,0,0,0,0,0,0,0,100,100,0,0,0,100,100,0,0,0,0,0,0,0,0,0,0,0,0,100,0,0,0,0,100,0,100,0,0,0,0,0,100,0,0,0,100,0,100,0,100,0,0,0,100,"cluster_0","cluster_0","cluster_0","Time management training + Personal coaching"
69.23076923076923,43.74999999999999,12.820512820512825,79.5918367346939,57.35294117647059,0,50,75,64.78381031278064,20.546914199698946,92.85714285714285,0,100,0,100,0,0,100,0,100,0,0,0,0,0,0,0,100,0,0,100,0,0,100,0,0,0,0,100,0,0,0,0,0,100,100,0,0,100,0,0,100,0,0,0,0,0,0,0,0,0,0,0,0,0,100,100,0,0,0,100,0,0,100,0,0,0,100,0,0,0,100,0,100,0,0,0,100,0,"cluster_2","cluster_2","cluster_2","Increased responsibility and promotion path"
92.30769230769232,47.91666666666666,97.43589743589743,51.020408163265316,54.41176470588234,78.99159663865547,100,75,84.52874059325988,94.60612142498745,78.57142857142857,100,0,100,0,0,0,100,0,0,0,100,0,0,0,0,0,0,100,0,100,0,0,100,0,0,0,0,100,0,0,0,0,0,100,0,100,100,0,0,0,100,0,0,0,0,0,100,0,0,0,0,0,0,0,0,100,0,0,0,0,0,100,100,0,0,0,100,0,0,0,0,100,0,100,0,0,100,0,"cluster_2","cluster_2","cluster_2","Increased responsibility and promotion path"
80.76923076923077,99.99999999999999,23.076923076923073,83.6734693877551,85.29411764705881,93.27731092436974,37.5,50,51.568080085208884,73.65780230807827,0,0,100,0,100,0,0,0,100,100,0,0,0,0,0,0,0,100,0,100,0,100,0,0,0,100,0,0,0,0,0,0,0,0,100,0,100,0,100,0,0,100,0,100,0,0,0,0,0,0,0,0,0,0,0,0,100,0,0,100,0,0,0,0,100,0,0,100,0,0,0,0,100,0,100,0,0,0,100,"cluster_0","cluster_0","cluster_0","Time management training + Personal coaching"
7.692307692307693,27.083333333333332,82.05128205128204,26.530612244897966,44.11764705882353,72.26890756302521,87.5,0,2.5200665520338053,17.034621174109382,0,100,0,100,0,100,0,0,0,100,0,0,0,0,0,0,0,100,0,100,0,0,0,100,100,0,0,0,0,0,0,0,0,0,100,100,0,0,0,100,100,0,100,0,0,0,0,0,0,0,0,0,0,0,0,0,100,0,0,0,0,100,0,0,0,0,100,0,0,100,0,0,100,0,100,0,0,0,100,"cluster_0","cluster_0","cluster_0","Time management training + Personal coaching"
100,77.08333333333333,20.512820512820518,89.79591836734694,89.70588235294116,41.1764705882353,0,75,97.57878688730013,90.16557952834923,85.71428571428571,0,100,100,0,0,0,100,0,0,100,0,0,0,0,100,0,0,0,0,100,100,0,0,0,100,0,0,0,0,0,0,0,0,100,0,100,100,0,0,0,100,100,0,0,0,0,0,0,0,0,0,0,0,0,0,0,0,100,0,0,0,100,100,0,0,0,100,0,0,0,0,100,0,100,0,0,100,0,"cluster_2","cluster_2","cluster_2","Increased responsibility and promotion path"
84.61538461538461,16.666666666666664,28.205128205128197,30.6122448979592,44.11764705882353,87.39495798319328,25,100,94.41791335704889,7.977922729553439,64.28571428571428,100,0,0,100,100,0,0,0,100,0,0,100,0,0,0,0,0,0,100,0,100,0,0,0,0,0,0,0,0,0,0,100,0,100,100,0,100,0,0,0,100,100,0,0,0,0,0,0,0,0,0,0,0,0,0,0,100,0,100,0,0,0,100,0,0,0,100,0,0,0,0,100,0,0,100,0,100,0,"cluster_2","cluster_2","cluster_2","Increased responsibility and promotion path"
3.846153846153854,29.166666666666664,56.4102564102564,89.79591836734694,83.8235294117647,36.134453781512605,37.5,0,0,8.504766683391873,0,0,100,100,0,0,0,100,0,0,100,0,0,0,0,0,0,100,0,0,100,100,0,0,0,0,0,0,0,0,100,0,0,0,100,100,0,0,0,100,0,100,0,0,0,0,0,0,0,100,0,0,0,0,0,0,0,0,100,0,0,0,100,0,0,0,100,0,0,100,0,100,0,100,0,0,0,0,100,"cluster_1","cluster_1","cluster_1","Specialized skill improvement and regular feedback"
96.15384615384616,20.833333333333332,5.128205128205131,26.530612244897966,44.11764705882353,87.39495798319328,50,62.5,59.5042012711717,4.315102860010038,78.57142857142857,0,100,0,100,0,0,0,100,0,100,0,0,0,0,0,0,100,0,0,100,0,100,0,0,0,100,0,0,0,0,0,0,0,100,100,0,0,100,0,0,100,0,0,0,0,0,0,0,0,0,0,0,0,100,0,0,0,100,0,0,100,0,0,100,0,0,100,0,0,0,100,0,100,0,0,0,100,0,"cluster_2","cluster_2","cluster_2","Increased responsibility and promotion path"
34.61538461538463,91.66666666666666,64.10256410256409,8.163265306122454,5.882352941176464,0,25,25,20.151134378023905,7.62669342699448,0,0,100,100,0,0,100,0,0,0,0,100,100,0,0,0,0,0,0,100,0,0,0,100,0,0,0,0,0,0,0,100,0,0,100,100,0,0,100,0,100,0,0,0,0,100,0,0,0,0,0,0,0,0,0,0,0,100,0,0,100,0,0,0,0,100,0,0,100,0,0,100,0,100,0,0,0,0,100,"cluster_1","cluster_1","cluster_1","Specialized skill improvement and regular feedback"
30.769230769230774,43.74999999999999,17.94871794871795,30.6122448979592,22.05882352941176,0,37.5,25,21.474169317841657,23.130958354239844,0,100,0,100,0,0,0,0,100,0,100,0,0,0,0,100,0,0,0,0,100,100,0,0,0,0,0,0,100,0,0,0,0,0,100,100,0,100,0,0,0,100,0,0,0,0,0,0,0,0,100,0,0,0,0,0,0,0,100,0,100,0,0,0,0,100,0,0,100,0,0,100,0,100,0,0,0,0,100,"cluster_1","cluster_1","cluster_1","Specialized skill improvement and regular feedback"
76.92307692307693,72.91666666666666,43.589743589743584,77.55102040816327,75,20.168067226890756,12.5,75,76.78893398400247,22.05218263923733,78.57142857142857,0,100,100,0,100,0,0,0,100,0,0,0,0,0,0,0,0,100,0,100,0,0,100,100,0,0,0,0,0,0,0,0,0,100,100,0,100,0,0,100,0,0,0,0,100,0,0,0,0,0,0,0,0,0,0,0,100,0,100,0,0,0,100,0,0,0,100,0,0,0,0,100,0,100,0,0,100,0,"cluster_2","cluster_2","cluster_2","Increased responsibility and promotion path"
19.23076923076924,45.83333333333332,71.7948717948718,91.83673469387757,88.23529411764704,55.46218487394958,87.5,12.5,12.801868469233609,96.28700451580532,0,100,0,0,100,0,0,100,0,0,100,0,0,0,100,0,0,0,0,100,0,100,0,0,0,0,0,100,0,0,0,0,0,0,100,0,100,0,100,0,0,100,0,0,0,0,0,0,0,0,0,0,0,100,0,0,0,0,100,100,0,0,0,0,0,0,100,0,0,0,100,0,100,0,100,0,0,0,100,"cluster_0","cluster_0","cluster_0","Time management training + Personal coaching"
30.769230769230774,20.833333333333332,48.71794871794871,87.75510204081634,83.8235294117647,86.5546218487395,25,25,27.864835325485394,1.3798294029101879,0,0,100,100,0,0,100,0,0,0,100,0,100,0,0,0,0,0,0,0,100,0,0,100,100,0,0,0,0,0,0,0,0,0,100,100,0,0,100,0,100,0,0,0,0,0,0,0,0,0,0,100,0,0,0,0,0,100,0,100,0,0,0,0,0,100,0,0,100,0,0,0,100,0,100,0,0,0,100,"cluster_0","cluster_0","cluster_0","Time management training + Personal coaching"
65.38461538461539,52.08333333333332,97.43589743589743,42.85714285714286,54.41176470588234,51.260504201680675,75,75,86.11109177358387,18.815855494229808,78.57142857142857,100,0,0,100,0,0,0,100,100,0,0,0,0,0,0,0,0,100,0,100,0,100,0,0,100,0,0,0,0,0,0,0,0,100,100,0,100,0,0,0,100,0,0,0,0,0,0,100,0,0,0,0,0,0,0,0,0,100,100,0,0,0,100,0,0,0,100,0,0,0,100,0,100,0,0,0,100,0,"cluster_2","cluster_2","cluster_2","Increased responsibility and promotion path"
30.769230769230774,35.41666666666666,84.61538461538461,79.5918367346939,82.35294117647058,29.411764705882355,100,37.5,24.907934032733017,17.43602609131962,0,100,0,100,0,0,100,0,0,100,0,0,0,0,0,100,0,0,0,0,100,100,0,0,100,0,0,0,0,0,0,0,0,100,0,100,0,0,100,0,100,0,0,0,0,0,0,0,0,0,0,0,100,0,0,0,100,0,0,100,0,0,0,0,0,100,0,0,100,0,0,100,0,100,0,0,0,0,100,"cluster_1","cluster_1","cluster_1","Specialized skill improvement and regular feedback"
50.000000000000014,33.33333333333333,28.205128205128197,93.87755102040818,85.29411764705881,26.89075630252101,12.5,75,85.0344942811197,8.203712995484194,0,100,0,100,0,100,0,0,0,0,100,0,0,0,0,100,0,0,0,100,0,0,0,100,0,0,0,0,0,0,100,0,0,0,100,100,0,100,0,0,0,100,0,0,0,0,0,0,0,0,0,0,0,100,0,0,100,0,0,0,0,0,100,100,0,0,0,100,0,0,0,0,100,0,100,0,0,0,100,"cluster_0","cluster_0","cluster_0","Time management training + Personal coaching"
42.30769230769232,43.74999999999999,10.256410256410255,57.14285714285715,41.17647058823528,0,25,37.5,20.79228943173196,0.20070245860511982,0,100,0,100,0,0,0,0,100,100,0,0,0,0,100,0,0,0,0,100,0,0,0,100,0,0,0,100,0,0,0,0,0,100,0,100,0,100,0,0,100,0,0,0,0,0,0,0,0,0,0,0,100,0,0,0,0,100,0,0,100,0,0,0,0,100,0,0,100,0,0,0,100,0,100,0,0,0,100,"cluster_0","cluster_0","cluster_0","Time management training + Personal coaching"
38.46153846153847,99.99999999999999,10.256410256410255,71.42857142857143,51.47058823529411,0,50,25,19.76198597951924,12.49372804816859,0,0,100,100,0,0,100,0,0,0,100,0,0,0,0,100,0,0,0,100,0,100,0,0,0,0,0,0,0,0,100,0,0,100,0,100,0,0,0,100,0,100,0,100,0,0,0,0,0,0,0,0,0,0,0,0,100,0,0,0,100,0,0,0,0,100,0,0,100,0,0,0,100,0,0,0,100,0,100,"cluster_0","cluster_0","cluster_0","Time management training + Personal coaching"
46.15384615384616,64.58333333333333,15.38461538461538,46.938775510204096,48.52941176470588,52.10084033613445,25,100,18.60324267127055,20.29603612644255,0,100,0,100,0,100,0,0,0,0,0,100,0,0,100,0,0,0,0,100,0,100,0,0,0,100,0,0,0,0,0,0,0,100,0,100,0,0,100,0,0,100,0,0,0,0,0,0,0,0,0,0,0,100,0,0,0,100,0,100,0,0,0,100,0,0,0,0,100,0,0,100,0,100,0,0,0,0,100,"cluster_1","cluster_1","cluster_1","Specialized skill improvement and regular feedback"
57.69230769230769,2.083333333333333,2.564102564102562,69.38775510204083,73.52941176470588,50.42016806722689,50,87.5,50.44170779758714,84.94731560461615,0,100,0,0,100,0,0,100,0,0,0,100,100,0,0,0,0,0,0,100,0,0,0,100,100,0,0,0,0,0,0,0,0,100,0,0,100,100,0,0,100,0,0,0,0,0,0,0,0,100,0,0,0,0,0,0,0,100,0,100,0,0,0,100,0,0,0,100,0,0,0,100,0,100,0,0,0,0,100,"cluster_1","cluster_1","cluster_1","Specialized skill improvement and regular feedback"
96.15384615384616,66.66666666666666,10.256410256410255,24.489795918367363,17.647058823529406,0,12.5,50,94.41443260214277,14.375313597591573,0,100,0,0,100,100,0,0,0,100,0,0,0,0,0,0,100,0,0,100,0,0,100,0,0,0,0,0,0,0,100,0,0,0,100,100,0,0,0,100,100,0,0,0,0,0,0,0,0,0,0,100,0,0,0,0,0,0,100,0,100,0,0,0,100,0,0,100,0,0,0,100,0,100,0,0,0,0,100,"cluster_1","cluster_1","cluster_1","Specialized skill improvement and regular feedback"
46.15384615384616,49.99999999999999,92.30769230769232,12.244897959183689,8.823529411764703,0,37.5,100,23.176954617917538,22.854992473657802,0,0,100,0,100,0,0,100,0,100,0,0,0,0,0,0,0,0,100,0,100,0,0,100,0,0,0,0,0,0,0,0,100,100,0,100,0,0,0,100,100,0,0,0,0,0,0,0,0,0,0,0,0,0,100,0,100,0,0,0,100,0,0,100,0,0,0,0,100,0,0,100,0,100,0,0,0,0,100,"cluster_1","cluster_1","cluster_1","Specialized skill improvement and regular feedback"
100,33.33333333333333,43.589743589743584,63.26530612244899,69.11764705882351,35.294117647058826,0,50,82.58891588407695,7.175112895132967,0,0,100,0,100,0,0,0,100,0,100,0,0,0,0,100,0,0,0,0,100,0,100,0,0,0,0,0,0,0,0,0,100,100,0,100,0,100,0,0,0,100,0,100,0,0,0,0,0,0,0,0,0,0,0,0,0,100,0,0,0,100,0,0,100,0,0,100,0,0,0,100,0,100,0,0,0,0,100,"cluster_1","cluster_1","cluster_1","Specialized skill improvement and regular feedback"
50.000000000000014,91.66666666666666,69.23076923076923,22.448979591836746,16.17647058823529,0,0,100,37.452574714404065,16.38233818364275,0,100,0,100,0,0,0,0,100,100,0,0,0,100,0,0,0,0,0,0,100,0,0,100,0,0,0,0,0,0,100,0,0,100,0,100,0,0,0,100,0,100,0,0,0,0,0,0,0,100,0,0,0,0,0,0,0,100,0,0,100,0,0,100,0,0,0,100,0,0,0,100,0,100,0,0,0,0,100,"cluster_1","cluster_1","cluster_1","Specialized skill improvement and regular feedback"
26.923076923076934,83.33333333333333,5.128205128205131,53.06122448979593,38.23529411764705,0,0,37.5,13.330595139473852,1.5805318615153041,0,0,100,0,100,0,100,0,0,100,0,0,0,0,0,0,0,100,0,100,0,0,100,0,0,0,0,0,0,0,0,0,100,0,100,0,100,100,0,0,100,0,0,0,0,0,0,0,0,0,0,0,100,0,0,0,0,0,100,0,100,0,0,0,0,100,0,0,0,0,100,0,100,0,100,0,0,0,100,"cluster_0","cluster_0","cluster_0","Time management training + Personal coaching"
42.30769230769232,93.74999999999999,97.43589743589743,75.51020408163266,75,71.42857142857143,87.5,25,22.523964997528665,1.7561465127947837,0,0,100,0,100,0,0,100,0,100,0,0,0,0,0,0,0,0,100,100,0,0,0,100,0,0,100,0,0,0,0,0,0,0,100,100,0,0,100,0,100,0,0,0,0,0,0,100,0,0,0,0,0,0,0,0,0,0,100,0,0,0,100,0,0,100,0,0,100,0,0,0,100,0,0,100,0,0,100,"cluster_0","cluster_0","cluster_0","Time management training + Personal coaching"
50.000000000000014,16.666666666666664,28.205128205128197,71.42857142857143,77.94117647058823,12.605042016806722,25,100,94.9344573851177,15.579528349222278,0,100,0,0,100,100,0,0,0,0,0,100,0,0,0,0,100,0,0,100,0,100,0,0,0,0,0,0,100,0,0,0,0,100,0,100,0,0,0,100,0,100,0,0,0,0,0,0,0,0,0,0,0,0,100,0,0,100,0,100,0,0,0,100,0,0,0,100,0,0,0,100,0,100,0,0,0,0,100,"cluster_1","cluster_1","cluster_1","Specialized skill improvement and regular feedback"
42.30769230769232,33.33333333333333,58.97435897435897,93.87755102040818,89.70588235294116,8.403361344537815,0,37.5,31.18408320396528,71.55042649272454,0,0,100,100,0,100,0,0,0,0,100,0,100,0,0,0,0,0,0,100,0,0,0,100,0,0,0,0,0,0,0,0,100,0,100,0,100,0,0,100,100,0,0,0,100,0,0,0,0,0,0,0,0,0,0,0,100,0,0,0,0,100,0,0,0,100,0,0,100,0,0,0,100,0,100,0,0,0,100,"cluster_0","cluster_0","cluster_0","Time management training + Personal coaching"
3.846153846153854,24.999999999999996,66.66666666666666,32.653061224489804,45.588235294117645,68.90756302521008,87.5,0,1.367936678106748,80.58203712995484,0,100,0,100,0,100,0,0,0,0,0,100,0,100,0,0,0,0,0,100,0,0,100,0,0,0,0,0,0,0,0,0,100,0,100,0,100,0,0,100,0,100,0,0,0,0,0,0,0,0,0,0,100,0,0,0,0,100,0,0,0,0,100,0,0,0,100,0,0,100,0,0,100,0,0,0,100,0,100,"cluster_0","cluster_0","cluster_0","Time management training + Personal coaching"
88.46153846153848,16.666666666666664,12.820512820512825,26.530612244897966,33.8235294117647,100,37.5,87.5,99.53183846512633,22.880080280983442,100,0,100,0,100,100,0,0,0,0,0,100,0,0,0,0,100,0,0,0,100,0,0,100,0,0,100,0,0,0,0,0,0,0,100,100,0,0,100,0,100,0,0,0,0,0,0,0,0,0,0,0,0,0,100,0,100,0,0,0,0,0,100,100,0,0,0,100,0,0,0,100,0,100,0,0,0,100,0,"cluster_2","cluster_2","cluster_2","Increased responsibility and promotion path"
76.92307692307693,35.41666666666666,17.94871794871795,83.6734693877551,75,83.19327731092437,37.5,100,38.78396346599651,22.478675363773206,100,0,100,100,0,0,0,100,0,100,0,0,0,0,100,0,0,0,0,0,100,0,100,0,0,0,0,100,0,0,0,0,0,100,0,100,0,0,100,0,0,100,0,0,100,0,0,0,0,0,0,0,0,0,0,0,100,0,0,100,0,0,0,100,0,0,0,100,0,0,0,100,0,100,0,0,0,100,0,"cluster_2","cluster_2","cluster_2","Increased responsibility and promotion path"
61.53846153846155,43.74999999999999,82.05128205128204,79.5918367346939,76.47058823529412,77.3109243697479,100,87.5,89.04780468788071,86.45258404415453,0,100,0,0,100,0,0,0,100,0,100,0,0,0,0,0,100,0,0,0,100,0,100,0,0,100,0,0,0,0,0,0,0,0,100,0,100,100,0,0,100,0,0,0,0,0,0,0,100,0,0,0,0,0,0,0,0,100,0,0,0,100,0,100,0,0,0,100,0,0,0,100,0,100,0,0,0,0,100,"cluster_1","cluster_1","cluster_1","Specialized skill improvement and regular feedback"
76.92307692307693,6.249999999999999,69.23076923076923,0.000000000000007105427357601002,23.529411764705877,15.126050420168067,75,87.5,86.15668966285409,12.794781736076269,50,100,0,100,0,0,100,0,0,0,0,100,100,0,0,0,0,0,0,100,0,0,0,100,100,0,0,0,0,0,0,0,0,0,100,100,0,0,100,0,0,100,100,0,0,0,0,0,0,0,0,0,0,0,0,0,0,100,0,100,0,0,0,100,0,0,0,100,0,0,0,0,100,0,0,0,100,100,0,"cluster_2","cluster_2","cluster_2","Increased responsibility and promotion path"
84.61538461538461,95.83333333333333,28.205128205128197,97.95918367346941,89.70588235294116,58.82352941176471,12.5,50,86.4852729259922,6.748620170597091,0,100,0,0,100,100,0,0,0,0,100,0,100,0,0,0,0,0,0,100,0,0,100,0,0,0,0,0,0,0,0,100,0,100,0,100,0,0,0,100,100,0,0,100,0,0,0,0,0,0,0,0,0,0,0,0,0,0,100,0,0,100,0,0,100,0,0,100,0,0,0,0,100,0,0,100,0,0,100,"cluster_0","cluster_0","cluster_0","Time management training + Personal coaching"
76.92307692307693,6.249999999999999,28.205128205128197,51.020408163265316,36.764705882352935,0,12.5,50,40.270245810911476,21.57551430005018,0,0,100,0,100,0,0,100,0,100,0,0,0,0,0,0,100,0,0,0,100,0,0,100,0,0,0,0,0,0,0,100,0,100,0,100,0,100,0,0,100,0,100,0,0,0,0,0,0,0,0,0,0,0,0,0,0,100,0,0,100,0,0,0,100,0,0,100,0,0,0,100,0,100,0,0,0,0,100,"cluster_1","cluster_1","cluster_1","Specialized skill improvement and regular feedback"
100,8.333333333333332,48.71794871794871,40.81632653061226,54.41176470588234,51.260504201680675,50,87.5,46.522377773291474,20.572002007024587,78.57142857142857,0,100,0,100,0,100,0,0,100,0,0,0,0,100,0,0,0,0,0,100,0,0,100,0,0,100,0,0,0,0,0,0,100,0,100,0,0,0,100,0,100,100,0,0,0,0,0,0,0,0,0,0,0,0,0,0,0,100,0,0,100,0,100,0,0,0,100,0,0,0,100,0,100,0,0,0,100,0,"cluster_2","cluster_2","cluster_2","Increased responsibility and promotion path"
96.15384615384616,81.24999999999999,53.84615384615385,53.06122448979593,63.23529411764705,85.71428571428572,25,100,92.563367143066,68.51480180632213,100,100,0,0,100,0,0,0,100,0,100,0,0,0,0,0,0,0,100,0,100,100,0,0,0,0,0,0,0,0,0,0,100,100,0,0,100,0,100,0,0,100,0,0,0,0,0,0,0,0,0,0,100,0,0,0,100,0,0,0,0,100,0,100,0,0,0,100,0,0,0,100,0,100,0,0,0,100,0,"cluster_2","cluster_2","cluster_2","Increased responsibility and promotion path"
34.61538461538463,85.41666666666666,79.48717948717947,36.73469387755104,42.6470588235294,15.966386554621849,100,37.5,22.234714264829755,89.48820873055695,0,100,0,0,100,100,0,0,0,100,0,0,0,0,0,0,0,100,0,100,0,0,0,100,0,0,0,0,0,100,0,0,0,100,0,0,100,0,100,0,100,0,0,0,0,0,0,0,0,0,0,0,100,0,0,0,100,0,0,100,0,0,0,0,0,100,0,0,100,0,0,100,0,100,0,0,0,0,100,"cluster_1","cluster_1","cluster_1","Specialized skill improvement and regular feedback"
50.000000000000014,56.24999999999999,25.641025641025642,18.367346938775526,39.70588235294117,24.369747899159663,50,87.5,87.66594499014947,21.901655795283496,0,0,100,100,0,0,0,0,100,100,0,0,0,0,100,0,0,0,0,100,0,0,100,0,0,0,0,0,0,0,0,0,100,100,0,100,0,0,100,0,0,100,0,100,0,0,0,0,0,0,0,0,0,0,0,0,100,0,0,0,0,100,0,100,0,0,0,100,0,0,0,100,0,100,0,0,0,0,100,"cluster_1","cluster_1","cluster_1","Specialized skill improvement and regular feedback"
73.0769230769231,70.83333333333333,41.025641025641015,22.448979591836746,39.70588235294117,11.764705882352942,12.5,62.5,78.40470041142524,96.03612644254892,71.42857142857142,100,0,0,100,0,0,100,0,0,100,0,0,0,0,0,100,0,0,100,0,0,0,100,0,0,0,0,100,0,0,0,0,100,0,0,100,100,0,0,100,0,0,0,0,0,0,0,0,0,0,0,0,100,0,0,0,0,100,0,0,0,100,0,100,0,0,100,0,0,0,0,100,0,100,0,0,100,0,"cluster_2","cluster_2","cluster_2","Increased responsibility and promotion path"
57.69230769230769,37.49999999999999,87.17948717948718,79.5918367346939,75,59.66386554621849,75,62.5,43.55781881974563,1.4550928248871067,0,0,100,100,0,0,0,100,0,0,0,100,0,0,0,0,0,0,100,0,100,0,0,100,100,0,0,0,0,0,0,0,0,100,0,100,0,0,0,100,100,0,0,0,0,0,0,0,0,0,0,0,0,100,0,0,0,100,0,100,0,0,0,0,100,0,0,100,0,0,0,100,0,100,0,0,0,0,100,"cluster_1","cluster_1","cluster_1","Specialized skill improvement and regular feedback"
73.0769230769231,8.333333333333332,23.076923076923073,65.30612244897961,47.05882352941176,0,25,75,36.74563339297027,5.193176116407427,35.71428571428571,0,100,0,100,100,0,0,0,0,100,0,0,0,0,0,0,0,100,100,0,0,0,100,0,0,100,0,0,0,0,0,0,0,100,0,100,100,0,0,0,100,0,0,0,0,0,0,0,0,0,100,0,0,0,0,0,0,100,0,100,0,0,100,0,0,0,100,0,0,0,100,0,100,0,0,0,100,0,"cluster_2","cluster_2","cluster_2","Increased responsibility and promotion path"
88.46153846153848,27.083333333333332,33.333333333333336,89.79591836734694,83.8235294117647,46.21848739495798,0,75,34.9701003153564,13.020572002007027,50,100,0,0,100,100,0,0,0,0,100,0,0,0,0,0,0,0,100,0,100,0,0,100,0,0,0,100,0,0,0,0,0,100,0,100,0,100,0,0,0,100,0,0,0,0,0,0,0,0,0,0,0,0,0,100,100,0,0,100,0,0,0,100,0,0,0,100,0,0,0,0,100,0,100,0,0,100,0,"cluster_2","cluster_2","cluster_2","Increased responsibility and promotion path"
80.76923076923077,70.83333333333333,0,69.38775510204083,77.94117647058823,9.243697478991598,50,100,35.72612028096654,19.016557952834923,85.71428571428571,0,100,100,0,0,100,0,0,0,0,100,0,0,0,0,0,0,100,100,0,0,100,0,0,0,0,0,0,0,100,0,0,0,100,100,0,100,0,0,0,100,0,0,0,0,0,0,0,0,100,0,0,0,0,0,100,0,0,0,0,100,0,100,0,0,0,100,0,0,0,100,0,100,0,0,0,100,0,"cluster_2","cluster_2","cluster_2","Increased responsibility and promotion path"
69.23076923076923,43.74999999999999,43.589743589743584,100,72.05882352941177,0,12.5,62.5,43.849506080878825,0.4766683391871567,85.71428571428571,0,100,100,0,100,0,0,0,100,0,0,0,0,100,0,0,0,0,100,0,100,0,0,0,0,0,0,0,0,100,0,0,100,0,0,100,0,0,100,100,0,0,0,0,0,0,0,0,0,0,0,0,0,100,0,0,0,100,0,100,0,0,0,100,0,0,100,0,0,0,100,0,100,0,0,0,100,0,"cluster_2","cluster_2","cluster_2","Increased responsibility and promotion path"
38.46153846153847,8.333333333333332,43.589743589743584,85.71428571428574,77.94117647058823,9.243697478991598,12.5,25,19.037292808064215,76.81886603110888,0,100,0,100,0,0,0,0,100,0,0,100,100,0,0,0,0,0,0,100,0,0,0,100,0,0,0,0,100,0,0,0,0,100,0,0,100,0,0,100,100,0,0,0,0,0,0,100,0,0,0,0,0,0,0,0,0,100,0,0,0,0,100,0,0,100,0,0,100,0,0,0,100,0,100,0,0,0,100,"cluster_0","cluster_0","cluster_0","Time management training + Personal coaching"
76.92307692307693,83.33333333333333,69.23076923076923,48.9795918367347,52.941176470588225,76.47058823529412,75,87.5,34.25550133312913,0.6522829904666345,85.71428571428571,0,100,0,100,0,0,100,0,0,100,0,0,0,0,100,0,0,0,0,100,0,100,0,0,100,0,0,0,0,0,0,0,100,0,100,0,0,100,0,0,100,0,0,0,0,0,100,0,0,0,0,0,0,0,0,0,100,0,0,0,100,0,100,0,0,0,100,0,0,0,100,0,100,0,0,0,100,0,"cluster_2","cluster_2","cluster_2","Increased responsibility and promotion path"
88.46153846153848,66.66666666666666,71.7948717948718,4.081632653061234,27.941176470588225,22.689075630252102,87.5,50,47.091829275933364,6.4977420973406925,0,100,0,0,100,0,0,100,0,0,100,0,0,0,0,0,100,0,0,0,100,0,0,100,100,0,0,0,0,0,0,0,0,100,0,100,0,0,0,100,100,0,0,0,0,0,0,0,100,0,0,0,0,0,0,0,0,100,0,0,0,100,0,0,100,0,0,100,0,0,0,100,0,100,0,0,0,0,100,"cluster_1","cluster_1","cluster_1","Specialized skill improvement and regular feedback"
92.30769230769232,4.166666666666666,87.17948717948718,6.1224489795918515,20.588235294117645,63.865546218487395,75,62.5,90.30540143546334,24.13447064726543,78.57142857142857,0,100,0,100,0,0,0,100,0,0,100,0,0,100,0,0,0,0,0,100,0,100,0,0,0,0,0,0,100,0,0,0,100,0,100,0,0,0,100,100,0,0,0,0,0,0,0,0,0,0,0,0,100,0,0,0,0,100,100,0,0,0,0,100,0,0,100,0,0,0,0,100,0,0,100,0,100,0,"cluster_2","cluster_2","cluster_2","Increased responsibility and promotion path"
42.30769230769232,10.416666666666664,79.48717948717947,73.46938775510206,79.41176470588235,74.78991596638656,100,37.5,30.86280952613003,68.74059207225288,0,0,100,100,0,0,0,0,100,100,0,0,0,0,100,0,0,0,0,100,0,100,0,0,0,0,0,0,0,100,0,0,0,0,100,0,100,0,100,0,0,100,0,0,0,0,0,0,0,0,0,0,100,0,0,0,0,0,100,100,0,0,0,0,0,100,0,0,100,0,0,0,100,0,0,100,0,0,100,"cluster_0","cluster_0","cluster_0","Time management training + Personal coaching"
96.15384615384616,20.833333333333332,33.333333333333336,8.163265306122454,23.529411764705877,90.75630252100841,37.5,87.5,65.47717669008055,10.085298544907177,92.85714285714285,100,0,0,100,0,0,0,100,0,100,0,0,0,0,0,0,100,0,100,0,0,100,0,0,100,0,0,0,0,0,0,0,100,0,100,0,100,0,0,100,0,0,0,0,0,0,0,0,100,0,0,0,0,0,0,0,0,100,0,0,0,100,100,0,0,0,100,0,0,0,0,100,0,100,0,0,100,0,"cluster_2","cluster_2","cluster_2","Increased responsibility and promotion path"
96.15384615384616,22.916666666666664,53.84615384615385,30.6122448979592,47.05882352941176,62.18487394957983,12.5,50,69.3453396172562,9.232313095835424,0,100,0,100,0,0,100,0,0,0,0,100,0,0,0,0,100,0,0,100,0,100,0,0,0,0,0,0,0,0,0,0,100,0,100,100,0,0,0,100,100,0,0,0,0,0,0,0,0,100,0,0,0,0,0,0,100,0,0,0,0,100,0,0,100,0,0,100,0,0,0,100,0,100,0,0,0,0,100,"cluster_1","cluster_1","cluster_1","Specialized skill improvement and regular feedback"
100,43.74999999999999,100,93.87755102040818,85.29411764705881,57.983193277310924,87.5,50,73.3496000612613,64.50075263421977,0,0,100,100,0,0,0,0,100,100,0,0,0,0,100,0,0,0,0,100,0,100,0,0,0,0,0,0,0,0,0,0,100,0,100,0,100,0,0,100,0,100,0,0,100,0,0,0,0,0,0,0,0,0,0,0,0,0,100,0,0,100,0,0,100,0,0,100,0,0,0,100,0,100,0,0,0,0,100,"cluster_1","cluster_1","cluster_1","Specialized skill improvement and regular feedback"
15.384615384615387,41.66666666666666,25.641025641025642,51.020408163265316,36.764705882352935,0,37.5,12.5,15.249883394710645,11.716006021073758,0,0,100,100,0,0,0,100,0,0,100,0,0,0,0,0,100,0,0,0,100,100,0,0,0,0,100,0,0,0,0,0,0,0,100,0,100,0,0,100,0,100,0,0,0,100,0,0,0,0,0,0,0,0,0,0,0,100,0,0,100,0,0,0,0,0,100,0,0,0,100,0,100,0,0,100,0,0,100,"cluster_0","cluster_0","cluster_0","Time management training + Personal coaching"
34.61538461538463,87.49999999999999,97.43589743589743,81.6326530612245,58.8235294117647,0,12.5,37.5,22.986209249061936,12.042147516307077,0,100,0,100,0,0,100,0,0,100,0,0,0,0,0,100,0,0,0,0,100,100,0,0,100,0,0,0,0,0,0,0,0,0,100,0,100,0,0,100,100,0,0,0,0,0,100,0,0,0,0,0,0,0,0,0,0,0,100,0,100,0,0,0,0,100,0,0,100,0,0,0,100,0,0,100,0,0,100,"cluster_0","cluster_0","cluster_0","Time management training + Personal coaching"
84.61538461538461,41.66666666666666,66.66666666666666,12.244897959183689,33.8235294117647,46.21848739495798,87.5,50,79.13705124367374,70.69744104365279,0,100,0,0,100,0,0,0,100,100,0,0,0,100,0,0,0,0,0,0,100,0,0,100,0,0,0,0,0,100,0,0,0,0,100,0,100,0,0,100,0,100,0,0,0,0,0,0,100,0,0,0,0,0,0,0,100,0,0,100,0,0,0,0,100,0,0,100,0,0,0,0,100,0,0,0,100,0,100,"cluster_0","cluster_0","cluster_0","Time management training + Personal coaching"
11.538461538461547,6.249999999999999,79.48717948717947,81.6326530612245,58.8235294117647,0,0,12.5,14.500824938912752,11.013547415955847,0,0,100,100,0,0,0,100,0,100,0,0,0,0,0,0,0,0,100,0,100,0,100,0,0,100,0,0,0,0,0,0,0,100,0,100,0,0,100,0,0,100,0,0,0,0,0,0,0,0,0,0,0,0,0,100,100,0,0,0,100,0,0,0,0,0,100,0,0,0,100,0,100,0,0,0,100,0,100,"cluster_0","cluster_0","cluster_0","Time management training + Personal coaching"
57.69230769230769,70.83333333333333,79.48717948717947,44.89795918367348,47.05882352941176,99.15966386554622,87.5,50,62.29124172450522,99.22227797290516,0,0,100,100,0,100,0,0,0,0,100,0,0,100,0,0,0,0,0,100,0,0,0,100,0,100,0,0,0,0,0,0,0,100,0,0,100,0,100,0,0,100,0,0,0,0,0,0,0,0,0,0,0,100,0,0,0,0,100,100,0,0,0,0,100,0,0,100,0,0,0,100,0,100,0,0,0,0,100,"cluster_1","cluster_1","cluster_1","Specialized skill improvement and regular feedback"
23.07692307692308,66.66666666666666,41.025641025641015,55.102040816326536,54.41176470588234,84.87394957983193,12.5,12.5,12.094579072309203,6.698444555945811,0,100,0,0,100,0,0,0,100,0,0,100,0,0,0,0,0,100,0,0,100,0,0,100,0,0,0,100,0,0,0,0,0,100,0,100,0,0,0,100,0,100,0,0,0,0,0,0,0,100,0,0,0,0,0,0,0,0,100,0,0,0,100,0,0,0,100,0,0,0,100,100,0,100,0,0,0,0,100,"cluster_1","cluster_1","cluster_1","Specialized skill improvement and regular feedback"
69.23076923076923,35.41666666666666,12.820512820512825,2.0408163265306243,1.470588235294116,0,37.5,100,32.044873892249754,14.350225790265933,35.71428571428571,100,0,0,100,0,0,0,100,0,0,100,0,100,0,0,0,0,0,0,100,0,0,100,0,100,0,0,0,0,0,0,0,0,100,100,0,100,0,0,100,0,0,0,0,100,0,0,0,0,0,0,0,0,0,0,100,0,0,0,100,0,0,100,0,0,0,100,0,0,0,0,100,0,0,100,0,100,0,"cluster_2","cluster_2","cluster_2","Increased responsibility and promotion path"
92.30769230769232,37.49999999999999,46.15384615384615,57.14285714285715,64.70588235294116,54.621848739495796,25,75,49.20186290002576,12.844957350727546,64.28571428571428,100,0,0,100,0,0,0,100,100,0,0,0,0,0,0,0,0,100,100,0,0,100,0,0,0,0,0,0,0,100,0,0,100,0,100,0,0,0,100,0,100,0,0,0,0,100,0,0,0,0,0,0,0,0,0,100,0,0,100,0,0,0,100,0,0,0,100,0,0,0,100,0,100,0,0,0,100,0,"cluster_2","cluster_2","cluster_2","Increased responsibility and promotion path"
38.46153846153847,79.16666666666666,100,36.73469387755104,26.47058823529411,0,0,37.5,20.151134378023905,5.6447566482689435,0,0,100,100,0,0,0,100,0,0,100,0,0,0,0,0,0,0,100,0,100,0,100,0,0,0,0,0,100,0,0,0,0,0,100,0,100,0,0,100,0,100,0,0,100,0,0,0,0,0,0,0,0,0,0,0,100,0,0,0,100,0,0,0,0,100,0,0,100,0,0,0,100,0,0,100,0,0,100,"cluster_0","cluster_0","cluster_0","Time management training + Personal coaching"
73.0769230769231,39.58333333333332,2.564102564102562,44.89795918367348,58.8235294117647,51.260504201680675,25,62.5,96.94842217380106,79.02659307576518,57.14285714285714,0,100,0,100,0,100,0,0,0,100,0,0,0,100,0,0,0,0,100,0,100,0,0,0,0,100,0,0,0,0,0,0,0,100,0,100,0,0,100,0,100,0,0,0,0,0,0,0,0,0,0,100,0,0,0,0,100,0,100,0,0,0,0,100,0,0,100,0,0,0,0,100,0,0,100,0,100,0,"cluster_2","cluster_2","cluster_2","Increased responsibility and promotion path"
38.46153846153847,8.333333333333332,51.28205128205128,32.653061224489804,44.11764705882353,93.27731092436974,25,37.5,17.979491392093117,84.44555945810336,0,0,100,0,100,0,0,0,100,0,100,0,0,0,100,0,0,0,0,0,100,100,0,0,0,0,0,0,0,0,0,0,100,100,0,0,100,0,0,100,100,0,0,0,0,100,0,0,0,0,0,0,0,0,0,0,100,0,0,0,0,0,100,0,0,100,0,0,100,0,0,0,100,0,100,0,0,0,100,"cluster_0","cluster_0","cluster_0","Time management training + Personal coaching"
100,14.583333333333332,20.512820512820518,55.102040816326536,61.764705882352935,71.42857142857143,0,87.5,48.16250948505712,4.691419969894634,35.71428571428571,100,0,100,0,0,100,0,0,0,0,100,0,0,0,0,0,100,0,100,0,100,0,0,0,0,0,0,0,0,0,0,100,100,0,100,0,100,0,0,100,0,0,0,0,0,0,0,0,100,0,0,0,0,0,0,100,0,0,100,0,0,0,100,0,0,0,100,0,0,0,0,100,0,0,100,0,100,0,"cluster_2","cluster_2","cluster_2","Increased responsibility and promotion path"
3.846153846153854,16.666666666666664,61.53846153846154,14.285714285714292,26.47058823529411,73.10924369747899,37.5,0,5.355141423071837,22.729553437029608,0,100,0,0,100,100,0,0,0,100,0,0,0,0,0,100,0,0,0,0,100,0,0,100,0,0,100,0,0,0,0,0,0,0,100,100,0,0,0,100,0,100,0,0,0,0,0,0,0,0,0,0,0,100,0,0,0,0,100,0,0,100,0,0,0,0,100,0,0,100,0,0,100,0,0,0,100,0,100,"cluster_0","cluster_0","cluster_0","Time management training + Personal coaching"
38.46153846153847,24.999999999999996,71.7948717948718,63.26530612244899,73.52941176470588,54.621848739495796,100,25,20.196384191803517,16.056196688409436,0,100,0,100,0,0,0,100,0,0,100,0,0,0,0,0,0,0,100,0,100,0,0,100,0,0,0,0,0,0,100,0,0,0,100,100,0,0,100,0,0,100,0,0,0,100,0,0,0,0,0,0,0,0,0,0,0,0,100,0,0,0,100,0,0,100,0,0,100,0,0,0,100,0,0,100,0,0,100,"cluster_0","cluster_0","cluster_0","Time management training + Personal coaching"
15.384615384615387,31.249999999999996,23.076923076923073,100,98.52941176470586,85.71428571428572,37.5,12.5,14.269702813146116,9.232313095835424,0,0,100,100,0,0,100,0,0,0,100,0,0,100,0,0,0,0,0,100,0,100,0,0,100,0,0,0,0,0,0,0,0,100,0,100,0,100,0,0,100,0,0,0,0,0,0,0,0,0,0,0,0,0,100,0,0,100,0,100,0,0,0,0,0,0,100,0,0,0,100,100,0,100,0,0,0,0,100,"cluster_1","cluster_1","cluster_1","Specialized skill improvement and regular feedback"
3.846153846153854,79.16666666666666,20.512820512820518,42.85714285714286,48.52941176470588,64.70588235294117,50,0,5.191197866993395,24.259909683893632,0,0,100,100,0,0,100,0,0,100,0,0,0,100,0,0,0,0,0,0,100,0,0,100,0,0,0,0,100,0,0,0,0,100,0,100,0,100,0,0,100,0,0,0,0,0,0,0,0,0,100,0,0,0,0,0,100,0,0,0,0,0,100,0,0,0,100,0,0,100,0,0,100,0,100,0,0,0,100,"cluster_0","cluster_0","cluster_0","Time management training + Personal coaching"
76.92307692307693,24.999999999999996,48.71794871794871,42.85714285714286,49.99999999999999,73.10924369747899,0,87.5,78.1593071905435,22.604114400401407,85.71428571428571,100,0,0,100,0,0,0,100,0,100,0,0,0,0,100,0,0,0,0,100,0,100,0,0,0,0,0,0,100,0,0,0,0,100,100,0,100,0,0,0,100,0,0,0,0,0,0,0,0,0,0,0,0,100,0,0,0,100,0,0,0,100,100,0,0,0,100,0,0,0,0,100,0,0,0,100,100,0,"cluster_2","cluster_2","cluster_2","Increased responsibility and promotion path"
88.46153846153848,64.58333333333333,20.512820512820518,42.85714285714286,55.88235294117646,57.142857142857146,0,75,80.43537282365801,91.44505770195684,50,0,100,100,0,0,100,0,0,0,0,100,0,0,0,0,100,0,0,0,100,0,100,0,0,0,0,0,0,100,0,0,0,100,0,0,100,0,0,100,0,100,0,0,0,0,0,0,0,0,0,0,0,0,100,0,0,100,0,100,0,0,0,100,0,0,0,100,0,0,0,0,100,0,0,0,100,100,0,"cluster_2","cluster_2","cluster_2","Increased responsibility and promotion path"
7.692307692307693,83.33333333333333,53.84615384615385,14.285714285714292,36.764705882352935,28.571428571428573,37.5,0,8.91316908811183,84.7215253386854,0,100,0,100,0,100,0,0,0,100,0,0,0,0,100,0,0,0,0,0,100,100,0,0,0,0,0,100,0,0,0,0,0,100,0,0,100,100,0,0,0,100,0,0,0,0,0,0,0,0,0,100,0,0,0,0,100,0,0,100,0,0,0,0,0,0,100,0,0,100,0,100,0,100,0,0,0,0,100,"cluster_1","cluster_1","cluster_1","Specialized skill improvement and regular feedback"
69.23076923076923,16.666666666666664,15.38461538461538,63.26530612244899,63.23529411764705,52.94117647058824,12.5,75,80.08520888010193,7.952834922227799,100,100,0,100,0,0,100,0,0,0,0,100,0,0,0,0,0,0,100,100,0,100,0,0,100,0,0,0,0,0,0,0,0,0,100,100,0,0,100,0,0,100,0,100,0,0,0,0,0,0,0,0,0,0,0,0,100,0,0,100,0,0,0,100,0,0,0,100,0,0,0,0,100,0,0,100,0,100,0,"cluster_2","cluster_2","cluster_2","Increased responsibility and promotion path"
3.846153846153854,72.91666666666666,38.46153846153846,69.38775510204083,49.99999999999999,0,25,0,4.7856899204299435,15.45408931259408,0,100,0,100,0,100,0,0,0,0,0,100,0,0,0,0,0,0,100,0,100,0,0,100,0,0,0,0,100,0,0,0,0,0,100,0,100,0,0,100,100,0,0,0,0,0,0,0,0,100,0,0,0,0,0,0,100,0,0,0,100,0,0,0,0,0,100,0,0,100,0,100,0,100,0,0,0,0,100,"cluster_1","cluster_1","cluster_1","Specialized skill improvement and regular feedback"
69.23076923076923,10.416666666666664,84.61538461538461,77.55102040816327,83.8235294117647,69.74789915966387,87.5,62.5,36.658614520317165,94.73156046161566,35.71428571428571,0,100,100,0,0,0,100,0,100,0,0,100,0,0,0,0,0,0,100,0,0,0,100,0,0,100,0,0,0,0,0,0,100,0,0,100,0,100,0,100,0,0,0,0,0,0,0,0,100,0,0,0,0,0,0,0,100,0,0,0,0,100,0,100,0,0,100,0,0,0,100,0,100,0,0,0,100,0,"cluster_2","cluster_2","cluster_2","Increased responsibility and promotion path"
42.30769230769232,79.16666666666666,89.74358974358975,81.6326530612245,79.41176470588235,73.10924369747899,100,25,19.74040529910127,1.6808830908178631,0,0,100,0,100,0,100,0,0,0,0,100,0,0,0,0,100,0,0,0,100,0,100,0,0,0,0,0,100,0,0,0,0,100,0,100,0,100,0,0,0,100,0,0,0,0,0,0,0,0,0,0,0,100,0,0,100,0,0,100,0,0,0,0,0,100,0,0,100,0,0,100,0,100,0,0,0,0,100,"cluster_1","cluster_1","cluster_1","Specialized skill improvement and regular feedback"
92.30769230769232,68.75,82.05128205128204,69.38775510204083,76.47058823529412,65.54621848739495,75,87.5,86.37180031605256,4.11440040140492,92.85714285714285,100,0,100,0,100,0,0,0,0,100,0,0,100,0,0,0,0,0,0,100,100,0,0,0,0,0,0,0,100,0,0,0,100,0,100,0,0,0,100,0,100,100,0,0,0,0,0,0,0,0,0,0,0,0,0,0,100,0,0,0,100,0,100,0,0,0,100,0,0,0,100,0,100,0,0,0,100,0,"cluster_2","cluster_2","cluster_2","Increased responsibility and promotion path"
42.30769230769232,29.166666666666664,64.10256410256409,36.73469387755104,26.47058823529411,0,37.5,25,24.705354097196597,16.658304064224787,0,100,0,100,0,0,0,100,0,100,0,0,0,0,0,100,0,0,0,0,100,100,0,0,0,0,0,0,0,0,0,0,100,100,0,100,0,0,100,0,0,100,0,0,0,100,0,0,0,0,0,0,0,0,0,0,100,0,0,0,100,0,0,0,0,100,0,0,100,0,0,0,100,0,0,0,100,0,100,"cluster_0","cluster_0","cluster_0","Time management training + Personal coaching"
15.384615384615387,93.74999999999999,74.35897435897436,55.102040816326536,60.29411764705882,9.243697478991598,75,12.5,11.457252848997891,23.4821876567988,0,100,0,0,100,0,0,100,0,0,100,0,0,0,100,0,0,0,0,100,0,100,0,0,0,0,0,0,100,0,0,0,0,0,100,100,0,100,0,0,100,0,0,0,0,0,0,0,0,0,100,0,0,0,0,0,0,100,0,0,0,0,100,0,0,0,100,0,0,0,100,0,100,0,0,0,100,0,100,"cluster_0","cluster_0","cluster_0","Time management training + Personal coaching"
84.61538461538461,16.666666666666664,61.53846153846154,63.26530612244899,63.23529411764705,50.42016806722689,0,75,89.62421770033487,83.21625689914701,92.85714285714285,100,0,0,100,0,0,0,100,0,100,0,0,0,0,0,100,0,0,100,0,0,100,0,0,0,0,0,0,0,100,0,0,0,100,0,100,0,100,0,100,0,0,0,0,0,100,0,0,0,0,0,0,0,0,0,0,100,0,0,0,100,0,100,0,0,0,100,0,0,0,0,100,0,100,0,0,100,0,"cluster_2","cluster_2","cluster_2","Increased responsibility and promotion path"
69.23076923076923,52.08333333333332,2.564102564102562,53.06122448979593,54.41176470588234,60.50420168067227,50,100,59.582866332050095,17.887606623181135,64.28571428571428,0,100,0,100,100,0,0,0,100,0,0,0,0,100,0,0,0,0,100,0,100,0,0,0,0,0,0,0,100,0,0,0,100,0,100,0,100,0,0,100,0,0,0,0,100,0,0,0,0,0,0,0,0,0,0,0,0,100,100,0,0,0,100,0,0,0,100,0,0,0,100,0,100,0,0,0,100,0,"cluster_2","cluster_2","cluster_2","Increased responsibility and promotion path"
61.53846153846155,37.49999999999999,30.769230769230766,42.85714285714286,54.41176470588234,14.285714285714286,0,75,67.53117016018435,1.3045659809332673,0,100,0,0,100,0,100,0,0,0,0,100,0,100,0,0,0,0,0,100,0,0,100,0,0,0,0,0,100,0,0,0,0,100,0,100,0,0,0,100,0,100,0,0,0,0,0,0,0,100,0,0,0,0,0,0,0,100,0,0,0,100,0,100,0,0,0,100,0,0,0,100,0,100,0,0,0,0,100,"cluster_1","cluster_1","cluster_1","Specialized skill improvement and regular feedback"
11.538461538461547,68.75,94.87179487179486,97.95918367346941,89.70588235294116,51.260504201680675,75,12.5,13.369927669913052,62.99548419468138,0,100,0,0,100,100,0,0,0,0,100,0,100,0,0,0,0,0,0,0,100,0,0,100,0,0,0,0,0,0,100,0,0,0,100,0,100,0,0,100,100,0,100,0,0,0,0,0,0,0,0,0,0,0,0,0,0,0,100,0,0,100,0,0,0,0,100,0,0,0,100,100,0,100,0,0,0,0,100,"cluster_1","cluster_1","cluster_1","Specialized skill improvement and regular feedback"
96.15384615384616,60.41666666666666,89.74358974358975,97.95918367346941,88.23529411764704,46.21848739495798,87.5,50,81.29894811586738,18.28901154039137,0,100,0,0,100,0,100,0,0,100,0,0,0,100,0,0,0,0,0,100,0,0,0,100,100,0,0,0,0,0,0,0,0,0,100,100,0,0,100,0,100,0,0,0,0,0,0,0,0,0,0,0,100,0,0,0,100,0,0,0,0,0,100,0,100,0,0,100,0,0,0,0,100,0,0,0,100,0,100,"cluster_0","cluster_0","cluster_0","Time management training + Personal coaching"
100,81.24999999999999,23.076923076923073,87.75510204081634,82.35294117647058,55.46218487394958,12.5,62.5,68.24437684044916,81.51028600100351,57.14285714285714,100,0,100,0,100,0,0,0,0,100,0,0,0,0,100,0,0,0,0,100,0,100,0,0,0,0,100,0,0,0,0,0,100,0,0,100,100,0,0,0,100,0,0,0,100,0,0,0,0,0,0,0,0,0,0,100,0,0,0,0,100,0,0,100,0,0,100,0,0,0,100,0,100,0,0,0,100,0,"cluster_2","cluster_2","cluster_2","Increased responsibility and promotion path"
53.846153846153854,0,10.256410256410255,55.102040816326536,39.70588235294117,0,50,100,90.10456187737998,8.103361766181637,0,0,100,100,0,100,0,0,0,100,0,0,100,0,0,0,0,0,0,0,100,0,0,100,0,0,0,0,0,0,0,100,0,0,100,0,100,0,100,0,100,0,0,100,0,0,0,0,0,0,0,0,0,0,0,0,0,0,100,0,100,0,0,100,0,0,0,100,0,0,0,0,100,0,0,0,100,0,100,"cluster_0","cluster_0","cluster_0","Time management training + Personal coaching"
42.30769230769232,60.41666666666666,43.589743589743584,10.204081632653072,32.35294117647059,50.42016806722689,25,37.5,20.613378629557182,7.300551931761165,0,100,0,100,0,0,100,0,0,100,0,0,0,100,0,0,0,0,0,100,0,100,0,0,100,0,0,0,0,0,0,0,0,100,0,100,0,0,0,100,0,100,0,0,0,0,0,100,0,0,0,0,0,0,0,0,0,0,100,0,0,0,100,0,0,100,0,0,100,0,0,0,100,0,0,100,0,0,100,"cluster_0","cluster_0","cluster_0","Time management training + Personal coaching"
30.769230769230774,75,58.97435897435897,40.81632653061226,51.47058823529411,15.126050420168067,50,25,19.65234219997633,96.03612644254892,0,0,100,0,100,0,100,0,0,100,0,0,0,0,0,0,0,100,0,100,0,0,0,100,0,0,0,100,0,0,0,0,0,100,0,0,100,100,0,0,100,0,0,0,0,100,0,0,0,0,0,0,0,0,0,0,100,0,0,0,0,100,0,0,0,100,0,0,100,0,0,100,0,100,0,0,0,0,100,"cluster_1","cluster_1","cluster_1","Specialized skill improvement and regular feedback"
84.61538461538461,52.08333333333332,74.35897435897436,36.73469387755104,54.41176470588234,57.983193277310924,87.5,50,44.61596831120734,98.24385348720521,0,100,0,0,100,0,0,100,0,0,100,0,0,0,0,0,0,0,100,100,0,100,0,0,0,0,100,0,0,0,0,0,0,0,100,0,100,100,0,0,100,0,0,0,100,0,0,0,0,0,0,0,0,0,0,0,0,100,0,0,0,0,100,0,100,0,0,100,0,0,0,100,0,100,0,0,0,0,100,"cluster_1","cluster_1","cluster_1","Specialized skill improvement and regular feedback"
26.923076923076934,2.083333333333333,35.89743589743589,71.42857142857143,51.47058823529411,0,37.5,37.5,13.012106065563502,20.722528850978428,0,100,0,100,0,0,0,0,100,0,0,100,0,0,0,0,100,0,0,100,0,100,0,0,100,0,0,0,0,0,0,0,0,0,100,100,0,0,0,100,100,0,0,0,0,100,0,0,0,0,0,0,0,0,0,0,0,100,0,0,100,0,0,0,0,100,0,0,0,0,100,0,100,0,0,0,100,0,100,"cluster_0","cluster_0","cluster_0","Time management training + Personal coaching"
7.692307692307693,95.83333333333333,92.30769230769232,65.30612244897961,63.23529411764705,14.285714285714286,75,0,3.5315739277534526,0.8529854490717526,0,0,100,0,100,0,0,100,0,100,0,0,0,0,0,100,0,0,0,0,100,0,0,100,0,0,0,100,0,0,0,0,0,0,100,100,0,0,100,0,0,100,0,0,0,0,0,0,0,0,100,0,0,0,0,0,0,100,0,100,0,0,0,0,0,0,100,0,0,100,0,100,0,100,0,0,0,0,100,"cluster_1","cluster_1","cluster_1","Specialized skill improvement and regular feedback"
61.53846153846155,52.08333333333332,43.589743589743584,65.30612244897961,73.52941176470588,19.327731092436974,12.5,50,64.81931401282311,97.19016557952834,0,0,100,0,100,0,100,0,0,0,0,100,0,100,0,0,0,0,0,0,100,100,0,0,0,0,0,0,100,0,0,0,0,0,100,0,100,0,0,100,100,0,0,0,0,0,100,0,0,0,0,0,0,0,0,0,0,0,100,0,0,0,100,0,100,0,0,100,0,0,0,100,0,100,0,0,0,0,100,"cluster_1","cluster_1","cluster_1","Specialized skill improvement and regular feedback"
73.0769230769231,91.66666666666666,0,36.73469387755104,51.47058823529411,21.84873949579832,12.5,75,56.22498207411224,66.43251379829402,78.57142857142857,0,100,0,100,100,0,0,0,0,0,100,0,0,0,0,100,0,0,0,100,0,0,100,0,0,0,100,0,0,0,0,0,100,0,0,100,0,0,100,100,0,100,0,0,0,0,0,0,0,0,0,0,0,0,0,0,100,0,100,0,0,0,100,0,0,0,100,0,0,0,100,0,100,0,0,0,100,0,"cluster_2","cluster_2","cluster_2","Increased responsibility and promotion path"
15.384615384615387,29.166666666666664,76.92307692307693,100,98.52941176470586,57.983193277310924,87.5,12.5,15.078978328819955,68.99147014550928,0,100,0,0,100,0,0,100,0,0,0,100,0,0,0,0,0,0,100,100,0,0,0,100,0,0,100,0,0,0,0,0,0,100,0,0,100,0,0,100,0,100,0,0,0,0,0,0,0,0,100,0,0,0,0,0,100,0,0,0,0,0,100,0,0,0,100,0,0,0,100,100,0,100,0,0,0,0,100,"cluster_1","cluster_1","cluster_1","Specialized skill improvement and regular feedback"
34.61538461538463,29.166666666666664,35.89743589743589,8.163265306122454,23.529411764705877,76.47058823529412,0,37.5,18.961760426601323,14.47566482689413,0,100,0,0,100,100,0,0,0,0,100,0,0,0,0,0,100,0,0,100,0,0,100,0,0,0,0,0,100,0,0,0,0,0,100,100,0,0,0,100,0,100,0,0,0,0,0,0,0,0,0,0,0,0,0,100,0,0,100,0,0,100,0,0,0,100,0,0,100,0,0,100,0,100,0,0,0,0,100,"cluster_1","cluster_1","cluster_1","Specialized skill improvement and regular feedback"
11.538461538461547,24.999999999999996,53.84615384615385,12.244897959183689,35.29411764705882,82.3529411764706,12.5,12.5,16.064728118234285,97.84244856999499,0,0,100,0,100,0,100,0,0,0,0,100,0,0,0,0,100,0,0,100,0,0,0,100,0,0,0,0,0,100,0,0,0,100,0,0,100,100,0,0,100,0,0,0,0,0,0,0,0,0,100,0,0,0,0,0,0,0,100,100,0,0,0,0,0,0,100,0,0,0,100,100,0,100,0,0,0,0,100,"cluster_1","cluster_1","cluster_1","Specialized skill improvement and regular feedback"
61.53846153846155,22.916666666666664,46.15384615384615,6.1224489795918515,19.117647058823522,27.73109243697479,37.5,100,45.571783608429,12.293025589563472,0,100,0,100,0,0,100,0,0,0,100,0,0,100,0,0,0,0,0,100,0,0,0,100,0,0,0,0,0,100,0,0,0,0,100,100,0,0,100,0,0,100,0,0,0,0,0,0,0,0,0,100,0,0,0,0,0,0,100,0,0,100,0,100,0,0,0,100,0,0,0,0,100,0,0,0,100,0,100,"cluster_0","cluster_0","cluster_0","Time management training + Personal coaching"
38.46153846153847,39.58333333333332,61.53846153846154,38.77551020408164,27.941176470588225,0,50,25,21.985492213551275,7.62669342699448,0,0,100,100,0,0,100,0,0,100,0,0,100,0,0,0,0,0,0,0,100,0,100,0,0,0,0,100,0,0,0,0,0,0,100,0,100,0,0,100,0,100,0,0,0,0,100,0,0,0,0,0,0,0,0,0,100,0,0,0,100,0,0,0,0,100,0,0,100,0,0,0,100,0,0,0,100,0,100,"cluster_0","cluster_0","cluster_0","Time management training + Personal coaching"
92.30769230769232,87.49999999999999,71.7948717948718,77.55102040816327,55.88235294117646,0,37.5,75,31.466720502342547,21.5253386853989,57.14285714285714,0,100,100,0,0,0,100,0,0,0,100,0,0,0,0,0,0,100,0,100,0,0,100,0,0,0,0,0,100,0,0,0,0,100,100,0,0,100,0,100,0,0,0,0,0,0,0,0,0,0,0,100,0,0,0,100,0,0,0,100,0,0,100,0,0,0,100,0,0,0,100,0,100,0,0,0,100,0,"cluster_2","cluster_2","cluster_2","Increased responsibility and promotion path"
96.15384615384616,93.74999999999999,5.128205128205131,6.1224489795918515,23.529411764705877,52.94117647058824,25,87.5,38.61131802265275,21.55042649272454,100,100,0,0,100,0,0,0,100,0,0,100,0,0,0,100,0,0,0,0,100,0,100,0,0,0,0,0,100,0,0,0,0,0,100,100,0,0,100,0,100,0,0,0,0,0,0,0,0,0,0,0,0,100,0,0,100,0,0,0,0,100,0,100,0,0,0,100,0,0,0,100,0,100,0,0,0,100,0,"cluster_2","cluster_2","cluster_2","Increased responsibility and promotion path"
3.846153846153854,93.74999999999999,10.256410256410255,59.18367346938777,70.58823529411765,27.73109243697479,0,0,7.791669857358665,3.4872052182639255,0,100,0,100,0,0,0,100,0,0,0,100,100,0,0,0,0,0,0,0,100,0,0,100,0,0,100,0,0,0,0,0,0,0,100,100,0,0,0,100,100,0,0,0,0,100,0,0,0,0,0,0,0,0,0,0,100,0,0,0,0,0,100,0,0,0,100,0,0,100,0,100,0,100,0,0,0,0,100,"cluster_1","cluster_1","cluster_1","Specialized skill improvement and regular feedback"
88.46153846153848,87.49999999999999,53.84615384615385,34.69387755102042,44.11764705882353,9.243697478991598,25,62.5,63.43118895626083,24.460612142498746,50,0,100,0,100,100,0,0,0,0,0,100,100,0,0,0,0,0,0,100,0,0,0,100,0,100,0,0,0,0,0,0,0,0,100,100,0,0,100,0,100,0,0,0,0,0,0,0,0,0,0,0,0,100,0,0,100,0,0,0,0,100,0,0,100,0,0,100,0,0,0,0,100,0,0,0,100,100,0,"cluster_2","cluster_2","cluster_2","Increased responsibility and promotion path"
46.15384615384616,37.49999999999999,0,34.69387755102042,52.941176470588225,39.49579831932773,0,75,23.863359485405198,97.21525338685399,0,0,100,100,0,0,100,0,0,100,0,0,0,0,0,0,100,0,0,100,0,0,100,0,0,0,0,0,0,100,0,0,0,0,100,0,100,0,100,0,100,0,0,0,0,0,100,0,0,0,0,0,0,0,0,0,0,100,0,0,0,100,0,100,0,0,0,0,100,0,0,0,100,0,0,0,100,0,100,"cluster_0","cluster_0","cluster_0","Time management training + Personal coaching"
69.23076923076923,66.66666666666666,28.205128205128197,4.081632653061234,2.941176470588232,0,25,75,32.1976790326286,1.5554440541896657,78.57142857142857,0,100,100,0,0,0,100,0,0,100,0,0,100,0,0,0,0,0,100,0,0,100,0,0,0,100,0,0,0,0,0,0,0,100,0,100,100,0,0,0,100,100,0,0,0,0,0,0,0,0,0,0,0,0,0,0,100,0,0,100,0,0,100,0,0,0,100,0,0,0,100,0,100,0,0,0,100,0,"cluster_2","cluster_2","cluster_2","Increased responsibility and promotion path"
84.61538461538461,75,2.564102564102562,46.938775510204096,55.88235294117646,75.63025210084034,25,75,52.1914832888957,81.23432012042147,78.57142857142857,0,100,100,0,0,100,0,0,100,0,0,0,0,100,0,0,0,0,0,100,0,0,100,100,0,0,0,0,0,0,0,0,100,0,0,100,0,0,100,0,100,0,0,0,0,0,0,0,0,0,0,0,100,0,0,0,0,100,0,0,100,0,100,0,0,0,100,0,0,0,100,0,100,0,0,0,100,0,"cluster_2","cluster_2","cluster_2","Increased responsibility and promotion path"
73.0769230769231,0,53.84615384615385,36.73469387755104,26.47058823529411,0,37.5,87.5,49.04557700474079,6.246864024084298,35.71428571428571,100,0,100,0,100,0,0,0,0,100,0,0,0,0,0,0,100,0,100,0,0,100,0,0,0,0,0,0,0,0,100,0,100,0,0,100,0,100,0,0,100,0,100,0,0,0,0,0,0,0,0,0,0,0,0,0,0,100,0,100,0,0,100,0,0,0,100,0,0,0,0,100,0,0,0,100,100,0,"cluster_2","cluster_2","cluster_2","Increased responsibility and promotion path"
53.846153846153854,12.5,79.48717948717947,67.34693877551022,76.47058823529412,81.5126050420168,87.5,100,84.35853167835042,91.04365278474661,0,0,100,0,100,0,0,0,100,0,100,0,0,0,0,100,0,0,0,100,0,0,100,0,0,0,0,0,0,0,0,100,0,0,100,0,100,0,0,100,0,100,0,0,0,0,0,0,0,0,0,100,0,0,0,0,0,0,100,0,0,100,0,100,0,0,0,100,0,0,0,0,100,0,0,100,0,0,100,"cluster_0","cluster_0","cluster_0","Time management training + Personal coaching"
15.384615384615387,95.83333333333333,28.205128205128197,12.244897959183689,8.823529411764703,0,25,12.5,13.976971325541085,12.242849974912195,0,100,0,100,0,0,100,0,0,100,0,0,0,0,0,100,0,0,0,0,100,100,0,0,0,0,0,0,100,0,0,0,0,0,100,0,100,100,0,0,100,0,0,0,0,0,0,0,0,0,0,0,0,100,0,0,100,0,0,0,100,0,0,0,0,0,100,0,0,0,100,0,100,0,0,0,100,0,100,"cluster_0","cluster_0","cluster_0","Time management training + Personal coaching"
76.92307692307693,6.249999999999999,84.61538461538461,55.102040816326536,54.41176470588234,83.19327731092437,87.5,62.5,65.09011674451956,13.923733065730056,57.14285714285714,100,0,100,0,0,0,100,0,0,100,0,0,0,0,0,100,0,0,0,100,0,0,100,0,0,0,0,0,0,0,100,0,0,100,100,0,0,0,100,100,0,0,0,0,100,0,0,0,0,0,0,0,0,0,0,0,0,100,0,0,0,100,0,100,0,0,100,0,0,0,100,0,100,0,0,0,100,0,"cluster_2","cluster_2","cluster_2","Increased responsibility and promotion path"
42.30769230769232,49.99999999999999,7.692307692307693,53.06122448979593,55.88235294117646,37.81512605042017,25,37.5,31.15449678726322,5.970898143502259,0,0,100,0,100,0,100,0,0,100,0,0,100,0,0,0,0,0,0,0,100,100,0,0,0,100,0,0,0,0,0,0,0,100,0,100,0,0,100,0,100,0,0,0,0,0,100,0,0,0,0,0,0,0,0,0,0,0,100,0,0,0,100,0,0,100,0,0,100,0,0,0,100,0,100,0,0,0,100,"cluster_0","cluster_0","cluster_0","Time management training + Personal coaching"
76.92307692307693,33.33333333333333,79.48717948717947,61.22448979591837,69.11764705882351,44.53781512605042,75,62.5,82.66235981259616,11.038635223281487,64.28571428571428,100,0,0,100,0,100,0,0,0,0,100,0,0,0,100,0,0,0,100,0,100,0,0,0,0,0,0,0,0,100,0,0,100,0,100,0,0,0,100,100,0,0,0,0,0,100,0,0,0,0,0,0,0,0,0,100,0,0,0,0,100,0,0,100,0,0,100,0,0,0,100,0,100,0,0,0,100,0,"cluster_2","cluster_2","cluster_2","Increased responsibility and promotion path"
38.46153846153847,66.66666666666666,30.769230769230766,93.87755102040818,94.11764705882351,68.90756302521008,12.5,37.5,25.937193258473897,0.6271951831409943,0,100,0,0,100,0,0,0,100,100,0,0,0,0,0,0,100,0,0,100,0,0,0,100,0,0,0,0,0,0,0,100,0,0,100,100,0,0,100,0,0,100,0,0,0,0,0,0,0,0,0,0,0,0,0,100,0,0,100,0,0,0,100,0,0,100,0,0,100,0,0,0,100,0,0,0,100,0,100,"cluster_0","cluster_0","cluster_0","Time management training + Personal coaching"
23.07692307692308,14.583333333333332,92.30769230769232,53.06122448979593,57.35294117647059,54.621848739495796,75,12.5,15.839175200317447,22.854992473657802,0,0,100,100,0,0,0,100,0,100,0,0,0,0,0,100,0,0,0,0,100,0,0,100,0,0,0,0,0,100,0,0,0,100,0,100,0,0,100,0,100,0,0,0,0,0,0,0,0,0,0,0,0,100,0,0,0,100,0,0,0,0,100,0,0,0,100,0,0,0,100,0,100,0,0,0,100,0,100,"cluster_0","cluster_0","cluster_0","Time management training + Personal coaching"
23.07692307692308,52.08333333333332,94.87179487179486,44.89795918367348,48.52941176470588,48.739495798319325,87.5,12.5,15.138151162224064,21.876567987957856,0,0,100,0,100,0,100,0,0,0,0,100,0,0,100,0,0,0,0,100,0,0,100,0,0,0,0,0,0,0,0,100,0,100,0,100,0,0,100,0,0,100,0,0,0,0,100,0,0,0,0,0,0,0,0,0,0,100,0,100,0,0,0,0,0,0,100,0,0,0,100,100,0,100,0,0,0,0,100,"cluster_1","cluster_1","cluster_1","Specialized skill improvement and regular feedback"
96.15384615384616,68.75,74.35897435897436,57.14285714285715,63.23529411764705,18.487394957983195,75,62.5,54.09858890196106,71.37481184144505,92.85714285714285,100,0,100,0,0,0,100,0,0,0,100,0,0,0,0,100,0,0,100,0,0,0,100,0,0,0,0,0,100,0,0,0,100,0,0,100,0,0,100,0,100,0,0,0,0,0,0,0,100,0,0,0,0,0,0,0,0,100,0,0,0,100,0,100,0,0,100,0,0,0,0,100,0,0,100,0,100,0,"cluster_2","cluster_2","cluster_2","Increased responsibility and promotion path"
88.46153846153848,41.66666666666666,28.205128205128197,38.77551020408164,49.99999999999999,24.369747899159663,37.5,50,63.88995245288799,3.236327145007527,0,100,0,100,0,0,0,100,0,0,100,0,0,0,0,100,0,0,0,0,100,0,0,100,0,0,0,0,0,0,0,0,100,100,0,100,0,0,100,0,0,100,0,0,0,0,0,0,0,0,0,0,0,100,0,0,100,0,0,100,0,0,0,0,100,0,0,100,0,0,0,0,100,0,0,0,100,0,100,"cluster_0","cluster_0","cluster_0","Time management training + Personal coaching"
73.0769230769231,20.833333333333332,5.128205128205131,69.38775510204083,70.58823529411765,18.487394957983195,50,87.5,44.86623458895765,90.44154540893126,57.14285714285714,0,100,0,100,0,0,100,0,0,100,0,0,100,0,0,0,0,0,0,100,100,0,0,0,0,0,0,0,0,0,100,0,0,100,0,100,0,100,0,100,0,0,0,0,0,0,0,0,0,0,0,100,0,0,0,0,100,0,0,0,0,100,100,0,0,0,100,0,0,0,0,100,0,0,0,100,100,0,"cluster_2","cluster_2","cluster_2","Increased responsibility and promotion path"
69.23076923076923,66.66666666666666,10.256410256410255,16.32653061224491,35.29411764705882,26.050420168067227,37.5,75,90.84770304983746,5.745107877571501,42.857142857142854,100,0,100,0,0,0,0,100,0,0,100,0,0,100,0,0,0,0,0,100,100,0,0,100,0,0,0,0,0,0,0,0,0,100,100,0,100,0,0,0,100,0,0,0,0,0,0,0,0,0,0,0,0,100,0,100,0,0,100,0,0,0,100,0,0,0,100,0,0,0,100,0,100,0,0,0,100,0,"cluster_2","cluster_2","cluster_2","Increased responsibility and promotion path"
46.15384615384616,6.249999999999999,41.025641025641015,61.22448979591837,44.11764705882353,0,0,62.5,30.704087102410774,12.59407927747115,0,100,0,0,100,0,0,100,0,100,0,0,0,0,0,0,0,100,0,100,0,0,100,0,0,0,0,0,100,0,0,0,0,100,0,0,100,100,0,0,100,0,0,0,0,100,0,0,0,0,0,0,0,0,0,0,0,100,0,0,100,0,0,0,100,0,0,0,100,0,0,0,100,0,0,100,0,0,100,"cluster_0","cluster_0","cluster_0","Time management training + Personal coaching"
3.846153846153854,93.74999999999999,23.076923076923073,38.77551020408164,52.941176470588225,84.87394957983193,12.5,0,1.187981649460136,19.59357752132464,0,100,0,0,100,0,100,0,0,100,0,0,0,0,0,0,100,0,0,100,0,0,100,0,0,100,0,0,0,0,0,0,0,100,0,100,0,0,0,100,0,100,0,0,0,0,0,0,0,0,100,0,0,0,0,0,0,0,100,100,0,0,0,0,0,0,100,0,0,100,0,0,100,0,0,0,100,0,100,"cluster_0","cluster_0","cluster_0","Time management training + Personal coaching"
23.07692307692308,93.74999999999999,12.820512820512825,28.571428571428584,39.70588235294117,58.82352941176471,12.5,12.5,14.52066524187766,76.8941294530858,0,0,100,0,100,100,0,0,0,100,0,0,100,0,0,0,0,0,0,100,0,100,0,0,0,100,0,0,0,0,0,0,0,0,100,0,100,0,0,100,100,0,0,0,0,0,0,0,0,0,0,100,0,0,0,0,0,100,0,100,0,0,0,0,0,0,100,0,0,0,100,100,0,100,0,0,0,0,100,"cluster_1","cluster_1","cluster_1","Specialized skill improvement and regular feedback"
50.000000000000014,66.66666666666666,58.97435897435897,8.163265306122454,27.941176470588225,36.134453781512605,0,50,58.197873954903336,1.5052684395383853,0,0,100,0,100,0,0,100,0,100,0,0,0,0,0,0,100,0,0,0,100,0,0,100,0,0,0,0,100,0,0,0,0,100,0,100,0,100,0,0,0,100,0,0,0,0,0,100,0,0,0,0,0,0,0,0,100,0,0,0,0,100,0,0,100,0,0,100,0,0,0,100,0,100,0,0,0,0,100,"cluster_1","cluster_1","cluster_1","Specialized skill improvement and regular feedback"
19.23076923076924,47.91666666666666,94.87179487179486,51.020408163265316,63.23529411764705,78.15126050420169,87.5,12.5,16.4270747039618,4.892122428499752,0,100,0,0,100,0,100,0,0,100,0,0,0,0,0,0,0,0,100,100,0,0,100,0,100,0,0,0,0,0,0,0,0,0,100,100,0,100,0,0,100,0,0,0,0,0,0,0,0,0,0,0,100,0,0,0,0,0,100,100,0,0,0,0,0,0,100,0,0,0,100,0,100,0,0,100,0,0,100,"cluster_0","cluster_0","cluster_0","Time management training + Personal coaching"
3.846153846153854,33.33333333333333,33.333333333333336,57.14285714285715,57.35294117647059,55.46218487394958,50,0,7.831350463288478,69.64375313597591,0,0,100,100,0,0,100,0,0,0,100,0,0,0,0,100,0,0,0,0,100,100,0,0,0,0,0,0,0,100,0,0,0,100,0,0,100,0,100,0,0,100,0,0,0,0,0,0,100,0,0,0,0,0,0,0,0,0,100,100,0,0,0,0,0,0,100,0,0,100,0,100,0,100,0,0,0,0,100,"cluster_1","cluster_1","cluster_1","Specialized skill improvement and regular feedback"
73.0769230769231,89.58333333333333,10.256410256410255,32.653061224489804,45.588235294117645,34.45378151260504,12.5,62.5,96.29995753479015,74.78675363773206,71.42857142857142,0,100,100,0,100,0,0,0,0,100,0,0,0,100,0,0,0,0,100,0,0,100,0,0,0,0,0,0,100,0,0,0,100,0,0,100,0,100,0,0,100,0,0,0,0,0,100,0,0,0,0,0,0,0,0,0,100,0,0,0,0,100,0,100,0,0,100,0,0,0,100,0,100,0,0,0,100,0,"cluster_2","cluster_2","cluster_2","Increased responsibility and promotion path"
96.15384615384616,95.83333333333333,74.35897435897436,75.51020408163266,72.05882352941177,54.621848739495796,100,62.5,60.5512123469338,11.314601103863522,35.71428571428571,100,0,0,100,0,100,0,0,0,100,0,0,100,0,0,0,0,0,100,0,0,100,0,0,0,0,0,100,0,0,0,0,0,100,100,0,100,0,0,100,0,0,0,0,0,0,0,0,0,0,100,0,0,0,0,0,100,0,0,0,100,0,0,100,0,0,100,0,0,0,100,0,100,0,0,0,100,0,"cluster_2","cluster_2","cluster_2","Increased responsibility and promotion path"
69.23076923076923,93.74999999999999,10.256410256410255,83.6734693877551,75,63.02521008403362,37.5,62.5,92.30161437412548,69.39287506271951,57.14285714285714,100,0,100,0,0,100,0,0,0,0,100,0,0,0,0,100,0,0,100,0,100,0,0,0,0,0,100,0,0,0,0,0,100,0,0,100,0,100,0,100,0,0,0,100,0,0,0,0,0,0,0,0,0,0,0,0,0,100,100,0,0,0,0,100,0,0,100,0,0,0,0,100,0,100,0,0,100,0,"cluster_2","cluster_2","cluster_2","Increased responsibility and promotion path"
0,89.58333333333333,2.564102564102562,69.38775510204083,49.99999999999999,0,0,0,5.563986717439279,19.844455594581035,0,100,0,100,0,0,100,0,0,100,0,0,0,0,0,0,0,0,100,100,0,100,0,0,0,0,0,0,0,0,0,100,0,0,100,0,100,100,0,0,0,100,0,0,0,0,0,0,0,0,0,0,100,0,0,0,0,0,100,0,100,0,0,0,0,0,100,0,0,100,0,0,100,0,0,0,100,0,100,"cluster_0","cluster_0","cluster_0","Time management training + Personal coaching"
65.38461538461539,85.41666666666666,38.46153846153846,46.938775510204096,52.941176470588225,36.134453781512605,50,62.5,51.00767854532291,82.8901154039137,64.28571428571428,0,100,100,0,0,100,0,0,0,0,100,0,0,0,0,0,0,100,0,100,0,0,100,100,0,0,0,0,0,0,0,0,0,100,0,100,100,0,0,100,0,0,0,0,0,100,0,0,0,0,0,0,0,0,0,100,0,0,100,0,0,0,0,100,0,0,100,0,0,0,100,0,100,0,0,0,100,0,"cluster_2","cluster_2","cluster_2","Increased responsibility and promotion path"
15.384615384615387,62.49999999999999,87.17948717948718,67.34693877551022,73.52941176470588,79.83193277310924,100,12.5,12.075782995816136,100,0,0,100,0,100,0,100,0,0,0,0,100,0,0,100,0,0,0,0,100,0,0,0,100,100,0,0,0,0,0,0,0,0,0,100,0,100,100,0,0,100,0,0,0,0,0,100,0,0,0,0,0,0,0,0,0,0,100,0,0,0,100,0,0,0,0,100,0,0,0,100,100,0,100,0,0,0,0,100,"cluster_1","cluster_1","cluster_1","Specialized skill improvement and regular feedback"
57.69230769230769,95.83333333333333,0,36.73469387755104,49.99999999999999,78.99159663865547,25,62.5,77.46176390735624,8.580030105368794,0,100,0,0,100,0,100,0,0,0,100,0,0,100,0,0,0,0,0,0,100,100,0,0,0,100,0,0,0,0,0,0,0,0,100,100,0,0,0,100,0,100,0,0,0,0,100,0,0,0,0,0,0,0,0,0,0,0,100,100,0,0,0,0,100,0,0,100,0,0,0,0,100,0,0,0,100,0,100,"cluster_0","cluster_0","cluster_0","Time management training + Personal coaching"
15.384615384615387,75,82.05128205128204,75.51020408163266,69.11764705882351,83.19327731092437,87.5,12.5,14.28432198375184,13.798294029101855,0,0,100,0,100,0,0,0,100,100,0,0,0,0,100,0,0,0,0,100,0,0,100,0,0,0,0,0,0,0,100,0,0,100,0,100,0,0,100,0,100,0,0,0,0,0,0,0,0,0,0,100,0,0,0,0,100,0,0,0,0,0,100,0,0,0,100,0,0,0,100,0,100,0,0,0,100,0,100,"cluster_0","cluster_0","cluster_0","Time management training + Personal coaching"
50.000000000000014,91.66666666666666,51.28205128205128,77.55102040816327,82.35294117647058,31.932773109243698,0,62.5,98.88894303396522,96.41244355243352,0,0,100,0,100,100,0,0,0,100,0,0,0,0,0,0,100,0,0,100,0,0,0,100,0,0,0,0,0,0,0,0,100,100,0,0,100,0,100,0,100,0,0,0,0,0,0,0,0,100,0,0,0,0,0,0,0,0,100,100,0,0,0,0,100,0,0,100,0,0,0,0,100,0,0,0,100,0,100,"cluster_0","cluster_0","cluster_0","Time management training + Personal coaching"
84.61538461538461,64.58333333333333,43.589743589743584,42.85714285714286,54.41176470588234,34.45378151260504,25,50,58.35903290705689,93.22629202207727,0,0,100,100,0,100,0,0,0,100,0,0,0,0,100,0,0,0,0,0,100,100,0,0,0,0,0,0,0,0,0,100,0,0,100,0,100,100,0,0,100,0,100,0,0,0,0,0,0,0,0,0,0,0,0,0,0,100,0,0,0,0,100,0,100,0,0,100,0,0,0,0,100,0,0,100,0,0,100,"cluster_0","cluster_0","cluster_0","Time management training + Personal coaching"
26.923076923076934,29.166666666666664,94.87179487179486,71.42857142857143,67.64705882352939,50.42016806722689,100,37.5,12.841549075163423,8.881083793276469,0,100,0,0,100,0,0,0,100,0,100,0,0,0,0,0,100,0,0,0,100,0,0,100,0,0,0,0,0,0,100,0,0,100,0,100,0,100,0,0,100,0,0,0,100,0,0,0,0,0,0,0,0,0,0,0,0,0,100,0,0,100,0,0,0,100,0,0,0,0,100,0,100,0,0,0,100,0,100,"cluster_0","cluster_0","cluster_0","Time management training + Personal coaching"
38.46153846153847,99.99999999999999,51.28205128205128,71.42857142857143,51.47058823529411,0,37.5,37.5,25.935452881020836,4.6663321625689935,0,100,0,0,100,0,100,0,0,0,100,0,0,0,0,100,0,0,0,0,100,0,100,0,0,100,0,0,0,0,0,0,0,0,100,100,0,0,100,0,0,100,0,0,0,0,0,0,0,0,100,0,0,0,0,0,0,0,100,0,100,0,0,0,0,100,0,0,100,0,0,100,0,100,0,0,0,0,100,"cluster_1","cluster_1","cluster_1","Specialized skill improvement and regular feedback"
34.61538461538463,39.58333333333332,10.256410256410255,16.32653061224491,29.41176470588234,47.05882352941177,12.5,37.5,29.560659115749026,16.683391871550427,0,0,100,100,0,0,0,0,100,100,0,0,100,0,0,0,0,0,0,100,0,0,0,100,0,0,0,0,0,0,0,100,0,100,0,100,0,100,0,0,100,0,0,0,0,0,0,0,0,100,0,0,0,0,0,0,0,100,0,0,0,0,100,0,0,100,0,0,100,0,0,0,100,0,0,100,0,0,100,"cluster_0","cluster_0","cluster_0","Time management training + Personal coaching"
19.23076923076924,95.83333333333333,58.97435897435897,22.448979591836746,42.6470588235294,89.91596638655463,0,12.5,13.706516669335246,18.514801806322126,0,0,100,0,100,0,100,0,0,100,0,0,0,0,0,100,0,0,0,100,0,0,100,0,0,100,0,0,0,0,0,0,0,0,100,100,0,0,0,100,100,0,0,0,0,0,0,0,100,0,0,0,0,0,0,0,0,0,100,0,0,0,100,0,0,0,100,0,0,0,100,0,100,0,0,0,100,0,100,"cluster_0","cluster_0","cluster_0","Time management training + Personal coaching"
19.23076923076924,62.49999999999999,82.05128205128204,44.89795918367348,54.41176470588234,96.63865546218487,100,12.5,13.587822927036418,83.66783743100852,0,100,0,0,100,0,0,100,0,100,0,0,0,0,0,0,0,0,100,100,0,0,0,100,100,0,0,0,0,0,0,0,0,0,100,0,100,0,0,100,100,0,0,100,0,0,0,0,0,0,0,0,0,0,0,0,100,0,0,0,0,100,0,0,0,0,100,0,0,0,100,100,0,100,0,0,0,0,100,"cluster_1","cluster_1","cluster_1","Specialized skill improvement and regular feedback"
88.46153846153848,79.16666666666666,12.820512820512825,20.40816326530613,32.35294117647059,21.84873949579832,0,87.5,89.8497706182517,24.360260913196186,85.71428571428571,0,100,100,0,0,0,100,0,0,0,100,0,0,100,0,0,0,0,100,0,0,0,100,0,0,0,0,0,0,0,0,100,0,100,100,0,0,0,100,100,0,0,0,0,0,0,100,0,0,0,0,0,0,0,0,0,100,0,0,0,0,100,100,0,0,0,100,0,0,0,100,0,100,0,0,0,100,0,"cluster_2","cluster_2","cluster_2","Increased responsibility and promotion path"
19.23076923076924,45.83333333333332,0,10.204081632653072,22.05882352941176,42.016806722689076,25,12.5,10.710978997124899,68.01304565980934,0,100,0,0,100,0,100,0,0,0,100,0,0,0,0,0,100,0,0,100,0,0,100,0,0,0,0,100,0,0,0,0,0,0,100,0,100,0,100,0,100,0,0,0,100,0,0,0,0,0,0,0,0,0,0,0,0,100,0,0,0,0,100,0,0,0,100,0,0,0,100,0,100,0,100,0,0,0,100,"cluster_0","cluster_0","cluster_0","Time management training + Personal coaching"
84.61538461538461,4.166666666666666,64.10256410256409,51.020408163265316,61.764705882352935,21.84873949579832,37.5,100,53.93917032726058,15.37882589061716,57.14285714285714,0,100,0,100,100,0,0,0,0,100,0,0,0,100,0,0,0,0,100,0,0,100,0,0,100,0,0,0,0,0,0,0,0,100,100,0,0,100,0,100,0,0,0,100,0,0,0,0,0,0,0,0,0,0,0,0,0,100,0,0,100,0,100,0,0,0,100,0,0,0,100,0,100,0,0,0,100,0,"cluster_2","cluster_2","cluster_2","Increased responsibility and promotion path"
80.76923076923077,39.58333333333332,71.7948717948718,55.102040816326536,39.70588235294117,0,12.5,62.5,91.18359589827843,12.970396387355747,100,100,0,0,100,0,0,100,0,0,100,0,0,0,100,0,0,0,0,0,100,0,100,0,0,0,0,0,100,0,0,0,0,0,100,100,0,0,0,100,100,0,0,0,100,0,0,0,0,0,0,0,0,0,0,0,0,0,100,0,100,0,0,0,100,0,0,100,0,0,0,0,100,0,0,100,0,100,0,"cluster_2","cluster_2","cluster_2","Increased responsibility and promotion path"
38.46153846153847,75,33.333333333333336,14.285714285714292,27.941176470588225,45.378151260504204,50,25,31.08731821757503,22.303060712493732,0,0,100,100,0,0,0,0,100,100,0,0,0,0,100,0,0,0,0,0,100,0,0,100,0,100,0,0,0,0,0,0,0,100,0,100,0,0,0,100,0,100,0,0,0,0,0,0,0,0,100,0,0,0,0,0,100,0,0,0,0,0,100,0,0,100,0,0,100,0,0,100,0,100,0,0,0,0,100,"cluster_1","cluster_1","cluster_1","Specialized skill improvement and regular feedback"
57.69230769230769,52.08333333333332,28.205128205128197,0.000000000000007105427357601002,20.588235294117645,38.65546218487395,37.5,100,59.248017710080966,84.9724034119418,0,0,100,100,0,0,0,100,0,100,0,0,0,0,100,0,0,0,0,100,0,0,100,0,0,0,0,0,100,0,0,0,0,100,0,0,100,0,100,0,0,100,0,0,0,0,0,0,0,0,0,0,100,0,0,0,0,0,100,0,0,0,100,100,0,0,0,100,0,0,0,0,100,0,0,0,100,0,100,"cluster_0","cluster_0","cluster_0","Time management training + Personal coaching"
100,68.75,38.46153846153846,16.32653061224491,30.88235294117647,88.23529411764706,50,62.5,92.63750722256644,93.22629202207727,50,0,100,100,0,0,100,0,0,0,0,100,100,0,0,0,0,0,0,0,100,0,0,100,0,0,0,0,0,0,0,100,0,100,0,0,100,100,0,0,0,100,0,0,0,0,0,0,100,0,0,0,0,0,0,0,0,100,0,100,0,0,0,0,100,0,0,100,0,0,0,0,100,0,0,100,0,100,0,"cluster_2","cluster_2","cluster_2","Increased responsibility and promotion path"
15.384615384615387,16.666666666666664,41.025641025641015,91.83673469387757,66.17647058823528,0,37.5,12.5,16.545072295279404,22.930255895634723,0,100,0,0,100,0,0,100,0,0,0,100,0,100,0,0,0,0,0,0,100,100,0,0,0,0,0,100,0,0,0,0,0,0,100,100,0,0,100,0,100,0,0,0,0,0,0,0,0,0,0,0,100,0,0,0,0,100,0,0,100,0,0,0,0,0,100,0,0,0,100,100,0,100,0,0,0,0,100,"cluster_1","cluster_1","cluster_1","Specialized skill improvement and regular feedback"
11.538461538461547,64.58333333333333,33.333333333333336,48.9795918367347,58.8235294117647,23.529411764705884,12.5,12.5,14.493863429100506,5.669844455594584,0,0,100,100,0,0,100,0,0,100,0,0,100,0,0,0,0,0,0,0,100,0,0,100,0,0,0,0,0,0,0,0,100,100,0,100,0,0,0,100,0,100,0,0,0,0,100,0,0,0,0,0,0,0,0,0,0,0,100,0,0,100,0,0,0,0,100,0,0,0,100,100,0,100,0,0,0,0,100,"cluster_1","cluster_1","cluster_1","Specialized skill improvement and regular feedback"
26.923076923076934,24.999999999999996,61.53846153846154,42.85714285714286,54.41176470588234,60.50420168067227,12.5,25,13.718003160525457,97.49121926743602,0,100,0,100,0,0,0,100,0,0,0,100,0,0,100,0,0,0,0,100,0,100,0,0,0,0,0,100,0,0,0,0,0,100,0,0,100,0,0,100,0,100,0,0,0,0,0,0,0,0,0,0,0,0,0,100,0,0,100,0,0,0,100,0,0,100,0,0,0,0,100,100,0,100,0,0,0,0,100,"cluster_1","cluster_1","cluster_1","Specialized skill improvement and regular feedback"
46.15384615384616,39.58333333333332,41.025641025641015,14.285714285714292,26.47058823529411,12.605042016806722,50,100,26.866902893899628,91.04365278474661,0,0,100,100,0,100,0,0,0,0,100,0,0,0,100,0,0,0,0,100,0,0,100,0,0,0,0,0,0,0,0,0,100,0,100,0,100,100,0,0,0,100,0,0,0,0,0,100,0,0,0,0,0,0,0,0,100,0,0,100,0,0,0,100,0,0,0,0,100,0,0,100,0,100,0,0,0,0,100,"cluster_1","cluster_1","cluster_1","Specialized skill improvement and regular feedback"
3.846153846153854,58.33333333333332,17.94871794871795,36.73469387755104,41.17647058823528,88.23529411764706,12.5,0,7.019638419180351,15.102860010035124,0,100,0,100,0,0,100,0,0,100,0,0,0,100,0,0,0,0,0,100,0,100,0,0,0,0,0,0,100,0,0,0,0,100,0,100,0,0,0,100,100,0,100,0,0,0,0,0,0,0,0,0,0,0,0,0,0,0,100,100,0,0,0,0,0,0,100,0,0,100,0,0,100,0,0,0,100,0,100,"cluster_0","cluster_0","cluster_0","Time management training + Personal coaching"
57.69230769230769,29.166666666666664,84.61538461538461,24.489795918367363,36.764705882352935,63.02521008403362,100,75,43.21809714090792,95.86051179126945,0,100,0,100,0,100,0,0,0,100,0,0,0,0,0,0,0,100,0,100,0,0,0,100,0,0,0,100,0,0,0,0,0,100,0,0,100,0,100,0,100,0,0,0,0,100,0,0,0,0,0,0,0,0,0,0,0,100,0,0,0,0,100,100,0,0,0,100,0,0,0,100,0,100,0,0,0,0,100,"cluster_1","cluster_1","cluster_1","Specialized skill improvement and regular feedback"
65.38461538461539,37.49999999999999,43.589743589743584,63.26530612244899,67.64705882352939,38.65546218487395,25,100,86.52947851329998,74.00903161063722,64.28571428571428,0,100,0,100,100,0,0,0,0,100,0,0,0,0,0,0,100,0,0,100,100,0,0,0,0,100,0,0,0,0,0,0,0,100,0,100,100,0,0,100,0,0,0,0,0,0,0,0,100,0,0,0,0,0,0,100,0,0,0,0,100,0,100,0,0,0,100,0,0,0,100,0,100,0,0,0,100,0,"cluster_2","cluster_2","cluster_2","Increased responsibility and promotion path"
88.46153846153848,58.33333333333332,66.66666666666666,51.020408163265316,36.764705882352935,0,50,100,85.54755755428239,16.33216256899147,42.857142857142854,0,100,0,100,0,0,0,100,0,100,0,0,0,100,0,0,0,0,100,0,0,0,100,100,0,0,0,0,0,0,0,0,0,100,100,0,100,0,0,100,0,0,0,0,0,0,0,0,0,0,0,0,0,0,100,0,100,0,0,100,0,0,100,0,0,0,100,0,0,0,100,0,100,0,0,0,100,0,"cluster_2","cluster_2","cluster_2","Increased responsibility and promotion path"
15.384615384615387,89.58333333333333,15.38461538461538,20.40816326530613,39.70588235294117,20.168067226890756,0,12.5,11.870418456354814,77.84746613146011,0,100,0,0,100,0,0,0,100,0,100,0,100,0,0,0,0,0,0,0,100,0,0,100,100,0,0,0,0,0,0,0,0,100,0,0,100,0,100,0,0,100,0,100,0,0,0,0,0,0,0,0,0,0,0,0,100,0,0,0,0,100,0,0,0,0,100,0,0,0,100,100,0,100,0,0,0,0,100,"cluster_1","cluster_1","cluster_1","Specialized skill improvement and regular feedback"
0,8.333333333333332,33.333333333333336,2.0408163265306243,16.17647058823529,69.74789915966387,0,0,7.241362506700453,76.04114400401404,0,0,100,100,0,0,0,100,0,100,0,0,100,0,0,0,0,0,0,100,0,0,100,0,0,0,0,100,0,0,0,0,0,100,0,0,100,0,100,0,100,0,0,0,0,0,0,0,0,0,0,0,0,0,0,100,0,100,0,100,0,0,0,0,0,0,100,0,0,100,0,0,100,0,100,0,0,0,100,"cluster_0","cluster_0","cluster_0","Time management training + Personal coaching"
84.61538461538461,56.24999999999999,69.23076923076923,95.91836734693878,85.29411764705881,26.050420168067227,100,62.5,60.27240387895328,88.43452082288007,42.857142857142854,0,100,0,100,100,0,0,0,0,100,0,0,100,0,0,0,0,0,0,100,100,0,0,0,0,0,0,0,0,0,100,0,100,0,0,100,0,100,0,0,100,0,0,0,0,0,0,0,0,0,0,0,100,0,0,100,0,0,100,0,0,0,0,100,0,0,100,0,0,0,100,0,100,0,0,0,100,0,"cluster_2","cluster_2","cluster_2","Increased responsibility and promotion path"
76.92307692307693,33.33333333333333,89.74358974358975,81.6326530612245,86.76470588235293,21.84873949579832,87.5,50,81.53668367595566,98.59508278976418,0,100,0,100,0,0,0,100,0,0,0,100,0,0,0,100,0,0,0,0,100,100,0,0,0,0,0,0,0,0,0,0,100,100,0,0,100,0,100,0,100,0,100,0,0,0,0,0,0,0,0,0,0,0,0,0,0,100,0,0,0,0,100,0,100,0,0,100,0,0,0,100,0,100,0,0,0,0,100,"cluster_1","cluster_1","cluster_1","Specialized skill improvement and regular feedback"
96.15384615384616,60.41666666666666,41.025641025641015,55.102040816326536,39.70588235294117,0,25,100,50.616789769365184,5.770195684897141,57.14285714285714,100,0,100,0,0,100,0,0,0,0,100,0,0,0,0,0,0,100,0,100,0,0,100,0,0,0,0,0,0,0,0,100,0,100,100,0,100,0,0,0,100,0,0,0,0,0,0,0,100,0,0,0,0,0,0,0,100,0,0,100,0,0,100,0,0,0,100,0,0,0,0,100,0,0,0,100,100,0,"cluster_2","cluster_2","cluster_2","Increased responsibility and promotion path"
100,4.166666666666666,41.025641025641015,87.75510204081634,89.70588235294116,90.75630252100841,25,75,43.4307712656721,90.96838936276968,64.28571428571428,100,0,100,0,0,0,0,100,0,100,0,0,0,0,0,100,0,0,100,0,0,0,100,0,0,100,0,0,0,0,0,0,0,100,0,100,0,0,100,100,0,0,0,0,100,0,0,0,0,0,0,0,0,0,0,100,0,0,0,0,0,100,100,0,0,0,100,0,0,0,0,100,0,0,0,100,100,0,"cluster_2","cluster_2","cluster_2","Increased responsibility and promotion path"
23.07692307692308,93.74999999999999,38.46153846153846,28.571428571428584,39.70588235294117,36.97478991596639,37.5,12.5,11.264419027198619,14.851981936778726,0,0,100,100,0,100,0,0,0,0,100,0,100,0,0,0,0,0,0,100,0,0,0,100,0,0,0,0,0,0,0,0,100,0,100,100,0,0,100,0,100,0,0,0,0,0,0,0,0,0,100,0,0,0,0,0,100,0,0,100,0,0,0,0,0,0,100,0,0,0,100,0,100,0,100,0,0,0,100,"cluster_0","cluster_0","cluster_0","Time management training + Personal coaching"
65.38461538461539,18.749999999999996,76.92307692307693,59.18367346938777,57.35294117647059,23.529411764705884,75,87.5,62.28602059214602,77.34570998494732,57.14285714285714,0,100,100,0,100,0,0,0,0,0,100,0,0,0,0,0,0,100,0,100,100,0,0,0,0,0,0,0,0,100,0,0,0,100,0,100,0,100,0,100,0,0,0,0,0,0,100,0,0,0,0,0,0,0,0,0,0,100,0,0,0,100,100,0,0,0,100,0,0,0,100,0,100,0,0,0,100,0,"cluster_2","cluster_2","cluster_2","Increased responsibility and promotion path"
53.846153846153854,68.75,56.4102564102564,53.06122448979593,66.17647058823528,98.31932773109244,25,100,88.50689537546904,3.8886101354741616,0,100,0,100,0,0,0,0,100,0,100,0,0,0,0,100,0,0,0,0,100,0,100,0,0,0,0,0,0,100,0,0,0,0,100,100,0,100,0,0,0,100,0,0,0,0,0,0,0,0,0,0,0,100,0,0,100,0,0,0,0,0,100,100,0,0,0,100,0,0,0,0,100,0,100,0,0,0,100,"cluster_0","cluster_0","cluster_0","Time management training + Personal coaching"
46.15384615384616,27.083333333333332,69.23076923076923,2.0408163265306243,16.17647058823529,48.739495798319325,100,50,29.19935675649335,9.6588058203713,0,0,100,0,100,0,100,0,0,100,0,0,0,0,0,100,0,0,0,100,0,100,0,0,0,0,100,0,0,0,0,0,0,100,0,100,0,0,100,0,0,100,0,100,0,0,0,0,0,0,0,0,0,0,0,0,0,0,100,0,0,0,100,0,100,0,0,0,100,0,0,100,0,100,0,0,0,0,100,"cluster_1","cluster_1","cluster_1","Specialized skill improvement and regular feedback"
100,62.49999999999999,12.820512820512825,91.83673469387757,66.17647058823528,0,12.5,100,78.64870133034454,16.25689914701455,92.85714285714285,0,100,100,0,100,0,0,0,100,0,0,0,0,0,0,0,0,100,0,100,0,0,100,0,0,0,0,0,100,0,0,0,0,100,0,100,0,100,0,100,0,0,0,0,0,0,0,100,0,0,0,0,0,0,0,100,0,0,0,100,0,0,100,0,0,0,100,0,0,0,0,100,0,0,100,0,100,0,"cluster_2","cluster_2","cluster_2","Increased responsibility and promotion path"
46.15384615384616,91.66666666666666,58.97435897435897,14.285714285714292,29.41176470588234,70.58823529411765,37.5,100,25.771857400433007,83.54239839438033,0,100,0,100,0,0,0,100,0,100,0,0,0,0,0,0,0,0,100,100,0,0,100,0,0,0,0,0,0,0,0,0,100,100,0,0,100,0,0,100,100,0,0,0,0,0,0,0,0,0,0,0,0,0,0,100,0,0,100,100,0,0,0,100,0,0,0,0,100,0,0,0,100,0,0,100,0,0,100,"cluster_0","cluster_0","cluster_0","Time management training + Personal coaching"
30.769230769230774,2.083333333333333,17.94871794871795,83.6734693877551,79.41176470588235,80.67226890756302,0,37.5,18.980208427603777,4.816859006522831,0,100,0,0,100,0,100,0,0,0,100,0,100,0,0,0,0,0,0,0,100,100,0,0,0,100,0,0,0,0,0,0,0,100,0,100,0,0,100,0,100,0,100,0,0,0,0,0,0,0,0,0,0,0,0,0,100,0,0,0,0,100,0,0,0,100,0,0,100,0,0,0,100,0,0,100,0,0,100,"cluster_0","cluster_0","cluster_0","Time management training + Personal coaching"
96.15384615384616,20.833333333333332,35.89743589743589,87.75510204081634,89.70588235294116,33.61344537815126,12.5,75,59.035691660807394,80.83291520321124,57.14285714285714,0,100,0,100,0,0,0,100,0,0,100,0,0,0,0,100,0,0,0,100,0,100,0,100,0,0,0,0,0,0,0,0,0,100,0,100,100,0,0,100,0,0,100,0,0,0,0,0,0,0,0,0,0,0,0,0,100,0,100,0,0,0,100,0,0,0,100,0,0,0,100,0,100,0,0,0,100,0,"cluster_2","cluster_2","cluster_2","Increased responsibility and promotion path"
38.46153846153847,62.49999999999999,79.48717948717947,46.938775510204096,60.29411764705882,48.739495798319325,100,37.5,23.127179822759963,24.510787757150027,0,0,100,100,0,100,0,0,0,0,100,0,100,0,0,0,0,0,0,100,0,0,100,0,100,0,0,0,0,0,0,0,0,100,0,100,0,0,0,100,0,100,0,0,0,0,0,0,0,0,0,0,0,0,100,0,0,0,100,0,0,100,0,0,0,100,0,0,100,0,0,100,0,100,0,0,0,0,100,"cluster_1","cluster_1","cluster_1","Specialized skill improvement and regular feedback"
38.46153846153847,35.41666666666666,33.333333333333336,67.34693877551022,67.64705882352939,15.126050420168067,37.5,37.5,19.91096228950135,66.50777722027095,0,100,0,100,0,0,0,100,0,0,100,0,100,0,0,0,0,0,0,0,100,0,100,0,0,0,0,0,100,0,0,0,0,0,100,0,100,0,100,0,100,0,0,0,0,100,0,0,0,0,0,0,0,0,0,0,100,0,0,100,0,0,0,0,0,100,0,0,100,0,0,0,100,0,0,100,0,0,100,"cluster_0","cluster_0","cluster_0","Time management training + Personal coaching"
92.30769230769232,68.75,46.15384615384615,100,72.05882352941177,0,12.5,100,93.99917854184217,2.1324636226793796,78.57142857142857,100,0,0,100,0,0,0,100,0,0,100,0,0,0,0,0,100,0,0,100,100,0,0,0,0,0,0,0,100,0,0,0,0,100,0,100,100,0,0,100,0,0,0,0,0,0,0,0,0,0,0,0,0,100,0,0,0,100,0,100,0,0,100,0,0,0,100,0,0,0,0,100,0,0,100,0,100,0,"cluster_2","cluster_2","cluster_2","Increased responsibility and promotion path"
88.46153846153848,41.66666666666666,30.769230769230766,20.40816326530613,36.764705882352935,76.47058823529412,37.5,50,75.55013331291292,21.45007526342198,0,100,0,100,0,0,0,0,100,100,0,0,0,100,0,0,0,0,0,100,0,0,100,0,0,0,0,100,0,0,0,0,0,100,0,100,0,0,100,0,100,0,0,0,0,100,0,0,0,0,0,0,0,0,0,0,0,0,100,0,0,0,100,0,100,0,0,100,0,0,0,0,100,0,0,100,0,0,100,"cluster_0","cluster_0","cluster_0","Time management training + Personal coaching"
88.46153846153848,79.16666666666666,25.641025641025642,26.530612244897966,36.764705882352935,27.73109243697479,12.5,87.5,62.568309815032684,22.17762167586553,50,100,0,0,100,0,0,0,100,0,0,100,100,0,0,0,0,0,0,100,0,0,100,0,100,0,0,0,0,0,0,0,0,0,100,100,0,0,0,100,0,100,0,0,0,0,0,0,0,0,100,0,0,0,0,0,0,0,100,0,0,100,0,100,0,0,0,100,0,0,0,0,100,0,100,0,0,100,0,"cluster_2","cluster_2","cluster_2","Increased responsibility and promotion path"
30.769230769230774,47.91666666666666,43.589743589743584,67.34693877551022,48.52941176470588,0,0,25,17.658217714257873,7.300551931761165,0,100,0,100,0,0,0,100,0,100,0,0,0,0,0,100,0,0,0,0,100,0,100,0,0,0,0,0,100,0,0,0,0,100,0,0,100,100,0,0,0,100,0,0,0,0,0,0,0,0,0,0,100,0,0,0,0,100,0,0,100,0,0,0,0,100,0,0,100,0,0,100,0,100,0,0,0,0,100,"cluster_1","cluster_1","cluster_1","Specialized skill improvement and regular feedback"
26.923076923076934,12.5,76.92307692307693,24.489795918367363,45.588235294117645,50.42016806722689,100,25,12.174984510640668,12.293025589563472,0,100,0,100,0,0,100,0,0,100,0,0,0,0,0,100,0,0,0,100,0,0,100,0,0,0,0,0,100,0,0,0,0,0,100,100,0,0,100,0,0,100,0,0,0,0,0,0,0,0,0,0,0,0,0,100,0,100,0,0,0,0,100,0,0,100,0,0,0,0,100,100,0,100,0,0,0,0,100,"cluster_1","cluster_1","cluster_1","Specialized skill improvement and regular feedback"
30.769230769230774,99.99999999999999,71.7948717948718,83.6734693877551,60.29411764705882,0,25,25,30.82382507118144,12.443552433517313,0,0,100,0,100,0,0,0,100,100,0,0,0,0,0,0,100,0,0,0,100,0,0,100,100,0,0,0,0,0,0,0,0,0,100,0,100,0,100,0,0,100,0,0,100,0,0,0,0,0,0,0,0,0,0,0,0,100,0,0,100,0,0,0,0,100,0,0,100,0,0,0,100,0,0,100,0,0,100,"cluster_0","cluster_0","cluster_0","Time management training + Personal coaching"
53.846153846153854,24.999999999999996,28.205128205128197,79.5918367346939,72.05882352941177,58.82352941176471,37.5,100,43.33922741164104,10.63723030607125,0,100,0,100,0,0,0,100,0,100,0,0,0,0,100,0,0,0,0,0,100,0,100,0,0,0,100,0,0,0,0,0,0,100,0,100,0,0,0,100,0,100,0,0,0,0,100,0,0,0,0,0,0,0,0,0,0,0,100,0,0,0,100,100,0,0,0,100,0,0,0,0,100,0,0,100,0,0,100,"cluster_0","cluster_0","cluster_0","Time management training + Personal coaching"
7.692307692307693,89.58333333333333,92.30769230769232,28.571428571428584,48.52941176470588,51.260504201680675,75,0,0.7514949842321812,10.361264425489212,0,100,0,100,0,100,0,0,0,0,0,100,0,0,100,0,0,0,0,100,0,0,100,0,0,0,0,0,0,0,0,0,100,100,0,100,0,100,0,0,100,0,0,0,0,0,0,0,0,0,0,0,0,0,100,0,0,0,100,0,0,0,100,0,0,0,100,0,0,100,0,100,0,100,0,0,0,0,100,"cluster_1","cluster_1","cluster_1","Specialized skill improvement and regular feedback"
84.61538461538461,45.83333333333332,15.38461538461538,69.38775510204083,67.64705882352939,77.3109243697479,0,50,81.70027915654349,82.83993978926242,0,0,100,100,0,0,100,0,0,0,0,100,0,0,0,0,100,0,0,100,0,100,0,0,0,100,0,0,0,0,0,0,0,0,100,0,100,0,0,100,0,100,0,0,0,0,0,0,0,100,0,0,0,0,0,0,0,0,100,0,0,100,0,0,100,0,0,100,0,0,0,0,100,0,0,0,100,0,100,"cluster_0","cluster_0","cluster_0","Time management training + Personal coaching"
65.38461538461539,56.24999999999999,66.66666666666666,8.163265306122454,26.47058823529411,12.605042016806722,75,100,88.87272271610269,20.672353236327147,78.57142857142857,100,0,100,0,0,100,0,0,0,100,0,0,0,100,0,0,0,0,100,0,0,100,0,0,0,100,0,0,0,0,0,0,0,100,100,0,0,0,100,0,100,0,0,0,0,0,0,0,0,0,100,0,0,0,0,0,0,100,100,0,0,0,100,0,0,0,100,0,0,0,0,100,0,0,0,100,100,0,"cluster_2","cluster_2","cluster_2","Increased responsibility and promotion path"
42.30769230769232,47.91666666666666,33.333333333333336,42.85714285714286,57.35294117647059,73.94957983193278,12.5,37.5,23.453326557463782,23.130958354239844,0,100,0,0,100,0,0,100,0,100,0,0,0,0,100,0,0,0,0,100,0,0,0,100,0,100,0,0,0,0,0,0,0,100,0,100,0,100,0,0,100,0,0,0,0,0,0,0,0,0,100,0,0,0,0,0,0,100,0,0,0,100,0,0,0,100,0,0,100,0,0,100,0,100,0,0,0,0,100,"cluster_1","cluster_1","cluster_1","Specialized skill improvement and regular feedback"
84.61538461538461,6.249999999999999,82.05128205128204,48.9795918367347,35.29411764705882,0,50,62.5,80.98185134391949,24.23482187656799,42.857142857142854,100,0,0,100,100,0,0,0,0,100,0,0,0,0,0,0,0,100,0,100,0,0,100,0,0,0,0,100,0,0,0,0,0,100,100,0,0,100,0,0,100,0,0,0,0,0,0,0,0,0,0,0,100,0,0,0,0,100,0,100,0,0,0,100,0,0,100,0,0,0,0,100,0,0,100,0,100,0,"cluster_2","cluster_2","cluster_2","Increased responsibility and promotion path"
3.846153846153854,2.083333333333333,15.38461538461538,81.6326530612245,85.29411764705881,56.30252100840336,25,0,5.981329230683551,2.5087807325639755,0,0,100,0,100,0,0,100,0,100,0,0,0,0,0,100,0,0,0,0,100,100,0,0,0,0,0,0,0,0,100,0,0,0,100,100,0,100,0,0,0,100,0,0,0,0,0,0,0,100,0,0,0,0,0,0,100,0,0,0,0,0,100,0,0,0,100,0,0,100,0,100,0,100,0,0,0,0,100,"cluster_1","cluster_1","cluster_1","Specialized skill improvement and regular feedback"
61.53846153846155,35.41666666666666,17.94871794871795,51.020408163265316,55.88235294117646,14.285714285714286,12.5,50,39.025179780990904,9.106874059207227,0,0,100,100,0,100,0,0,0,0,100,0,0,100,0,0,0,0,0,0,100,0,0,100,0,0,0,0,100,0,0,0,0,0,100,100,0,0,0,100,0,100,0,0,0,0,0,0,0,0,0,0,0,100,0,0,0,0,100,0,0,0,100,0,100,0,0,100,0,0,0,100,0,100,0,0,0,0,100,"cluster_1","cluster_1","cluster_1","Specialized skill improvement and regular feedback"
19.23076923076924,58.33333333333332,79.48717948717947,40.81632653061226,29.41176470588234,0,37.5,12.5,17.32371716777935,23.40692423482188,0,0,100,0,100,0,0,100,0,0,0,100,0,100,0,0,0,0,0,100,0,0,100,0,0,0,0,0,0,0,0,100,0,100,0,100,0,0,0,100,0,100,0,0,0,0,0,0,0,100,0,0,0,0,0,0,100,0,0,0,100,0,0,0,0,0,100,0,0,0,100,0,100,0,100,0,0,0,100,"cluster_0","cluster_0","cluster_0","Time management training + Personal coaching"
0,12.5,56.4102564102564,34.69387755102042,49.99999999999999,12.605042016806722,25,0,7.3012314910857885,95.50928248871048,0,100,0,100,0,100,0,0,0,0,0,100,0,0,0,100,0,0,0,100,0,0,100,0,0,0,0,0,0,100,0,0,0,0,100,0,100,100,0,0,0,100,100,0,0,0,0,0,0,0,0,0,0,0,0,0,100,0,0,0,0,100,0,0,0,0,100,0,0,100,0,0,100,0,100,0,0,0,100,"cluster_0","cluster_0","cluster_0","Time management training + Personal coaching"
57.69230769230769,37.49999999999999,12.820512820512825,77.55102040816327,70.58823529411765,36.134453781512605,12.5,87.5,66.2133563527258,12.042147516307077,0,100,0,0,100,0,0,100,0,100,0,0,0,100,0,0,0,0,0,0,100,100,0,0,0,0,0,100,0,0,0,0,0,100,0,100,0,0,100,0,0,100,0,0,0,0,0,0,0,0,0,0,100,0,0,0,100,0,0,0,0,100,0,100,0,0,0,100,0,0,0,100,0,100,0,0,0,0,100,"cluster_1","cluster_1","cluster_1","Specialized skill improvement and regular feedback"
26.923076923076934,14.583333333333332,46.15384615384615,51.020408163265316,58.8235294117647,28.571428571428573,0,25,14.678691514615691,5.469141996989466,0,0,100,100,0,0,0,100,0,0,100,0,0,0,0,100,0,0,0,100,0,100,0,0,100,0,0,0,0,0,0,0,0,100,0,100,0,100,0,0,0,100,0,0,0,0,0,0,0,0,0,0,0,100,0,0,100,0,0,100,0,0,0,0,0,100,0,0,0,0,100,0,100,0,0,0,100,0,100,"cluster_0","cluster_0","cluster_0","Time management training + Personal coaching"
92.30769230769232,72.91666666666666,66.66666666666666,4.081632653061234,26.47058823529411,67.22689075630252,75,100,63.82138158123734,17.987957852483696,85.71428571428571,100,0,0,100,100,0,0,0,0,100,0,100,0,0,0,0,0,0,0,100,0,0,100,100,0,0,0,0,0,0,0,0,100,0,100,0,0,0,100,100,0,0,0,0,0,0,0,0,0,0,100,0,0,0,0,0,0,100,0,0,0,100,100,0,0,0,100,0,0,0,0,100,0,0,0,100,100,0,"cluster_2","cluster_2","cluster_2","Increased responsibility and promotion path"
11.538461538461547,8.333333333333332,33.333333333333336,14.285714285714292,24.999999999999993,86.5546218487395,25,12.5,13.092163428404353,10.085298544907177,0,0,100,100,0,100,0,0,0,0,100,0,0,100,0,0,0,0,0,0,100,0,100,0,0,0,0,0,0,0,100,0,0,100,0,100,0,100,0,0,0,100,0,0,0,0,100,0,0,0,0,0,0,0,0,0,0,100,0,100,0,0,0,0,0,0,100,0,0,0,100,0,100,0,0,0,100,0,100,"cluster_0","cluster_0","cluster_0","Time management training + Personal coaching"
88.46153846153848,41.66666666666666,5.128205128205131,28.571428571428584,47.05882352941176,10.92436974789916,12.5,62.5,32.85832631381094,20.22077270446563,78.57142857142857,0,100,0,100,0,100,0,0,0,100,0,100,0,0,0,0,0,0,100,0,0,0,100,0,0,0,0,100,0,0,0,0,0,100,100,0,0,0,100,0,100,0,0,0,0,0,0,0,0,0,100,0,0,0,0,0,0,100,0,0,100,0,0,100,0,0,100,0,0,0,100,0,100,0,0,0,100,0,"cluster_2","cluster_2","cluster_2","Increased responsibility and promotion path"
53.846153846153854,37.49999999999999,92.30769230769232,95.91836734693878,69.11764705882351,0,37.5,87.5,60.239336707345096,8.755644756648271,0,100,0,100,0,0,0,0,100,0,0,100,100,0,0,0,0,0,0,0,100,0,100,0,0,100,0,0,0,0,0,0,0,100,0,100,0,100,0,0,0,100,0,0,0,0,0,0,100,0,0,0,0,0,0,0,0,100,0,0,100,0,0,100,0,0,0,100,0,0,0,100,0,100,0,0,0,0,100,"cluster_1","cluster_1","cluster_1","Specialized skill improvement and regular feedback"
96.15384615384616,87.49999999999999,23.076923076923073,42.85714285714286,45.588235294117645,98.31932773109244,0,50,73.4282651221397,91.99698946312093,0,100,0,0,100,100,0,0,0,0,100,0,0,0,0,100,0,0,0,100,0,0,0,100,0,0,0,100,0,0,0,0,0,100,0,0,100,0,0,100,100,0,0,0,0,0,0,0,0,0,0,0,0,100,0,0,100,0,0,0,0,0,100,0,100,0,0,100,0,0,0,0,100,0,100,0,0,0,100,"cluster_0","cluster_0","cluster_0","Time management training + Personal coaching"
46.15384615384616,64.58333333333333,56.4102564102564,53.06122448979593,54.41176470588234,63.865546218487395,50,50,28.31037195346927,88.93627696939288,0,0,100,0,100,0,0,100,0,0,100,0,100,0,0,0,0,0,0,100,0,100,0,0,0,0,0,100,0,0,0,0,0,0,100,0,100,100,0,0,100,0,0,0,0,0,0,100,0,0,0,0,0,0,0,0,0,100,0,0,0,100,0,0,100,0,0,0,100,0,0,100,0,100,0,0,0,0,100,"cluster_1","cluster_1","cluster_1","Specialized skill improvement and regular feedback"
65.38461538461539,85.41666666666666,38.46153846153846,46.938775510204096,33.8235294117647,0,37.5,62.5,56.56574797942178,3.0858003010536894,50,0,100,100,0,100,0,0,0,0,100,0,0,0,0,0,0,0,100,0,100,0,0,100,0,0,0,0,0,100,0,0,0,0,100,100,0,0,0,100,0,100,0,0,100,0,0,0,0,0,0,0,0,0,0,0,0,100,0,0,100,0,0,0,100,0,0,100,0,0,0,0,100,0,100,0,0,100,0,"cluster_2","cluster_2","cluster_2","Increased responsibility and promotion path"
0,89.58333333333333,43.589743589743584,91.83673469387757,66.17647058823528,0,25,0,5.670497817566675,0.5770195684897157,0,0,100,100,0,0,0,0,100,0,0,100,0,100,0,0,0,0,0,0,100,0,100,0,0,0,0,0,100,0,0,0,0,100,0,100,0,100,0,0,100,0,0,0,0,0,100,0,0,0,0,0,0,0,0,0,0,0,100,0,100,0,0,0,0,0,100,0,0,100,0,0,100,0,0,0,100,0,100,"cluster_0","cluster_0","cluster_0","Time management training + Personal coaching"
15.384615384615387,49.99999999999999,28.205128205128197,44.89795918367348,57.35294117647059,46.21848739495798,37.5,12.5,14.057028688381939,66.65830406422478,0,100,0,100,0,0,0,100,0,100,0,0,0,0,0,0,100,0,0,0,100,0,0,100,0,0,100,0,0,0,0,0,0,100,0,0,100,0,0,100,0,100,0,0,0,0,0,0,0,0,0,0,0,0,100,0,100,0,0,0,0,100,0,0,0,0,100,0,0,0,100,100,0,100,0,0,0,0,100,"cluster_1","cluster_1","cluster_1","Specialized skill improvement and regular feedback"
26.923076923076934,39.58333333333332,58.97435897435897,24.489795918367363,36.764705882352935,26.89075630252101,25,37.5,11.358747485154582,95.7099849473156,0,100,0,100,0,100,0,0,0,0,100,0,100,0,0,0,0,0,0,0,100,0,0,100,0,0,0,0,0,100,0,0,0,0,100,0,100,0,0,100,0,100,0,100,0,0,0,0,0,0,0,0,0,0,0,0,0,0,100,0,0,100,0,0,0,100,0,0,0,0,100,0,100,0,0,0,100,0,100,"cluster_0","cluster_0","cluster_0","Time management training + Personal coaching"
84.61538461538461,43.74999999999999,10.256410256410255,71.42857142857143,69.11764705882351,17.647058823529413,50,87.5,71.12226499683253,21.55042649272454,85.71428571428571,100,0,0,100,0,0,100,0,0,100,0,0,0,0,100,0,0,0,100,0,0,0,100,0,100,0,0,0,0,0,0,0,100,0,100,0,0,100,0,0,100,0,0,0,0,100,0,0,0,0,0,0,0,0,0,0,100,0,0,0,100,0,100,0,0,0,100,0,0,0,0,100,0,0,100,0,100,0,"cluster_2","cluster_2","cluster_2","Increased responsibility and promotion path"
50.000000000000014,91.66666666666666,61.53846153846154,53.06122448979593,61.764705882352935,11.764705882352942,37.5,100,70.49677334020204,83.46713497240341,0,100,0,0,100,0,100,0,0,0,0,100,0,0,0,0,0,100,0,0,100,0,0,100,0,0,0,100,0,0,0,0,0,100,0,0,100,0,0,100,100,0,0,0,0,0,0,0,0,0,0,100,0,0,0,0,100,0,0,0,0,100,0,100,0,0,0,100,0,0,0,0,100,0,0,0,100,0,100,"cluster_0","cluster_0","cluster_0","Time management training + Personal coaching"
80.76923076923077,41.66666666666666,53.84615384615385,36.73469387755104,49.99999999999999,26.89075630252101,37.5,100,64.21192228170446,19.091821374811843,92.85714285714285,0,100,100,0,0,100,0,0,100,0,0,100,0,0,0,0,0,0,0,100,0,100,0,0,0,0,0,100,0,0,0,0,0,100,100,0,0,100,0,0,100,0,0,0,0,0,0,0,0,100,0,0,0,0,0,0,100,0,0,0,100,0,100,0,0,0,100,0,0,0,100,0,100,0,0,0,100,0,"cluster_2","cluster_2","cluster_2","Increased responsibility and promotion path"
7.692307692307693,81.24999999999999,71.7948717948718,65.30612244897961,47.05882352941176,0,37.5,0,1.874386516947796,13.346713497240343,0,0,100,100,0,0,0,0,100,0,100,0,0,0,0,0,0,0,100,100,0,100,0,0,0,0,0,0,0,100,0,0,0,100,0,0,100,100,0,0,0,100,0,0,100,0,0,0,0,0,0,0,0,0,0,0,100,0,0,0,100,0,0,0,0,0,100,0,0,100,0,100,0,100,0,0,0,0,100,"cluster_1","cluster_1","cluster_1","Specialized skill improvement and regular feedback"
11.538461538461547,10.416666666666664,71.7948717948718,24.489795918367363,36.764705882352935,19.327731092436974,87.5,12.5,11.492060398059133,84.29503261414952,0,100,0,100,0,0,0,0,100,0,0,100,0,0,0,100,0,0,0,100,0,0,0,100,0,0,0,0,0,100,0,0,0,0,100,0,100,0,0,100,100,0,0,0,0,0,0,0,0,0,0,0,0,0,0,100,100,0,0,0,0,100,0,0,0,0,100,0,0,0,100,100,0,100,0,0,0,0,100,"cluster_1","cluster_1","cluster_1","Specialized skill improvement and regular feedback"
88.46153846153848,54.16666666666666,100,20.40816326530613,38.23529411764705,47.89915966386555,87.5,100,52.09019332112749,2.0070245860511804,42.857142857142854,100,0,0,100,100,0,0,0,100,0,0,0,0,100,0,0,0,0,0,100,0,100,0,0,0,0,0,0,0,100,0,0,100,0,100,0,0,0,100,0,100,0,0,0,0,0,0,100,0,0,0,0,0,0,0,0,100,0,100,0,0,0,100,0,0,0,100,0,0,0,0,100,0,0,100,0,100,0,"cluster_2","cluster_2","cluster_2","Increased responsibility and promotion path"
61.53846153846155,6.249999999999999,7.692307692307693,73.46938775510206,69.11764705882351,66.38655462184875,37.5,62.5,73.43766316038624,2.6342197691921747,0,100,0,100,0,0,0,0,100,0,0,100,0,100,0,0,0,0,0,100,0,0,100,0,0,0,0,0,100,0,0,0,0,100,0,100,0,100,0,0,100,0,0,100,0,0,0,0,0,0,0,0,0,0,0,0,100,0,0,0,0,0,100,0,100,0,0,100,0,0,0,100,0,100,0,0,0,0,100,"cluster_1","cluster_1","cluster_1","Specialized skill improvement and regular feedback"
73.0769230769231,49.99999999999999,7.692307692307693,93.87755102040818,67.64705882352939,0,50,50,77.98596559621852,23.105870546914204,0,100,0,0,100,100,0,0,0,100,0,0,0,0,0,0,0,0,100,0,100,100,0,0,0,100,0,0,0,0,0,0,0,0,100,0,100,100,0,0,100,0,100,0,0,0,0,0,0,0,0,0,0,0,0,0,0,0,100,0,100,0,0,0,100,0,0,100,0,0,0,0,100,0,0,100,0,0,100,"cluster_0","cluster_0","cluster_0","Time management training + Personal coaching"
61.53846153846155,60.41666666666666,7.692307692307693,40.81632653061226,52.941176470588225,28.571428571428573,12.5,50,65.57742243137693,79.75413948820874,0,0,100,100,0,0,100,0,0,0,0,100,0,0,0,0,0,0,100,0,100,0,0,100,0,0,100,0,0,0,0,0,0,0,100,0,100,0,100,0,0,100,100,0,0,0,0,0,0,0,0,0,0,0,0,0,0,0,100,100,0,0,0,0,100,0,0,100,0,0,0,100,0,100,0,0,0,0,100,"cluster_1","cluster_1","cluster_1","Specialized skill improvement and regular feedback"
30.769230769230774,66.66666666666666,48.71794871794871,32.653061224489804,49.99999999999999,94.11764705882354,12.5,25,21.69345687692747,87.18013045659809,0,100,0,0,100,0,0,0,100,0,0,100,0,0,0,100,0,0,0,100,0,100,0,0,0,0,0,0,100,0,0,0,0,100,0,0,100,0,0,100,100,0,0,0,0,0,0,100,0,0,0,0,0,0,0,0,0,0,100,0,0,0,100,0,0,100,0,0,100,0,0,100,0,100,0,0,0,0,100,"cluster_1","cluster_1","cluster_1","Specialized skill improvement and regular feedback"
38.46153846153847,14.583333333333332,2.564102564102562,69.38775510204083,64.70588235294116,41.1764705882353,12.5,25,22.731766065424267,92.37330657300552,0,100,0,100,0,0,0,0,100,0,100,0,0,0,0,0,0,100,0,100,0,100,0,0,0,100,0,0,0,0,0,0,0,100,0,0,100,100,0,0,0,100,0,0,0,0,0,100,0,0,0,0,0,0,0,0,0,100,0,0,0,0,100,0,0,100,0,0,100,0,0,0,100,0,100,0,0,0,100,"cluster_0","cluster_0","cluster_0","Time management training + Personal coaching"
15.384615384615387,83.33333333333333,66.66666666666666,26.530612244897966,35.29411764705882,52.94117647058824,100,12.5,13.407171747408581,23.45709984947316,0,100,0,0,100,0,0,100,0,0,0,100,0,0,0,100,0,0,0,100,0,0,0,100,0,0,0,0,0,0,0,100,0,0,100,100,0,0,100,0,100,0,0,0,0,0,0,0,0,0,0,0,100,0,0,0,0,100,0,0,0,100,0,0,0,0,100,0,0,0,100,0,100,0,100,0,0,0,100,"cluster_0","cluster_0","cluster_0","Time management training + Personal coaching"
65.38461538461539,49.99999999999999,64.10256410256409,46.938775510204096,49.99999999999999,60.50420168067227,0,50,37.864348019798534,86.12644254892122,0,100,0,100,0,100,0,0,0,0,100,0,0,0,0,0,0,0,100,0,100,100,0,0,0,100,0,0,0,0,0,0,0,0,100,0,100,0,0,100,0,100,0,0,0,0,0,0,0,100,0,0,0,0,0,0,0,100,0,0,0,0,100,0,100,0,0,100,0,0,0,0,100,0,0,100,0,0,100,"cluster_0","cluster_0","cluster_0","Time management training + Personal coaching"
11.538461538461547,54.16666666666666,35.89743589743589,44.89795918367348,32.35294117647059,0,25,12.5,15.162516446566935,4.565980933266433,0,0,100,100,0,0,0,100,0,0,100,0,100,0,0,0,0,0,0,100,0,0,0,100,0,0,0,0,0,0,0,100,0,0,100,100,0,0,0,100,0,100,100,0,0,0,0,0,0,0,0,0,0,0,0,0,0,0,100,0,100,0,0,0,0,0,100,0,0,0,100,0,100,0,100,0,0,0,100,"cluster_0","cluster_0","cluster_0","Time management training + Personal coaching"
19.23076923076924,95.83333333333333,38.46153846153846,30.6122448979592,42.6470588235294,30.252100840336134,50,12.5,15.090116744519554,0.25087807325639844,0,0,100,100,0,0,100,0,0,0,0,100,0,100,0,0,0,0,0,100,0,0,0,100,100,0,0,0,0,0,0,0,0,100,0,100,0,0,0,100,0,100,0,0,100,0,0,0,0,0,0,0,0,0,0,0,0,0,100,0,0,100,0,0,0,0,100,0,0,0,100,0,100,0,0,100,0,0,100,"cluster_0","cluster_0","cluster_0","Time management training + Personal coaching"
30.769230769230774,27.083333333333332,74.35897435897436,48.9795918367347,52.941176470588225,10.92436974789916,87.5,25,29.501486282344914,11.364776718514802,0,0,100,0,100,100,0,0,0,0,100,0,0,0,0,0,0,100,0,100,0,100,0,0,0,100,0,0,0,0,0,0,0,0,100,100,0,0,0,100,0,100,0,100,0,0,0,0,0,0,0,0,0,0,0,0,0,100,0,0,0,100,0,0,0,100,0,0,100,0,0,0,100,0,100,0,0,0,100,"cluster_0","cluster_0","cluster_0","Time management training + Personal coaching"
19.23076923076924,24.999999999999996,89.74358974358975,12.244897959183689,30.88235294117647,89.91596638655463,100,12.5,17.31083837462669,99.22227797290516,0,100,0,100,0,100,0,0,0,0,100,0,0,0,0,0,100,0,0,100,0,0,0,100,0,0,100,0,0,0,0,0,0,0,100,0,100,0,0,100,100,0,0,0,0,0,0,100,0,0,0,0,0,0,0,0,0,0,100,0,0,100,0,0,0,0,100,0,0,0,100,0,100,0,0,100,0,0,100,"cluster_0","cluster_0","cluster_0","Time management training + Personal coaching"
57.69230769230769,81.24999999999999,46.15384615384615,89.79591836734694,91.17647058823528,21.008403361344538,0,87.5,55.49506777029803,14.851981936778726,0,0,100,100,0,0,0,0,100,0,100,0,0,0,0,0,100,0,0,0,100,0,0,100,0,0,0,0,0,0,0,0,100,0,100,100,0,0,100,0,100,0,0,0,0,0,0,0,0,0,0,100,0,0,0,0,0,100,0,100,0,0,0,100,0,0,0,100,0,0,0,100,0,100,0,0,0,0,100,"cluster_1","cluster_1","cluster_1","Specialized skill improvement and regular feedback"
76.92307692307693,2.083333333333333,84.61538461538461,8.163265306122454,27.941176470588225,68.0672268907563,100,62.5,56.794781652244744,72.2277972905168,64.28571428571428,0,100,0,100,0,0,0,100,0,0,100,100,0,0,0,0,0,0,100,0,100,0,0,0,0,0,0,0,100,0,0,0,100,0,0,100,100,0,0,100,0,0,0,0,0,0,0,0,0,0,0,100,0,0,0,100,0,0,0,0,0,100,0,100,0,0,100,0,0,0,100,0,100,0,0,0,100,0,"cluster_2","cluster_2","cluster_2","Increased responsibility and promotion path"
34.61538461538463,16.666666666666664,97.43589743589743,79.5918367346939,80.88235294117646,84.87394957983193,75,25,22.8194810890586,86.37732062217762,0,0,100,100,0,100,0,0,0,0,100,0,0,0,0,0,0,0,100,100,0,0,0,100,0,100,0,0,0,0,0,0,0,100,0,0,100,100,0,0,0,100,0,0,0,0,0,100,0,0,0,0,0,0,0,0,100,0,0,0,0,0,100,0,0,100,0,0,100,0,0,100,0,100,0,0,0,0,100,"cluster_1","cluster_1","cluster_1","Specialized skill improvement and regular feedback"
30.769230769230774,93.74999999999999,38.46153846153846,95.91836734693878,91.17647058823528,65.54621848739495,12.5,37.5,20.33944321844522,69.41796287004516,0,0,100,0,100,0,0,100,0,100,0,0,0,0,0,100,0,0,0,100,0,100,0,0,0,0,0,0,0,100,0,0,0,100,0,0,100,0,100,0,0,100,0,0,0,0,0,0,0,0,0,0,0,0,100,0,100,0,0,0,0,0,100,0,0,100,0,0,100,0,0,100,0,100,0,0,0,0,100,"cluster_1","cluster_1","cluster_1","Specialized skill improvement and regular feedback"
7.692307692307693,27.083333333333332,46.15384615384615,4.081632653061234,22.05882352941176,14.285714285714286,50,0,5.322770402444883,23.833416959357756,0,100,0,0,100,0,0,100,0,100,0,0,0,0,0,0,0,0,100,0,100,100,0,0,0,0,100,0,0,0,0,0,0,100,0,100,0,0,100,0,0,100,0,0,0,100,0,0,0,0,0,0,0,0,0,0,100,0,0,100,0,0,0,0,0,0,100,0,0,100,0,100,0,100,0,0,0,0,100,"cluster_1","cluster_1","cluster_1","Specialized skill improvement and regular feedback"
11.538461538461547,89.58333333333333,84.61538461538461,89.79591836734694,91.17647058823528,42.016806722689076,75,12.5,12.439521883506098,1.4049172102358263,0,100,0,100,0,100,0,0,0,0,100,0,0,0,0,0,100,0,0,100,0,0,0,100,0,0,0,0,0,0,0,0,100,0,100,100,0,0,0,100,100,0,0,0,0,100,0,0,0,0,0,0,0,0,0,0,0,0,100,100,0,0,0,0,0,0,100,0,0,0,100,0,100,0,100,0,0,0,100,"cluster_0","cluster_0","cluster_0","Time management training + Personal coaching"
80.76923076923077,39.58333333333332,0,10.204081632653072,29.41176470588234,20.168067226890756,0,100,73.87484597659541,23.582538886101354,64.28571428571428,100,0,0,100,100,0,0,0,100,0,0,0,0,0,100,0,0,0,100,0,0,100,0,0,0,0,100,0,0,0,0,0,100,0,100,0,100,0,0,100,0,0,100,0,0,0,0,0,0,0,0,0,0,0,0,100,0,0,100,0,0,0,100,0,0,0,100,0,0,0,0,100,0,0,0,100,100,0,"cluster_2","cluster_2","cluster_2","Increased responsibility and promotion path"
100,72.91666666666666,17.94871794871795,59.18367346938777,42.6470588235294,0,25,87.5,97.21539607510078,2.1826392373306582,64.28571428571428,0,100,100,0,0,0,100,0,0,100,0,100,0,0,0,0,0,0,0,100,0,0,100,0,0,0,0,0,100,0,0,0,100,0,0,100,0,100,0,0,100,0,0,0,0,0,0,100,0,0,0,0,0,0,0,0,0,100,0,100,0,0,100,0,0,0,100,0,0,0,0,100,0,0,0,100,100,0,"cluster_2","cluster_2","cluster_2","Increased responsibility and promotion path"
3.846153846153854,43.74999999999999,15.38461538461538,30.6122448979592,45.588235294117645,34.45378151260504,12.5,0,7.8668541633309435,97.59157049673858,0,100,0,0,100,0,100,0,0,100,0,0,0,0,0,0,100,0,0,0,100,0,0,100,0,0,0,0,0,0,100,0,0,0,100,0,100,0,100,0,100,0,0,0,0,0,0,0,0,0,0,100,0,0,0,0,0,100,0,100,0,0,0,0,0,0,100,0,0,100,0,100,0,100,0,0,0,0,100,"cluster_1","cluster_1","cluster_1","Specialized skill improvement and regular feedback"
26.923076923076934,52.08333333333332,25.641025641025642,57.14285714285715,67.64705882352939,29.411764705882355,12.5,37.5,11.003362409239317,66.8590065228299,0,0,100,0,100,0,0,100,0,0,100,0,0,0,0,0,0,100,0,0,100,0,0,100,0,100,0,0,0,0,0,0,0,0,100,0,100,0,0,100,100,0,0,0,0,100,0,0,0,0,0,0,0,0,0,0,0,100,0,100,0,0,0,0,0,100,0,0,0,0,100,100,0,100,0,0,0,0,100,"cluster_1","cluster_1","cluster_1","Specialized skill improvement and regular feedback"
57.69230769230769,97.91666666666666,28.205128205128197,87.75510204081634,91.17647058823528,93.27731092436974,0,100,98.88163344866236,78.52483692925239,0,0,100,100,0,100,0,0,0,0,0,100,0,100,0,0,0,0,0,0,100,0,0,100,0,0,0,0,100,0,0,0,0,100,0,0,100,0,0,100,100,0,0,0,0,0,0,0,0,0,0,0,0,0,100,0,0,0,100,0,0,100,0,100,0,0,0,100,0,0,0,100,0,100,0,0,0,0,100,"cluster_1","cluster_1","cluster_1","Specialized skill improvement and regular feedback"
100,22.916666666666664,97.43589743589743,57.14285714285715,41.17647058823528,0,50,62.5,42.53447687734516,5.6447566482689435,42.857142857142854,0,100,0,100,100,0,0,0,100,0,0,0,100,0,0,0,0,0,100,0,0,0,100,0,0,0,0,100,0,0,0,0,100,0,100,0,100,0,0,100,0,0,0,100,0,0,0,0,0,0,0,0,0,0,0,0,100,0,0,100,0,0,0,100,0,0,100,0,0,0,0,100,0,100,0,0,100,0,"cluster_2","cluster_2","cluster_2","Increased responsibility and promotion path"
92.30769230769232,75,17.94871794871795,51.020408163265316,36.764705882352935,0,25,62.5,33.39645102229772,22.07727044656297,71.42857142857142,100,0,100,0,0,0,0,100,100,0,0,0,0,100,0,0,0,0,0,100,0,0,100,0,0,0,0,0,100,0,0,0,0,100,100,0,0,0,100,0,100,0,100,0,0,0,0,0,0,0,0,0,0,0,0,100,0,0,0,100,0,0,0,100,0,0,100,0,0,0,100,0,100,0,0,0,100,0,"cluster_2","cluster_2","cluster_2","Increased responsibility and promotion path"
92.30769230769232,62.49999999999999,30.769230769230766,12.244897959183689,30.88235294117647,79.83193277310924,0,62.5,61.92819898779647,82.01204214751631,92.85714285714285,0,100,100,0,100,0,0,0,0,100,0,100,0,0,0,0,0,0,100,0,100,0,0,100,0,0,0,0,0,0,0,0,100,0,0,100,0,0,100,0,100,0,0,0,0,0,0,0,0,0,0,0,0,0,100,0,100,0,0,0,100,0,0,100,0,0,100,0,0,0,0,100,0,0,100,0,100,0,"cluster_2","cluster_2","cluster_2","Increased responsibility and promotion path"
0,75,64.10256410256409,32.653061224489804,23.529411764705877,0,25,0,6.1348305220436234,19.693928750627194,0,0,100,100,0,0,100,0,0,0,0,100,0,100,0,0,0,0,0,100,0,100,0,0,100,0,0,0,0,0,0,0,0,100,0,100,0,0,0,100,0,100,0,0,0,0,0,100,0,0,0,0,0,0,0,0,0,100,0,0,100,0,0,0,0,0,100,0,0,100,0,100,0,100,0,0,0,0,100,"cluster_1","cluster_1","cluster_1","Specialized skill improvement and regular feedback"
34.61538461538463,29.166666666666664,30.769230769230766,30.6122448979592,22.05882352941176,0,12.5,37.5,18.1305561550189,24.460612142498746,0,0,100,0,100,0,0,100,0,100,0,0,0,0,0,0,100,0,0,100,0,0,0,100,0,100,0,0,0,0,0,0,0,0,100,100,0,0,0,100,100,0,0,0,0,0,0,0,0,0,100,0,0,0,0,0,0,0,100,0,100,0,0,0,0,100,0,0,100,0,0,100,0,100,0,0,0,0,100,"cluster_1","cluster_1","cluster_1","Specialized skill improvement and regular feedback"
30.769230769230774,35.41666666666666,100,83.6734693877551,76.47058823529412,88.23529411764706,100,37.5,30.522391696311097,5.393878575012545,0,100,0,0,100,0,100,0,0,0,100,0,0,100,0,0,0,0,0,100,0,0,0,100,0,0,0,0,0,0,0,100,0,100,0,100,0,0,0,100,0,100,0,0,0,0,0,100,0,0,0,0,0,0,0,0,0,0,100,0,0,100,0,0,0,100,0,0,100,0,0,0,100,0,100,0,0,0,100,"cluster_0","cluster_0","cluster_0","Time management training + Personal coaching"
69.23076923076923,24.999999999999996,20.512820512820518,24.489795918367363,38.23529411764705,88.23529411764706,0,87.5,65.30975237909598,83.94380331159057,100,0,100,0,100,0,0,100,0,0,0,100,0,0,0,0,0,0,100,100,0,100,0,0,0,0,100,0,0,0,0,0,0,0,100,0,100,100,0,0,100,0,0,0,0,0,0,0,100,0,0,0,0,0,0,0,0,0,100,100,0,0,0,100,0,0,0,100,0,0,0,100,0,100,0,0,0,100,0,"cluster_2","cluster_2","cluster_2","Increased responsibility and promotion path"
38.46153846153847,64.58333333333333,38.46153846153846,24.489795918367363,17.647058823529406,0,0,25,26.42380279435004,22.679377822378328,0,100,0,100,0,100,0,0,0,0,100,0,0,0,0,100,0,0,0,0,100,100,0,0,0,0,0,0,0,0,0,100,0,0,100,100,0,100,0,0,0,100,0,0,0,0,0,0,0,0,0,0,0,100,0,0,0,0,100,0,100,0,0,0,0,100,0,0,100,0,0,0,100,0,0,0,100,0,100,"cluster_0","cluster_0","cluster_0","Time management training + Personal coaching"
34.61538461538463,8.333333333333332,87.17948717948718,63.26530612244899,69.11764705882351,50.42016806722689,75,25,17.655781185823585,0.5519317611640755,0,100,0,0,100,0,0,100,0,0,0,100,0,0,0,0,0,100,0,0,100,100,0,0,0,0,0,0,0,0,100,0,0,0,100,100,0,100,0,0,0,100,0,0,0,0,100,0,0,0,0,0,0,0,0,0,0,100,0,0,0,0,100,0,0,100,0,0,100,0,0,100,0,100,0,0,0,0,100,"cluster_1","cluster_1","cluster_1","Specialized skill improvement and regular feedback"
42.30769230769232,20.833333333333332,79.48717948717947,79.5918367346939,77.94117647058823,13.445378151260504,75,25,23.110820274701176,4.064224786753639,0,100,0,100,0,0,0,0,100,0,100,0,0,0,0,0,0,0,100,100,0,100,0,0,0,0,0,100,0,0,0,0,0,0,100,100,0,0,0,100,0,100,0,0,0,0,0,0,0,100,0,0,0,0,0,0,0,100,0,0,0,0,100,0,0,100,0,0,100,0,0,100,0,100,0,0,0,0,100,"cluster_1","cluster_1","cluster_1","Specialized skill improvement and regular feedback"
23.07692307692308,10.416666666666664,0,2.0408163265306243,20.588235294117645,18.487394957983195,12.5,12.5,12.531761888518384,4.867034621174112,0,100,0,0,100,0,100,0,0,0,0,100,0,0,0,0,0,100,0,0,100,0,0,100,100,0,0,0,0,0,0,0,0,0,100,100,0,0,0,100,0,100,0,0,0,0,0,0,0,0,0,0,0,0,0,100,0,0,100,100,0,0,0,0,0,0,100,0,0,0,100,100,0,100,0,0,0,0,100,"cluster_1","cluster_1","cluster_1","Specialized skill improvement and regular feedback"
84.61538461538461,87.49999999999999,38.46153846153846,93.87755102040818,89.70588235294116,21.84873949579832,25,62.5,82.26485760231681,98.06823883592574,64.28571428571428,0,100,100,0,100,0,0,0,100,0,0,0,100,0,0,0,0,0,100,0,100,0,0,0,0,0,0,0,0,100,0,0,100,0,0,100,100,0,0,0,100,0,0,0,0,100,0,0,0,0,0,0,0,0,0,0,100,0,0,0,0,100,0,100,0,0,100,0,0,0,100,0,100,0,0,0,100,0,"cluster_2","cluster_2","cluster_2","Increased responsibility and promotion path"
92.30769230769232,99.99999999999999,38.46153846153846,48.9795918367347,35.29411764705882,0,25,62.5,48.85483163588519,1.3296537882589075,85.71428571428571,0,100,100,0,0,0,0,100,0,0,100,0,0,0,100,0,0,0,0,100,100,0,0,0,0,100,0,0,0,0,0,0,100,0,100,0,0,0,100,0,100,0,0,0,0,100,0,0,0,0,0,0,0,0,0,0,100,0,0,100,0,0,0,100,0,0,100,0,0,0,100,0,100,0,0,0,100,0,"cluster_2","cluster_2","cluster_2","Increased responsibility and promotion path"
100,16.666666666666664,100,75.51020408163266,75,40.33613445378151,100,100,97.98046600346684,2.7094831911690935,71.42857142857142,100,0,0,100,0,0,100,0,0,100,0,0,100,0,0,0,0,0,0,100,100,0,0,0,0,0,0,0,0,0,100,0,0,100,100,0,0,100,0,0,100,0,0,0,0,0,0,0,0,0,100,0,0,0,0,0,0,100,0,0,0,100,100,0,0,0,100,0,0,0,100,0,100,0,0,0,100,0,"cluster_2","cluster_2","cluster_2","Increased responsibility and promotion path"
69.23076923076923,41.66666666666666,58.97435897435897,97.95918367346941,94.11764705882351,36.97478991596639,37.5,87.5,71.83477552611612,68.86603110888109,71.42857142857142,100,0,100,0,0,100,0,0,0,100,0,100,0,0,0,0,0,0,100,0,0,100,0,0,0,0,0,0,100,0,0,0,100,0,0,100,0,100,0,100,0,0,0,0,0,0,0,0,0,0,0,100,0,0,0,0,0,100,100,0,0,0,100,0,0,0,100,0,0,0,100,0,100,0,0,0,100,0,"cluster_2","cluster_2","cluster_2","Increased responsibility and promotion path"
76.92307692307693,10.416666666666664,12.820512820512825,16.32653061224491,11.764705882352935,0,12.5,87.5,60.307559503505125,3.988961364776719,92.85714285714285,0,100,0,100,0,100,0,0,0,0,100,0,100,0,0,0,0,0,100,0,0,100,0,100,0,0,0,0,0,0,0,0,0,100,0,100,0,100,0,100,0,0,0,0,0,0,0,0,0,0,0,0,0,100,0,100,0,0,0,100,0,0,100,0,0,0,100,0,0,0,100,0,100,0,0,0,100,0,"cluster_2","cluster_2","cluster_2","Increased responsibility and promotion path"
69.23076923076923,27.083333333333332,15.38461538461538,32.653061224489804,45.588235294117645,45.378151260504204,0,62.5,83.52210627440881,66.80883090817862,57.14285714285714,0,100,100,0,100,0,0,0,0,0,100,0,0,100,0,0,0,0,100,0,0,0,100,0,0,0,0,0,0,100,0,0,100,0,0,100,100,0,0,100,0,0,0,0,0,0,0,100,0,0,0,0,0,0,0,0,100,0,0,0,100,0,0,100,0,0,100,0,0,0,100,0,100,0,0,0,100,0,"cluster_2","cluster_2","cluster_2","Increased responsibility and promotion path"
34.61538461538463,83.33333333333333,94.87179487179486,83.6734693877551,83.8235294117647,31.932773109243698,100,25,19.881027797308683,19.64375313597592,0,0,100,0,100,0,0,0,100,0,0,100,100,0,0,0,0,0,0,0,100,0,100,0,0,0,0,0,100,0,0,0,0,0,100,100,0,100,0,0,0,100,0,0,100,0,0,0,0,0,0,0,0,0,0,0,0,0,100,0,0,0,100,0,0,100,0,0,100,0,0,0,100,0,100,0,0,0,100,"cluster_0","cluster_0","cluster_0","Time management training + Personal coaching"
69.23076923076923,89.58333333333333,53.84615384615385,24.489795918367363,42.6470588235294,63.02521008403362,37.5,50,74.3203826045793,66.35725037631711,0,0,100,0,100,100,0,0,0,100,0,0,0,0,0,0,0,0,100,100,0,100,0,0,0,0,0,0,0,0,100,0,0,100,0,0,100,100,0,0,0,100,0,0,0,0,0,0,0,0,0,100,0,0,0,0,100,0,0,0,0,0,100,0,100,0,0,100,0,0,0,0,100,0,100,0,0,0,100,"cluster_0","cluster_0","cluster_0","Time management training + Personal coaching"
23.07692307692308,52.08333333333332,79.48717948717947,71.42857142857143,69.11764705882351,38.65546218487395,100,12.5,11.54113904223548,90.79277471149021,0,100,0,100,0,0,0,0,100,0,0,100,0,100,0,0,0,0,0,100,0,0,100,0,0,100,0,0,0,0,0,0,0,100,0,0,100,0,0,100,0,100,0,0,0,0,0,0,100,0,0,0,0,0,0,0,0,100,0,100,0,0,0,0,0,0,100,0,0,0,100,0,100,0,100,0,0,0,100,"cluster_0","cluster_0","cluster_0","Time management training + Personal coaching"
3.846153846153854,39.58333333333332,15.38461538461538,48.9795918367347,51.47058823529411,88.23529411764706,50,0,6.147013164215055,83.84345208228801,0,0,100,0,100,100,0,0,0,0,0,100,0,0,0,0,100,0,0,0,100,0,0,100,100,0,0,0,0,0,0,0,0,0,100,0,100,0,0,100,0,100,0,100,0,0,0,0,0,0,0,0,0,0,0,0,0,100,0,100,0,0,0,0,0,0,100,0,0,100,0,100,0,100,0,0,0,0,100,"cluster_1","cluster_1","cluster_1","Specialized skill improvement and regular feedback"
96.15384615384616,39.58333333333332,28.205128205128197,0.000000000000007105427357601002,0,0,25,75,81.04276455477665,22.07727044656297,50,100,0,100,0,100,0,0,0,100,0,0,0,0,0,100,0,0,0,0,100,0,0,100,100,0,0,0,0,0,0,0,0,100,0,0,100,0,100,0,0,100,0,0,0,0,0,0,0,0,0,0,0,0,0,100,0,100,0,0,100,0,0,100,0,0,0,100,0,0,0,100,0,100,0,0,0,100,0,"cluster_2","cluster_2","cluster_2","Increased responsibility and promotion path"
69.23076923076923,62.49999999999999,43.589743589743584,55.102040816326536,60.29411764705882,53.78151260504202,25,62.5,94.3844981099501,5.4440541896638255,64.28571428571428,100,0,100,0,100,0,0,0,100,0,0,0,0,0,100,0,0,0,100,0,0,0,100,0,0,0,0,0,0,0,0,100,0,100,100,0,0,0,100,100,0,0,0,0,0,100,0,0,0,0,0,0,0,0,0,0,100,0,0,0,100,0,0,100,0,0,100,0,0,0,0,100,0,100,0,0,100,0,"cluster_2","cluster_2","cluster_2","Increased responsibility and promotion path"
11.538461538461547,6.249999999999999,64.10256410256409,0.000000000000007105427357601002,23.529411764705877,24.369747899159663,25,12.5,10.946278028778883,86.85398896136478,0,0,100,100,0,0,0,0,100,0,0,100,0,0,0,0,0,100,0,0,100,0,100,0,0,0,0,0,0,0,0,100,0,100,0,0,100,0,100,0,100,0,0,0,0,0,0,0,0,0,100,0,0,0,0,0,0,100,0,0,0,0,100,0,0,0,100,0,0,0,100,100,0,100,0,0,0,0,100,"cluster_1","cluster_1","cluster_1","Specialized skill improvement and regular feedback"
3.846153846153854,81.24999999999999,97.43589743589743,42.85714285714286,54.41176470588234,42.016806722689076,100,0,9.674062110590546,0.0501756146512804,0,100,0,0,100,0,0,100,0,0,0,100,100,0,0,0,0,0,0,100,0,100,0,0,0,0,0,100,0,0,0,0,0,100,0,100,0,0,100,0,100,0,0,0,0,0,0,0,100,0,0,0,0,0,0,0,100,0,0,100,0,0,0,0,0,0,100,0,0,100,0,0,100,0,100,0,0,0,100,"cluster_0","cluster_0","cluster_0","Time management training + Personal coaching"
65.38461538461539,39.58333333333332,20.512820512820518,32.653061224489804,49.99999999999999,100,12.5,75,33.39297026739159,96.66332162568992,92.85714285714285,0,100,0,100,0,0,0,100,100,0,0,0,0,0,0,0,0,100,0,100,100,0,0,0,0,0,0,100,0,0,0,0,100,0,0,100,0,0,100,0,100,0,0,0,0,0,0,0,0,0,0,0,0,100,0,0,0,100,0,0,100,0,100,0,0,0,100,0,0,0,0,100,0,0,0,100,100,0,"cluster_2","cluster_2","cluster_2","Increased responsibility and promotion path"
50.000000000000014,49.99999999999999,43.589743589743584,40.81632653061226,48.52941176470588,46.21848739495798,50,62.5,71.77525461722139,2.1826392373306582,0,100,0,0,100,0,100,0,0,0,0,100,0,100,0,0,0,0,0,0,100,100,0,0,0,0,0,0,0,0,0,0,100,0,100,100,0,0,0,100,0,100,0,0,100,0,0,0,0,0,0,0,0,0,0,0,100,0,0,100,0,0,0,0,100,0,0,100,0,0,0,100,0,100,0,0,0,0,100,"cluster_1","cluster_1","cluster_1","Specialized skill improvement and regular feedback"
92.30769230769232,54.16666666666666,53.84615384615385,67.34693877551022,48.52941176470588,0,50,87.5,96.6407234400997,7.350727546412445,85.71428571428571,100,0,100,0,0,0,0,100,0,100,0,0,100,0,0,0,0,0,0,100,100,0,0,0,0,0,0,0,0,0,0,100,0,100,100,0,100,0,0,100,0,0,0,0,0,0,0,0,0,0,0,0,0,100,0,0,0,100,0,100,0,0,100,0,0,0,100,0,0,0,100,0,100,0,0,0,100,0,"cluster_2","cluster_2","cluster_2","Increased responsibility and promotion path"
73.0769230769231,35.41666666666666,94.87179487179486,93.87755102040818,94.11764705882351,91.59663865546219,75,50,44.486484228699524,20.471650777722026,0,100,0,0,100,0,0,100,0,0,0,100,0,0,0,0,100,0,0,100,0,0,100,0,0,0,0,0,0,0,100,0,0,100,0,100,0,0,0,100,100,0,0,0,100,0,0,0,0,0,0,0,0,0,0,0,0,0,100,0,0,100,0,0,100,0,0,100,0,0,0,0,100,0,0,100,0,0,100,"cluster_0","cluster_0","cluster_0","Time management training + Personal coaching"
15.384615384615387,2.083333333333333,71.7948717948718,91.83673469387757,91.17647058823528,42.016806722689076,100,12.5,10.820274701177192,15.45408931259408,0,100,0,100,0,0,100,0,0,0,100,0,0,0,0,0,0,0,100,0,100,100,0,0,0,0,0,0,100,0,0,0,0,100,0,100,0,0,100,0,0,100,0,0,0,0,0,0,0,0,0,0,0,100,0,0,100,0,0,100,0,0,0,0,0,0,100,0,0,0,100,100,0,100,0,0,0,0,100,"cluster_1","cluster_1","cluster_1","Specialized skill improvement and regular feedback"
76.92307692307693,29.166666666666664,69.23076923076923,53.06122448979593,55.88235294117646,10.92436974789916,75,75,92.08128258856782,23.256397390868038,64.28571428571428,0,100,100,0,0,0,0,100,100,0,0,0,0,0,100,0,0,0,100,0,0,0,100,0,0,0,0,0,100,0,0,0,0,100,100,0,0,100,0,100,0,0,0,0,0,0,0,0,100,0,0,0,0,0,0,100,0,0,100,0,0,0,100,0,0,0,100,0,0,0,100,0,100,0,0,0,100,0,"cluster_2","cluster_2","cluster_2","Increased responsibility and promotion path"
7.692307692307693,47.91666666666666,61.53846153846154,61.22448979591837,61.764705882352935,69.74789915966387,25,0,7.542099730589571,72.4786753637732,0,100,0,100,0,100,0,0,0,100,0,0,0,0,0,0,0,100,0,100,0,100,0,0,0,0,0,0,100,0,0,0,0,0,100,0,100,100,0,0,0,100,0,0,0,0,0,0,0,0,0,0,0,0,100,0,100,0,0,100,0,0,0,0,0,0,100,0,0,100,0,0,100,0,0,0,100,0,100,"cluster_0","cluster_0","cluster_0","Time management training + Personal coaching"
84.61538461538461,95.83333333333333,38.46153846153846,44.89795918367348,47.05882352941176,53.78151260504202,37.5,62.5,42.77325666390527,98.39438033115906,57.14285714285714,100,0,100,0,0,0,0,100,0,100,0,0,0,0,100,0,0,0,0,100,100,0,0,0,0,0,0,0,0,100,0,0,100,0,0,100,0,100,0,100,0,0,0,0,100,0,0,0,0,0,0,0,0,0,0,0,100,0,0,0,0,100,0,100,0,0,100,0,0,0,100,0,100,0,0,0,100,0,"cluster_2","cluster_2","cluster_2","Increased responsibility and promotion path"
34.61538461538463,37.49999999999999,33.333333333333336,100,99.99999999999997,73.94957983193278,50,37.5,28.52060954979916,7.200200702458607,0,100,0,100,0,0,0,100,0,0,0,100,0,0,100,0,0,0,0,0,100,0,100,0,0,0,0,0,0,100,0,0,0,100,0,100,0,100,0,0,100,0,0,0,0,0,100,0,0,0,0,0,0,0,0,0,0,100,0,100,0,0,0,0,0,100,0,0,100,0,0,0,100,0,100,0,0,0,100,"cluster_0","cluster_0","cluster_0","Time management training + Personal coaching"
73.0769230769231,10.416666666666664,15.38461538461538,18.367346938775526,36.764705882352935,67.22689075630252,0,100,93.49829791085092,18.28901154039137,78.57142857142857,0,100,100,0,0,0,0,100,0,0,100,0,0,0,0,100,0,0,100,0,100,0,0,100,0,0,0,0,0,0,0,0,0,100,100,0,0,0,100,0,100,0,0,0,0,0,0,100,0,0,0,0,0,0,0,0,0,100,100,0,0,0,100,0,0,0,100,0,0,0,100,0,100,0,0,0,100,0,"cluster_2","cluster_2","cluster_2","Increased responsibility and promotion path"
50.000000000000014,22.916666666666664,87.17948717948718,67.34693877551022,67.64705882352939,63.02521008403362,100,75,82.50398546436753,83.11590566984445,0,0,100,100,0,0,0,100,0,100,0,0,0,0,0,100,0,0,0,0,100,0,0,100,100,0,0,0,0,0,0,0,0,100,0,0,100,0,0,100,0,100,100,0,0,0,0,0,0,0,0,0,0,0,0,0,0,0,100,0,0,0,100,100,0,0,0,100,0,0,0,0,100,0,0,0,100,0,100,"cluster_0","cluster_0","cluster_0","Time management training + Personal coaching"
34.61538461538463,75,12.820512820512825,63.26530612244899,66.17647058823528,46.21848739495798,50,25,29.825196488614452,1.3547415955845477,0,0,100,100,0,0,0,100,0,0,0,100,0,0,0,0,0,100,0,100,0,0,0,100,100,0,0,0,0,0,0,0,0,100,0,100,0,0,0,100,100,0,0,0,0,0,0,0,0,0,100,0,0,0,0,0,100,0,0,0,0,0,100,0,0,100,0,0,100,0,0,100,0,100,0,0,0,0,100,"cluster_1","cluster_1","cluster_1","Specialized skill improvement and regular feedback"
0,12.5,100,34.69387755102042,49.99999999999999,52.10084033613445,75,0,1.8496731571143155,22.328148519819372,0,100,0,0,100,0,0,0,100,0,100,0,0,0,0,100,0,0,0,100,0,100,0,0,0,0,100,0,0,0,0,0,0,100,0,100,0,0,100,0,100,0,100,0,0,0,0,0,0,0,0,0,0,0,0,0,0,100,0,0,0,0,100,0,0,0,100,0,0,100,0,0,100,0,0,0,100,0,100,"cluster_0","cluster_0","cluster_0","Time management training + Personal coaching"
84.61538461538461,20.833333333333332,71.7948717948718,24.489795918367363,35.29411764705882,90.75630252100841,100,62.5,53.138248623361434,82.41344706472654,92.85714285714285,0,100,100,0,0,100,0,0,0,0,100,100,0,0,0,0,0,0,0,100,100,0,0,100,0,0,0,0,0,0,0,0,0,100,0,100,100,0,0,0,100,100,0,0,0,0,0,0,0,0,0,0,0,0,0,100,0,0,100,0,0,0,0,100,0,0,100,0,0,0,0,100,0,100,0,0,100,0,"cluster_2","cluster_2","cluster_2","Increased responsibility and promotion path"
34.61538461538463,91.66666666666666,76.92307692307693,16.32653061224491,29.41176470588234,60.50420168067227,100,37.5,21.432400258968165,0.8278976417461124,0,0,100,100,0,100,0,0,0,0,100,0,100,0,0,0,0,0,0,0,100,0,0,100,100,0,0,0,0,0,0,0,0,0,100,100,0,0,100,0,0,100,0,0,100,0,0,0,0,0,0,0,0,0,0,0,0,0,100,0,0,100,0,0,0,100,0,0,100,0,0,100,0,100,0,0,0,0,100,"cluster_1","cluster_1","cluster_1","Specialized skill improvement and regular feedback"
11.538461538461547,99.99999999999999,30.769230769230766,77.55102040816327,55.88235294117646,0,25,12.5,12.027052427130398,9.984947315604616,0,0,100,0,100,100,0,0,0,0,0,100,0,0,0,0,0,100,0,100,0,100,0,0,0,0,100,0,0,0,0,0,0,100,0,100,0,0,0,100,100,0,0,0,0,0,0,0,0,0,0,0,0,100,0,0,0,100,0,0,100,0,0,0,0,0,100,0,0,0,100,0,100,0,0,0,100,0,100,"cluster_0","cluster_0","cluster_0","Time management training + Personal coaching"
80.76923076923077,39.58333333333332,51.28205128205128,16.32653061224491,35.29411764705882,61.34453781512605,50,62.5,54.292118874741554,66.28198695434018,78.57142857142857,0,100,100,0,0,0,0,100,100,0,0,0,0,100,0,0,0,0,100,0,0,100,0,0,0,0,0,100,0,0,0,0,0,100,0,100,0,100,0,100,0,0,0,0,0,0,0,0,0,100,0,0,0,0,0,0,100,0,0,0,100,0,0,100,0,0,100,0,0,0,0,100,0,0,100,0,100,0,"cluster_2","cluster_2","cluster_2","Increased responsibility and promotion path"
53.846153846153854,31.249999999999996,7.692307692307693,95.91836734693878,69.11764705882351,0,25,62.5,83.73443232368237,22.428499749121926,0,100,0,100,0,0,0,0,100,100,0,0,0,0,0,100,0,0,0,0,100,100,0,0,0,0,0,0,0,0,0,0,100,0,100,100,0,0,100,0,0,100,0,0,0,0,0,0,0,100,0,0,0,0,0,0,0,0,100,0,100,0,0,0,100,0,0,100,0,0,0,0,100,0,0,100,0,0,100,"cluster_0","cluster_0","cluster_0","Time management training + Personal coaching"
19.23076923076924,8.333333333333332,97.43589743589743,14.285714285714292,36.764705882352935,95.7983193277311,75,12.5,15.671402813842269,20.998494731560463,0,0,100,100,0,0,0,100,0,0,0,100,0,0,0,0,100,0,0,100,0,0,0,100,0,0,0,100,0,0,0,0,0,100,0,100,0,100,0,0,0,100,0,0,100,0,0,0,0,0,0,0,0,0,0,0,0,100,0,100,0,0,0,0,0,0,100,0,0,0,100,0,100,0,0,100,0,0,100,"cluster_0","cluster_0","cluster_0","Time management training + Personal coaching"
30.769230769230774,49.99999999999999,92.30769230769232,14.285714285714292,10.294117647058819,0,25,25,29.13252626229577,18.28901154039137,0,100,0,100,0,100,0,0,0,0,0,100,0,0,0,100,0,0,0,100,0,100,0,0,0,0,0,100,0,0,0,0,0,100,0,0,100,0,0,100,100,0,0,0,0,0,0,0,0,0,0,0,0,0,100,0,0,0,100,0,100,0,0,0,0,100,0,0,100,0,0,100,0,100,0,0,0,0,100,"cluster_1","cluster_1","cluster_1","Specialized skill improvement and regular feedback"
73.0769230769231,2.083333333333333,28.205128205128197,42.85714285714286,55.88235294117646,14.285714285714286,50,62.5,48.06992140455422,77.67185148018064,92.85714285714285,0,100,0,100,0,0,100,0,0,100,0,0,0,0,0,0,100,0,100,0,100,0,0,0,0,0,0,0,0,0,100,0,0,100,0,100,100,0,0,100,0,0,100,0,0,0,0,0,0,0,0,0,0,0,0,0,0,100,100,0,0,0,0,100,0,0,100,0,0,0,0,100,0,0,100,0,100,0,"cluster_2","cluster_2","cluster_2","Increased responsibility and promotion path"
76.92307692307693,95.83333333333333,38.46153846153846,14.285714285714292,27.941176470588225,100,25,75,62.58049245720412,4.064224786753639,50,0,100,100,0,0,0,0,100,100,0,0,0,0,0,0,0,100,0,0,100,0,0,100,0,0,0,100,0,0,0,0,0,0,100,100,0,100,0,0,0,100,0,0,0,0,0,0,0,0,0,0,0,0,0,100,100,0,0,100,0,0,0,100,0,0,0,100,0,0,0,100,0,100,0,0,0,100,0,"cluster_2","cluster_2","cluster_2","Increased responsibility and promotion path"
26.923076923076934,4.166666666666666,61.53846153846154,2.0408163265306243,29.41176470588234,66.38655462184875,37.5,37.5,14.742737404888375,6.071249372804816,0,100,0,0,100,0,0,100,0,0,0,100,0,0,0,100,0,0,0,0,100,100,0,0,0,0,0,0,0,0,100,0,0,100,0,100,0,0,0,100,100,0,0,0,0,0,0,0,0,100,0,0,0,0,0,0,0,0,100,100,0,0,0,0,0,100,0,0,0,0,100,100,0,100,0,0,0,0,100,"cluster_1","cluster_1","cluster_1","Specialized skill improvement and regular feedback"
53.846153846153854,68.75,41.025641025641015,93.87755102040818,82.35294117647058,13.445378151260504,37.5,75,37.861911491364246,13.52232814851982,0,0,100,0,100,0,0,100,0,0,0,100,0,0,0,100,0,0,0,100,0,0,100,0,0,0,0,0,0,0,0,0,100,0,100,100,0,100,0,0,0,100,0,0,0,0,100,0,0,0,0,0,0,0,0,0,0,0,100,0,0,100,0,100,0,0,0,100,0,0,0,0,100,0,100,0,0,0,100,"cluster_0","cluster_0","cluster_0","Time management training + Personal coaching"
0,87.49999999999999,74.35897435897436,93.87755102040818,85.29411764705881,81.5126050420168,87.5,0,1.8207828913934865,67.78725539387857,0,0,100,100,0,100,0,0,0,0,100,0,0,0,100,0,0,0,0,100,0,0,100,0,0,0,0,0,100,0,0,0,0,100,0,0,100,0,0,100,0,100,0,0,0,0,0,0,0,0,0,0,0,0,0,100,100,0,0,0,0,0,100,0,0,0,100,0,0,100,0,100,0,100,0,0,0,0,100,"cluster_1","cluster_1","cluster_1","Specialized skill improvement and regular feedback"
50.000000000000014,37.49999999999999,48.71794871794871,71.42857142857143,51.47058823529411,0,25,75,36.60779549868776,15.780230807827396,0,0,100,0,100,0,0,0,100,100,0,0,0,0,0,100,0,0,0,100,0,100,0,0,0,0,0,0,100,0,0,0,0,100,0,100,0,100,0,0,100,0,0,0,0,0,0,0,0,100,0,0,0,0,0,0,0,100,0,0,100,0,0,100,0,0,0,100,0,0,0,100,0,100,0,0,0,0,100,"cluster_1","cluster_1","cluster_1","Specialized skill improvement and regular feedback"
34.61538461538463,43.74999999999999,61.53846153846154,32.653061224489804,49.99999999999999,79.83193277310924,50,25,27.046857922546245,94.80682388359257,0,0,100,100,0,0,0,0,100,100,0,0,0,0,0,0,0,100,0,0,100,0,100,0,0,100,0,0,0,0,0,0,0,0,100,0,100,0,100,0,0,100,0,0,0,0,0,0,0,0,100,0,0,0,0,0,100,0,0,0,0,100,0,0,0,100,0,0,100,0,0,100,0,100,0,0,0,0,100,"cluster_1","cluster_1","cluster_1","Specialized skill improvement and regular feedback"
23.07692307692308,85.41666666666666,82.05128205128204,8.163265306122454,23.529411764705877,48.739495798319325,100,12.5,11.777134224870691,67.81234320120421,0,100,0,0,100,0,100,0,0,100,0,0,0,100,0,0,0,0,0,0,100,100,0,0,0,100,0,0,0,0,0,0,0,0,100,0,100,0,100,0,0,100,0,0,0,0,0,100,0,0,0,0,0,0,0,0,100,0,0,0,0,0,100,0,0,0,100,0,0,0,100,0,100,0,0,100,0,0,100,"cluster_0","cluster_0","cluster_0","Time management training + Personal coaching"
30.769230769230774,52.08333333333332,58.97435897435897,32.653061224489804,47.05882352941176,56.30252100840336,12.5,37.5,21.44319059917715,98.36929252383341,0,0,100,0,100,0,100,0,0,0,0,100,0,0,100,0,0,0,0,100,0,0,0,100,0,0,0,0,100,0,0,0,0,100,0,0,100,100,0,0,100,0,0,0,0,0,0,0,0,0,0,0,100,0,0,0,100,0,0,0,0,0,100,0,0,100,0,0,100,0,0,100,0,100,0,0,0,0,100,"cluster_1","cluster_1","cluster_1","Specialized skill improvement and regular feedback"
26.923076923076934,45.83333333333332,53.84615384615385,26.530612244897966,36.764705882352935,45.378151260504204,0,25,13.673449497727068,82.03712995484194,0,0,100,0,100,0,100,0,0,100,0,0,0,100,0,0,0,0,0,0,100,0,100,0,0,0,0,0,100,0,0,0,0,0,100,0,100,100,0,0,0,100,0,0,0,0,0,0,0,0,100,0,0,0,0,0,100,0,0,0,0,100,0,0,0,100,0,0,0,0,100,100,0,100,0,0,0,0,100,"cluster_1","cluster_1","cluster_1","Specialized skill improvement and regular feedback"
11.538461538461547,54.16666666666666,56.4102564102564,69.38775510204083,67.64705882352939,71.42857142857143,50,12.5,12.771237826059716,96.0863020572002,0,100,0,0,100,100,0,0,0,0,0,100,0,0,0,0,0,100,0,100,0,0,0,100,0,100,0,0,0,0,0,0,0,100,0,0,100,0,100,0,0,100,100,0,0,0,0,0,0,0,0,0,0,0,0,0,0,0,100,0,0,100,0,0,0,0,100,0,0,0,100,0,100,0,0,0,100,0,100,"cluster_0","cluster_0","cluster_0","Time management training + Personal coaching"
30.769230769230774,85.41666666666666,66.66666666666666,71.42857142857143,79.41176470588235,89.91596638655463,87.5,25,25.660821318927653,11.816357250376319,0,100,0,0,100,100,0,0,0,0,100,0,0,0,0,0,0,0,100,0,100,0,100,0,0,100,0,0,0,0,0,0,0,100,0,100,0,0,100,0,0,100,0,0,0,0,100,0,0,0,0,0,0,0,0,0,0,0,100,0,0,100,0,0,0,100,0,0,100,0,0,0,100,0,0,0,100,0,100,"cluster_0","cluster_0","cluster_0","Time management training + Personal coaching"
57.69230769230769,8.333333333333332,61.53846153846154,73.46938775510206,69.11764705882351,67.22689075630252,12.5,100,62.76810514664421,23.808329152032115,0,0,100,100,0,100,0,0,0,100,0,0,0,0,0,0,0,0,100,0,100,0,100,0,0,0,0,0,0,100,0,0,0,0,100,100,0,0,0,100,100,0,0,0,0,0,0,0,0,0,0,0,0,100,0,0,100,0,0,0,0,100,0,100,0,0,0,100,0,0,0,0,100,0,100,0,0,0,100,"cluster_0","cluster_0","cluster_0","Time management training + Personal coaching"
69.23076923076923,72.91666666666666,61.53846153846154,81.6326530612245,58.8235294117647,0,25,87.5,60.290155728974504,11.264425489212245,100,100,0,0,100,0,0,100,0,0,0,100,0,0,0,0,0,100,0,0,100,100,0,0,0,0,100,0,0,0,0,0,0,100,0,0,100,0,100,0,100,0,0,100,0,0,0,0,0,0,0,0,0,0,0,0,0,0,100,0,100,0,0,100,0,0,0,100,0,0,0,0,100,0,0,0,100,100,0,"cluster_2","cluster_2","cluster_2","Increased responsibility and promotion path"
30.769230769230774,77.08333333333333,38.46153846153846,42.85714285714286,52.941176470588225,64.70588235294117,50,37.5,20.570913419702464,3.236327145007527,0,100,0,0,100,0,100,0,0,0,0,100,0,0,0,0,0,100,0,100,0,0,0,100,0,0,0,0,0,0,0,100,0,100,0,100,0,0,100,0,0,100,0,0,100,0,0,0,0,0,0,0,0,0,0,0,0,0,100,100,0,0,0,0,0,100,0,0,100,0,0,0,100,0,100,0,0,0,100,"cluster_0","cluster_0","cluster_0","Time management training + Personal coaching"
76.92307692307693,97.91666666666666,87.17948717948718,22.448979591836746,33.8235294117647,44.53781512605042,100,87.5,75.73530947391872,91.57049673858505,64.28571428571428,0,100,100,0,0,0,0,100,0,0,100,0,0,0,0,0,0,100,0,100,100,0,0,0,0,0,0,0,0,0,100,0,0,100,0,100,100,0,0,0,100,0,0,0,0,0,0,0,0,0,0,0,100,0,0,0,100,0,0,0,0,100,100,0,0,0,100,0,0,0,0,100,0,0,0,100,100,0,"cluster_2","cluster_2","cluster_2","Increased responsibility and promotion path"
50.000000000000014,95.83333333333333,92.30769230769232,61.22448979591837,60.29411764705882,99.15966386554622,100,87.5,42.02036937771064,14.049172102358254,0,100,0,0,100,0,0,100,0,0,100,0,0,0,0,0,100,0,0,0,100,0,100,0,0,0,0,0,0,0,0,100,0,100,0,100,0,0,0,100,100,0,0,0,0,0,0,0,0,0,0,0,0,0,100,0,0,100,0,0,0,100,0,100,0,0,0,100,0,0,0,100,0,100,0,0,0,0,100,"cluster_1","cluster_1","cluster_1","Specialized skill improvement and regular feedback"
38.46153846153847,75,87.17948717948718,6.1224489795918515,19.117647058823522,79.83193277310924,75,25,22.316860080614283,1.6557952834922247,0,0,100,0,100,0,0,100,0,0,0,100,0,0,0,0,0,100,0,0,100,0,100,0,0,0,0,0,0,100,0,0,0,100,0,100,0,100,0,0,0,100,0,0,0,0,0,100,0,0,0,0,0,0,0,0,0,100,0,100,0,0,0,0,0,100,0,0,100,0,0,0,100,0,100,0,0,0,100,"cluster_0","cluster_0","cluster_0","Time management training + Personal coaching"
84.61538461538461,81.24999999999999,35.89743589743589,95.91836734693878,69.11764705882351,0,50,62.5,88.26498290949343,24.310085298544912,50,0,100,0,100,0,100,0,0,0,100,0,0,0,100,0,0,0,0,100,0,100,0,0,0,100,0,0,0,0,0,0,0,0,100,0,100,0,0,100,0,100,100,0,0,0,0,0,0,0,0,0,0,0,0,0,0,100,0,0,100,0,0,0,100,0,0,100,0,0,0,100,0,100,0,0,0,100,0,"cluster_2","cluster_2","cluster_2","Increased responsibility and promotion path"
50.000000000000014,0,15.38461538461538,65.30612244897961,47.05882352941176,0,12.5,62.5,39.18877526157873,11.816357250376319,0,0,100,0,100,0,0,0,100,0,100,0,0,0,100,0,0,0,0,0,100,0,100,0,0,0,0,0,0,0,0,0,100,0,100,0,100,100,0,0,100,0,0,0,0,0,0,100,0,0,0,0,0,0,0,0,0,100,0,0,100,0,0,0,100,0,0,100,0,0,0,0,100,0,0,100,0,0,100,"cluster_0","cluster_0","cluster_0","Time management training + Personal coaching"
50.000000000000014,62.49999999999999,25.641025641025642,77.55102040816327,55.88235294117646,0,50,100,63.29752796786567,4.766683391871551,0,0,100,100,0,0,0,100,0,0,0,100,0,0,0,100,0,0,0,100,0,100,0,0,0,100,0,0,0,0,0,0,0,0,100,100,0,0,0,100,100,0,0,100,0,0,0,0,0,0,0,0,0,0,0,0,0,0,100,0,100,0,0,100,0,0,0,100,0,0,0,100,0,100,0,0,0,0,100,"cluster_1","cluster_1","cluster_1","Specialized skill improvement and regular feedback"
69.23076923076923,2.083333333333333,2.564102564102562,2.0408163265306243,26.47058823529411,70.58823529411765,25,50,57.96814413109916,8.981435022579026,0,0,100,100,0,0,100,0,0,0,0,100,0,0,0,100,0,0,0,0,100,100,0,0,0,0,0,0,0,0,100,0,0,0,100,100,0,100,0,0,100,0,0,0,0,0,0,0,0,0,0,0,0,0,100,0,0,100,0,0,0,0,100,0,100,0,0,100,0,0,0,0,100,0,0,100,0,0,100,"cluster_0","cluster_0","cluster_0","Time management training + Personal coaching"
53.846153846153854,54.16666666666666,97.43589743589743,61.22448979591837,72.05882352941177,31.092436974789916,100,50,93.34375239301902,74.9372804816859,0,0,100,0,100,0,0,0,100,100,0,0,0,100,0,0,0,0,0,0,100,0,0,100,0,0,0,0,0,0,0,100,0,0,100,0,100,100,0,0,100,0,0,0,0,0,0,0,0,0,0,0,100,0,0,0,0,0,100,0,0,0,100,0,100,0,0,100,0,0,0,100,0,100,0,0,0,0,100,"cluster_1","cluster_1","cluster_1","Specialized skill improvement and regular feedback"
38.46153846153847,22.916666666666664,35.89743589743589,69.38775510204083,77.94117647058823,11.764705882352942,25,37.5,27.626751689906506,3.6628198695434033,0,0,100,100,0,0,0,0,100,0,100,0,0,0,0,100,0,0,0,0,100,100,0,0,0,100,0,0,0,0,0,0,0,100,0,100,0,0,100,0,0,100,100,0,0,0,0,0,0,0,0,0,0,0,0,0,0,100,0,0,0,0,100,0,0,100,0,0,100,0,0,0,100,0,0,0,100,0,100,"cluster_0","cluster_0","cluster_0","Time management training + Personal coaching"
50.000000000000014,4.166666666666666,28.205128205128197,10.204081632653072,30.88235294117647,66.38655462184875,0,62.5,51.48628234491497,79.17711991971902,0,0,100,100,0,0,0,0,100,0,0,100,0,100,0,0,0,0,0,100,0,0,0,100,0,0,0,0,0,0,0,0,100,0,100,0,100,0,0,100,100,0,0,0,0,0,0,0,0,0,0,100,0,0,0,0,0,100,0,100,0,0,0,0,100,0,0,100,0,0,0,100,0,100,0,0,0,0,100,"cluster_1","cluster_1","cluster_1","Specialized skill improvement and regular feedback"
53.846153846153854,70.83333333333333,33.333333333333336,20.40816326530613,35.29411764705882,21.84873949579832,12.5,75,80.59618370032094,15.905669844455597,0,100,0,100,0,0,0,0,100,0,0,100,0,0,100,0,0,0,0,0,100,100,0,0,0,0,0,0,0,0,0,0,100,0,100,100,0,0,100,0,0,100,0,0,0,0,0,0,0,0,0,0,0,0,0,100,0,100,0,0,0,0,100,100,0,0,0,100,0,0,0,0,100,0,100,0,0,0,100,"cluster_0","cluster_0","cluster_0","Time management training + Personal coaching"
53.846153846153854,45.83333333333332,2.564102564102562,91.83673469387757,66.17647058823528,0,50,50,55.66214400579198,5.218263923733067,0,100,0,100,0,0,0,100,0,0,0,100,0,0,0,0,0,0,100,0,100,0,100,0,0,0,0,0,0,100,0,0,0,0,100,0,100,0,0,100,0,100,0,0,0,0,0,0,0,0,0,0,100,0,0,0,100,0,0,0,100,0,0,0,100,0,0,100,0,0,0,0,100,0,100,0,0,0,100,"cluster_0","cluster_0","cluster_0","Time management training + Personal coaching"
50.000000000000014,45.83333333333332,76.92307692307693,12.244897959183689,8.823529411764703,0,12.5,50,48.88267767513418,3.2865027596588074,0,0,100,100,0,0,100,0,0,0,0,100,0,0,0,0,100,0,0,0,100,0,100,0,0,0,0,100,0,0,0,0,0,100,0,100,0,100,0,0,0,100,0,0,0,0,0,0,0,0,0,0,0,100,0,0,0,0,100,0,100,0,0,0,100,0,0,100,0,0,0,0,100,0,0,0,100,0,100,"cluster_0","cluster_0","cluster_0","Time management training + Personal coaching"
46.15384615384616,81.24999999999999,41.025641025641015,28.571428571428584,20.588235294117645,0,0,75,24.82091516007992,8.68038133467135,0,0,100,100,0,0,100,0,0,100,0,0,0,0,0,100,0,0,0,100,0,0,0,100,0,0,100,0,0,0,0,0,0,0,100,100,0,0,100,0,100,0,0,0,0,0,0,100,0,0,0,0,0,0,0,0,100,0,0,0,100,0,0,100,0,0,0,0,100,0,0,0,100,0,0,0,100,0,100,"cluster_0","cluster_0","cluster_0","Time management training + Personal coaching"
80.76923076923077,43.74999999999999,12.820512820512825,34.69387755102042,24.999999999999993,0,37.5,100,56.20340139369427,8.68038133467135,78.57142857142857,0,100,100,0,0,0,100,0,0,100,0,0,0,100,0,0,0,0,100,0,0,0,100,0,0,0,0,100,0,0,0,0,0,100,100,0,100,0,0,100,0,0,0,0,100,0,0,0,0,0,0,0,0,0,0,0,100,0,0,100,0,0,100,0,0,0,100,0,0,0,100,0,100,0,0,0,100,0,"cluster_2","cluster_2","cluster_2","Increased responsibility and promotion path"
38.46153846153847,12.5,41.025641025641015,75.51020408163266,79.41176470588235,18.487394957983195,50,25,24.08264704449101,2.0321123933768206,0,0,100,100,0,0,100,0,0,0,100,0,0,100,0,0,0,0,0,100,0,0,0,100,0,0,0,0,100,0,0,0,0,100,0,100,0,0,0,100,0,100,0,0,0,0,0,100,0,0,0,0,0,0,0,0,0,0,100,0,0,0,100,0,0,100,0,0,100,0,0,100,0,100,0,0,0,0,100,"cluster_1","cluster_1","cluster_1","Specialized skill improvement and regular feedback"
96.15384615384616,27.083333333333332,66.66666666666666,65.30612244897961,47.05882352941176,0,0,62.5,68.41841458575537,18.31409934771701,42.857142857142854,100,0,100,0,0,0,0,100,100,0,0,0,0,0,100,0,0,0,0,100,100,0,0,0,0,100,0,0,0,0,0,0,100,0,0,100,0,100,0,100,0,0,0,0,0,0,0,0,0,0,0,100,0,0,0,100,0,0,0,100,0,0,0,100,0,0,100,0,0,0,100,0,100,0,0,0,100,0,"cluster_2","cluster_2","cluster_2","Increased responsibility and promotion path"
3.846153846153854,56.24999999999999,23.076923076923073,77.55102040816327,82.35294117647058,55.46218487394958,12.5,0,9.680327469421568,91.29453085800301,0,100,0,0,100,100,0,0,0,0,0,100,0,0,0,0,100,0,0,0,100,0,0,100,0,0,0,0,0,100,0,0,0,0,100,0,100,0,100,0,100,0,0,0,100,0,0,0,0,0,0,0,0,0,0,0,100,0,0,0,0,100,0,0,0,0,100,0,0,100,0,0,100,0,0,0,100,0,100,"cluster_0","cluster_0","cluster_0","Time management training + Personal coaching"
23.07692307692308,97.91666666666666,64.10256410256409,93.87755102040818,94.11764705882351,75.63025210084034,0,12.5,11.342039861605185,12.995484194681387,0,0,100,100,0,0,100,0,0,0,0,100,0,0,100,0,0,0,0,100,0,100,0,0,0,0,0,0,0,0,0,100,0,100,0,100,0,0,0,100,0,100,0,0,0,0,100,0,0,0,0,0,0,0,0,0,100,0,0,0,0,100,0,0,0,0,100,0,0,0,100,100,0,100,0,0,0,0,100,"cluster_1","cluster_1","cluster_1","Specialized skill improvement and regular feedback"
23.07692307692308,33.33333333333333,87.17948717948718,57.14285714285715,67.64705882352939,99.15966386554622,100,12.5,13.836696902824285,81.30958354239839,0,0,100,0,100,0,0,0,100,0,0,100,0,0,0,100,0,0,0,0,100,100,0,0,100,0,0,0,0,0,0,0,0,0,100,0,100,0,100,0,0,100,0,0,0,0,0,100,0,0,0,0,0,0,0,0,100,0,0,0,0,0,100,0,0,0,100,0,0,0,100,100,0,100,0,0,0,0,100,"cluster_1","cluster_1","cluster_1","Specialized skill improvement and regular feedback"
3.846153846153854,91.66666666666666,76.92307692307693,83.6734693877551,88.23529411764704,56.30252100840336,100,0,3.077683487994877,72.37832413447065,0,100,0,0,100,0,0,0,100,100,0,0,0,0,100,0,0,0,0,100,0,100,0,0,100,0,0,0,0,0,0,0,0,0,100,0,100,100,0,0,100,0,0,0,0,100,0,0,0,0,0,0,0,0,0,0,0,0,100,100,0,0,0,0,0,0,100,0,0,100,0,0,100,0,0,0,100,0,100,"cluster_0","cluster_0","cluster_0","Time management training + Personal coaching"
34.61538461538463,29.166666666666664,10.256410256410255,85.71428571428574,82.35294117647058,24.369747899159663,25,37.5,19.473431397801555,14.149523331660815,0,100,0,0,100,0,100,0,0,0,0,100,0,0,0,0,100,0,0,100,0,0,0,100,0,0,0,0,100,0,0,0,0,100,0,100,0,100,0,0,100,0,0,0,0,0,0,0,0,100,0,0,0,0,0,0,0,0,100,100,0,0,0,0,0,100,0,0,100,0,0,100,0,100,0,0,0,0,100,"cluster_1","cluster_1","cluster_1","Specialized skill improvement and regular feedback"
92.30769230769232,91.66666666666666,48.71794871794871,38.77551020408164,44.11764705882353,36.134453781512605,12.5,50,69.77033979129395,84.69643753135976,0,0,100,100,0,0,0,100,0,100,0,0,0,0,100,0,0,0,0,100,0,100,0,0,0,0,0,0,0,0,0,0,100,0,100,0,100,0,100,0,100,0,0,0,0,0,0,0,0,0,0,0,0,0,100,0,100,0,0,100,0,0,0,0,100,0,0,100,0,0,0,100,0,100,0,0,0,0,100,"cluster_1","cluster_1","cluster_1","Specialized skill improvement and regular feedback"
46.15384615384616,81.24999999999999,25.641025641025642,4.081632653061234,2.941176470588232,0,12.5,100,20.310552952724386,16.106372303060716,0,0,100,100,0,100,0,0,0,0,0,100,0,0,100,0,0,0,0,100,0,0,100,0,0,0,0,0,100,0,0,0,0,0,100,0,100,0,100,0,100,0,0,0,0,0,0,100,0,0,0,0,0,0,0,0,0,0,100,0,100,0,0,100,0,0,0,0,100,0,0,100,0,100,0,0,0,0,100,"cluster_1","cluster_1","cluster_1","Specialized skill improvement and regular feedback"
0,39.58333333333332,15.38461538461538,30.6122448979592,47.05882352941176,92.43697478991596,25,0,5.144555751251332,76.7686904164576,0,0,100,100,0,0,100,0,0,100,0,0,0,0,100,0,0,0,0,0,100,0,100,0,0,0,0,0,0,100,0,0,0,100,0,0,100,0,0,100,0,100,0,0,0,0,0,0,0,0,0,0,100,0,0,0,100,0,0,0,0,100,0,0,0,0,100,0,0,100,0,100,0,100,0,0,0,0,100,"cluster_1","cluster_1","cluster_1","Specialized skill improvement and regular feedback"
7.692307692307693,4.166666666666666,41.025641025641015,81.6326530612245,79.41176470588235,54.621848739495796,12.5,0,4.245824834490104,10.336176618163572,0,100,0,100,0,100,0,0,0,0,0,100,0,0,0,0,100,0,0,0,100,100,0,0,100,0,0,0,0,0,0,0,0,100,0,100,0,100,0,0,100,0,0,0,0,0,0,100,0,0,0,0,0,0,0,0,0,100,0,100,0,0,0,0,0,0,100,0,0,100,0,100,0,100,0,0,0,0,100,"cluster_1","cluster_1","cluster_1","Specialized skill improvement and regular feedback"
73.0769230769231,81.24999999999999,15.38461538461538,79.5918367346939,73.52941176470588,52.10084033613445,12.5,75,83.33275320751567,78.52483692925239,35.71428571428571,0,100,0,100,0,100,0,0,0,0,100,0,0,100,0,0,0,0,100,0,0,0,100,0,100,0,0,0,0,0,0,0,100,0,0,100,0,100,0,0,100,0,0,0,0,0,100,0,0,0,0,0,0,0,0,100,0,0,0,0,100,0,100,0,0,0,100,0,0,0,0,100,0,0,100,0,100,0,"cluster_2","cluster_2","cluster_2","Increased responsibility and promotion path"
42.30769230769232,52.08333333333332,97.43589743589743,10.204081632653072,7.352941176470587,0,25,37.5,20.467534998990587,2.5840441545408943,0,100,0,100,0,0,0,100,0,0,100,0,0,100,0,0,0,0,0,100,0,0,0,100,0,0,0,0,100,0,0,0,0,0,100,0,100,0,0,100,100,0,0,0,100,0,0,0,0,0,0,0,0,0,0,0,0,0,100,0,100,0,0,0,0,100,0,0,100,0,0,0,100,0,100,0,0,0,100,"cluster_0","cluster_0","cluster_0","Time management training + Personal coaching"
50.000000000000014,52.08333333333332,46.15384615384615,30.6122448979592,36.764705882352935,94.95798319327731,37.5,50,79.49348054606084,74.00903161063722,0,0,100,100,0,0,0,0,100,0,0,100,0,0,0,0,100,0,0,0,100,0,100,0,0,0,100,0,0,0,0,0,0,100,0,0,100,0,0,100,0,100,0,0,100,0,0,0,0,0,0,0,0,0,0,0,0,100,0,0,0,0,100,0,100,0,0,100,0,0,0,0,100,0,0,0,100,0,100,"cluster_0","cluster_0","cluster_0","Time management training + Personal coaching"
69.23076923076923,37.49999999999999,41.025641025641015,75.51020408163266,79.41176470588235,57.983193277310924,25,75,63.269333853126064,12.343201204214752,78.57142857142857,100,0,0,100,100,0,0,0,100,0,0,0,0,0,0,0,0,100,100,0,100,0,0,0,0,0,0,0,0,0,0,100,100,0,100,0,0,0,100,100,0,0,0,0,0,0,0,0,100,0,0,0,0,0,0,0,0,100,0,0,100,0,100,0,0,0,100,0,0,0,0,100,0,100,0,0,100,0,"cluster_2","cluster_2","cluster_2","Increased responsibility and promotion path"
15.384615384615387,22.916666666666664,87.17948717948718,24.489795918367363,17.647058823529406,0,37.5,12.5,12.036798540867546,10.963371801304566,0,0,100,0,100,0,0,100,0,100,0,0,0,0,0,0,0,100,0,100,0,0,100,0,0,0,0,0,0,0,0,100,0,100,0,100,0,100,0,0,0,100,0,0,0,0,0,0,0,0,0,0,0,0,0,100,0,0,100,0,100,0,0,0,0,0,100,0,0,0,100,100,0,100,0,0,0,0,100,"cluster_1","cluster_1","cluster_1","Specialized skill improvement and regular feedback"
61.53846153846155,4.166666666666666,79.48717948717947,55.102040816326536,39.70588235294117,0,50,75,65.37449442034989,2.1324636226793796,0,0,100,0,100,0,0,0,100,0,100,0,0,0,0,0,100,0,0,0,100,100,0,0,0,100,0,0,0,0,0,0,0,100,0,100,0,0,100,0,100,0,0,0,0,0,0,0,0,0,0,0,0,100,0,0,0,100,0,0,100,0,0,100,0,0,0,100,0,0,0,0,100,0,100,0,0,0,100,"cluster_0","cluster_0","cluster_0","Time management training + Personal coaching"
100,35.41666666666666,100,89.79591836734694,85.29411764705881,78.99159663865547,75,75,49.131551650922056,23.30657300551932,35.71428571428571,100,0,100,0,0,0,100,0,0,100,0,100,0,0,0,0,0,0,100,0,0,100,0,0,0,0,0,0,0,0,0,100,0,100,100,0,0,100,0,100,0,0,0,100,0,0,0,0,0,0,0,0,0,0,0,100,0,0,0,0,0,100,100,0,0,0,100,0,0,0,100,0,100,0,0,0,100,0,"cluster_2","cluster_2","cluster_2","Increased responsibility and promotion path"
73.0769230769231,47.91666666666666,12.820512820512825,75.51020408163266,77.94117647058823,26.050420168067227,25,87.5,72.4741902023711,90.7175112895133,92.85714285714285,0,100,100,0,0,100,0,0,0,100,0,100,0,0,0,0,0,0,0,100,0,100,0,0,0,0,0,0,0,0,100,0,100,0,0,100,100,0,0,0,100,0,0,0,0,0,0,0,0,0,0,0,0,100,0,100,0,0,0,0,100,0,100,0,0,0,100,0,0,0,0,100,0,100,0,0,100,0,"cluster_2","cluster_2","cluster_2","Increased responsibility and promotion path"
46.15384615384616,27.083333333333332,25.641025641025642,18.367346938775526,29.41176470588234,93.27731092436974,37.5,87.5,24.61381024316554,21.048670346211743,0,100,0,100,0,0,100,0,0,0,0,100,0,0,0,0,0,0,100,100,0,0,0,100,0,0,0,0,100,0,0,0,0,0,100,100,0,100,0,0,100,0,0,0,0,0,0,0,0,100,0,0,0,0,0,0,0,0,100,100,0,0,0,100,0,0,0,0,100,0,0,0,100,0,100,0,0,0,100,"cluster_0","cluster_0","cluster_0","Time management training + Personal coaching"
100,99.99999999999999,30.769230769230766,26.530612244897966,44.11764705882353,99.15966386554622,25,62.5,57.74990079848518,12.895132965378826,42.857142857142854,100,0,100,0,0,0,0,100,100,0,0,0,100,0,0,0,0,0,0,100,0,0,100,0,0,0,0,0,100,0,0,0,100,0,100,0,0,0,100,100,0,0,0,0,0,0,0,0,0,0,100,0,0,0,0,0,100,0,0,0,100,0,0,100,0,0,100,0,0,0,0,100,0,0,0,100,100,0,"cluster_2","cluster_2","cluster_2","Increased responsibility and promotion path"
23.07692307692308,33.33333333333333,17.94871794871795,36.73469387755104,52.941176470588225,44.53781512605042,50,12.5,12.335447311812986,17.059708981435023,0,0,100,0,100,0,0,0,100,100,0,0,100,0,0,0,0,0,0,0,100,0,100,0,0,0,0,0,0,0,0,0,100,100,0,100,0,100,0,0,100,0,0,0,0,0,100,0,0,0,0,0,0,0,0,0,0,100,0,0,0,100,0,0,0,0,100,0,0,0,100,100,0,100,0,0,0,0,100,"cluster_1","cluster_1","cluster_1","Specialized skill improvement and regular feedback"
92.30769230769232,87.49999999999999,25.641025641025642,77.55102040816327,80.88235294117646,15.126050420168067,12.5,62.5,46.96791440127535,92.84997491219268,35.71428571428571,100,0,100,0,0,100,0,0,0,0,100,0,0,100,0,0,0,0,100,0,100,0,0,0,100,0,0,0,0,0,0,0,0,100,0,100,100,0,0,100,0,0,0,0,100,0,0,0,0,0,0,0,0,0,0,100,0,0,100,0,0,0,0,100,0,0,100,0,0,0,100,0,100,0,0,0,100,0,"cluster_2","cluster_2","cluster_2","Increased responsibility and promotion path"
