Gender,Age,Marital Status,Employee Type,Shift Type,Location,Commute Distance,Vehicle type,Health Status,Department,Overtime,Weekly Working Hours,Promotion Status,English Language Level,Bonus Type,Current Skill,Employee Satisfaction,Training Type,Productivity Before,Productivity After,Training Hours,Employee performance,Years of Experience,Job Level,Education Level,Gross Income,Bonus,Insurance Status,Insurance Type,Work Position,Team Size
Male,36,Single,Full-Time,Flexible,Location_Group_1,41,Public,Poor,Department_Group_1,Yes,30,No,Advanced,Percentage,Quality-Supervisor,Low,Workshop,46,57,57,5,8,Job Level_Group_1,PhD,Very High,755,No,,Work Position_Group_1,Team Size_Group_1
Male,44,Single,Part-Time,Flexible,Location_Group_2,39,Private,Average,Department_Group_2,Yes,47,Yes,Basic,Percentage,UI-Design,Medium,,55,55,0,4,6,Job Level_Group_2,PhD,Very High,855,No,,Work Position_Group_1,Team Size_Group_2
Male,37,Single,Part-Time,Flexible,Location_Group_3,36,Public,Good,Department_Group_2,Yes,34,Yes,Intermediate,Fixed,Quality-Supervisor,Low,In-Person,36,50,99,2,8,Job Level_Group_1,PhD,Very High,3483,No,,Work Position_Group_1,Team Size_Group_3
Female,39,Single,Part-Time,Day,Location_Group_2,29,Private,Average,Department_Group_3,Yes,40,No,Advanced,Percentage,Sale,Medium,Workshop,42,58,65,1,5,Job Level_Group_2,PhD,High,1243,No,,Work Position_Group_2,Team Size_Group_4
Male,29,Single,Full-Time,Night,Location_Group_2,8,Public,Average,Department_Group_2,Yes,49,No,Advanced,Percentage,Production,Medium,,58,58,0,1,3,Job Level_Group_3,Master,Medium,1117,No,,Work Position_Group_2,Team Size_Group_4
Female,18,Single,Contract,Day,Location_Group_4,20,Public,Good,Department_Group_4,Yes,40,Yes,Basic,Fixed,UX-Design,High,In-Person,54,68,68,2,1,Job Level_Group_4,Diploma,Low,3917,No,,Work Position_Group_2,Team Size_Group_4
Female,34,Single,Contract,Day,Location_Group_3,1,Public,Poor,Department_Group_5,No,35,No,Advanced,Percentage,Finance,Low,Online,74,88,40,1,5,Job Level_Group_2,PhD,High,1266,Yes,Both,Work Position_Group_2,Team Size_Group_4
Female,36,Single,Remote,Day,Location_Group_2,45,Public,Average,Department_Group_6,Yes,33,No,Advanced,Percentage,Data-Science,High,Online,79,92,118,5,9,Job Level_Group_1,PhD,High,811,Yes,Both,Work Position_Group_1,Team Size_Group_1
Female,28,Single,Contract,Day,Location_Group_2,3,Private,Poor,Department_Group_4,Yes,27,Yes,Advanced,Fixed,Project-Management,Low,In-Person,35,46,10,3,4,Job Level_Group_3,Master,Medium,3673,No,,Work Position_Group_2,Team Size_Group_4
Female,43,Married,Remote,Night,Location_Group_1,36,Public,Good,Department_Group_6,No,31,Yes,Intermediate,Fixed,Business Strategy,Low,,32,32,0,4,7,Job Level_Group_1,PhD,Very High,1092,Yes,Life,Work Position_Group_1,Team Size_Group_5
Male,22,Married,Remote,Flexible,Location_Group_5,28,Private,Poor,Department_Group_5,No,25,No,Basic,Percentage,Sale,High,Workshop,40,55,25,4,2,Job Level_Group_4,Bachelor,Low,604,No,,Work Position_Group_2,Team Size_Group_4
Male,39,Single,Contract,Flexible,Location_Group_3,40,Private,Good,Department_Group_4,No,46,Yes,Intermediate,Percentage,Marketing,Low,In-Person,69,80,93,8,7,Job Level_Group_1,PhD,High,4080,No,,Work Position_Group_1,Team Size_Group_6
Female,39,Single,Contract,Night,Location_Group_4,33,Private,Average,Department_Group_1,No,52,No,Advanced,Percentage,Production,Medium,Workshop,75,90,20,9,6,Job Level_Group_2,PhD,Very High,1435,Yes,Health,Work Position_Group_1,Team Size_Group_2
Female,30,Single,Remote,Day,Location_Group_3,16,Private,Poor,Department_Group_3,Yes,40,No,Advanced,Fixed,Marketing,Low,Workshop,44,56,37,2,9,Job Level_Group_1,Master,Medium,1137,No,,Work Position_Group_2,Team Size_Group_4
Male,20,Married,Contract,Day,Location_Group_5,23,Private,Good,Department_Group_4,No,53,No,Basic,Percentage,Sale,Low,In-Person,73,84,27,7,1,Job Level_Group_4,Diploma,Low,972,Yes,Health,Work Position_Group_2,Team Size_Group_4
Male,38,Married,Remote,Flexible,Location_Group_1,8,Public,Good,Department_Group_4,No,56,No,Advanced,Fixed,Marketing,Medium,In-Person,65,79,74,8,6,Job Level_Group_2,PhD,High,620,No,,Work Position_Group_1,Team Size_Group_7
Female,24,Married,Contract,Flexible,Location_Group_6,26,Public,Poor,Department_Group_6,Yes,59,Yes,Intermediate,Percentage,Programming,Low,In-Person,31,44,67,8,2,Job Level_Group_4,Bachelor,Low,3085,No,,Work Position_Group_2,Team Size_Group_4
Female,34,Married,Contract,Day,Location_Group_6,4,Private,Average,Department_Group_1,No,57,No,Intermediate,Percentage,Quality-Supervisor,High,In-Person,64,82,111,8,8,Job Level_Group_1,PhD,Very High,816,No,,Work Position_Group_2,Team Size_Group_4
Male,33,Married,Remote,Night,Location_Group_7,25,Private,Good,Department_Group_6,Yes,24,Yes,Basic,Percentage,Quality-Supervisor,Low,,73,73,0,1,9,Job Level_Group_1,PhD,Very High,1003,No,,Work Position_Group_2,Team Size_Group_4
Female,32,Single,Contract,Flexible,Location_Group_1,32,Private,Poor,Department_Group_6,No,45,Yes,Basic,Fixed,UX-Design,High,In-Person,46,63,97,2,9,Job Level_Group_1,PhD,High,3009,Yes,Both,Work Position_Group_2,Team Size_Group_4
Male,22,Single,Full-Time,Flexible,Location_Group_2,37,Private,Average,Department_Group_1,No,43,Yes,Intermediate,Fixed,Artificial-Intelligence,Low,Online,75,94,35,5,2,Job Level_Group_4,Bachelor,Low,4122,Yes,Both,Work Position_Group_2,Team Size_Group_4
Female,43,Married,Full-Time,Day,Location_Group_7,10,Private,Poor,Department_Group_7,Yes,29,Yes,Advanced,Fixed,Production,High,Workshop,63,77,45,4,8,Job Level_Group_1,PhD,High,3211,No,,Work Position_Group_1,Team Size_Group_8
Female,27,Married,Part-Time,Day,Location_Group_2,30,Private,Average,Department_Group_1,No,26,No,Intermediate,Fixed,Business Strategy,High,Online,70,80,47,4,4,Job Level_Group_3,Master,Medium,1172,No,,Work Position_Group_2,Team Size_Group_4
Male,34,Single,Remote,Day,Location_Group_4,46,Public,Good,Department_Group_6,Yes,46,No,Intermediate,Percentage,Customer-Relation,Low,Workshop,69,82,119,9,8,Job Level_Group_1,PhD,High,1157,Yes,Both,Work Position_Group_2,Team Size_Group_4
Female,40,Single,Part-Time,Flexible,Location_Group_6,8,Public,Average,Department_Group_6,Yes,33,Yes,Basic,Fixed,UX-Design,Low,Workshop,40,57,23,3,5,Job Level_Group_2,PhD,High,3856,No,,Work Position_Group_2,Team Size_Group_4
Female,20,Single,Full-Time,Night,Location_Group_2,39,Private,Poor,Department_Group_3,Yes,52,No,Advanced,Fixed,Programming,High,Online,61,80,101,8,1,Job Level_Group_4,Diploma,Low,532,Yes,Health,Work Position_Group_2,Team Size_Group_4
Female,29,Single,Part-Time,Night,Location_Group_6,2,Private,Poor,Department_Group_2,No,25,No,Advanced,Percentage,UX-Design,Medium,Online,77,88,47,2,4,Job Level_Group_3,Master,Medium,866,Yes,Health,Work Position_Group_2,Team Size_Group_4
Male,20,Single,Contract,Day,Location_Group_2,21,Public,Poor,Department_Group_8,No,44,Yes,Basic,Percentage,Customer-Relation,Low,Online,79,97,11,2,1,Job Level_Group_4,Diploma,Low,3036,Yes,Health,Work Position_Group_2,Team Size_Group_4
Female,18,Single,Remote,Night,Location_Group_5,42,Private,Poor,Department_Group_5,Yes,40,Yes,Basic,Fixed,Artificial-Intelligence,Low,In-Person,39,55,29,3,1,Job Level_Group_4,Diploma,Low,3186,Yes,Health,Work Position_Group_2,Team Size_Group_4
Male,35,Married,Full-Time,Flexible,Location_Group_4,3,Private,Average,Department_Group_3,Yes,49,Yes,Basic,Percentage,Marketing,Low,Workshop,55,74,40,9,5,Job Level_Group_2,PhD,High,3908,Yes,Both,Work Position_Group_2,Team Size_Group_4
Male,38,Married,Contract,Night,Location_Group_5,10,Private,Poor,Department_Group_8,Yes,27,Yes,Intermediate,Fixed,Quality-Supervisor,Low,Online,62,79,58,4,6,Job Level_Group_2,PhD,High,3566,No,,Work Position_Group_1,Team Size_Group_7
Male,30,Single,Contract,Night,Location_Group_4,29,Public,Average,Department_Group_5,Yes,30,Yes,Basic,Fixed,Artificial-Intelligence,Low,Online,48,63,70,4,5,Job Level_Group_2,Master,Medium,4033,No,,Work Position_Group_2,Team Size_Group_4
Female,34,Single,Full-Time,Night,Location_Group_5,9,Public,Average,Department_Group_6,Yes,52,No,Advanced,Percentage,UI-Design,High,,70,70,0,2,6,Job Level_Group_2,PhD,High,1349,No,,Work Position_Group_2,Team Size_Group_4
Female,44,Single,Contract,Night,Location_Group_3,26,Private,Poor,Department_Group_2,No,38,No,Intermediate,Percentage,Data-Science,Medium,In-Person,64,75,53,1,9,Job Level_Group_1,PhD,Very High,1465,Yes,Both,Work Position_Group_1,Team Size_Group_9
Female,24,Single,Remote,Night,Location_Group_7,23,Public,Good,Department_Group_5,Yes,45,Yes,Basic,Percentage,Data-Science,High,In-Person,59,77,98,4,2,Job Level_Group_4,Bachelor,Low,3827,Yes,Life,Work Position_Group_2,Team Size_Group_4
Female,35,Married,Remote,Flexible,Location_Group_2,39,Public,Average,Department_Group_3,No,59,Yes,Intermediate,Percentage,Project-Management,Medium,In-Person,49,63,110,9,8,Job Level_Group_1,PhD,Medium,3307,Yes,Both,Work Position_Group_1,Team Size_Group_1
Female,33,Single,Contract,Night,Location_Group_4,33,Public,Good,Department_Group_7,Yes,50,No,Basic,Fixed,Production,Low,Online,78,91,108,9,8,Job Level_Group_1,PhD,Very High,1356,No,,Work Position_Group_2,Team Size_Group_4
Male,36,Single,Contract,Day,Location_Group_1,8,Public,Average,Department_Group_8,Yes,57,Yes,Basic,Fixed,Project-Management,High,,58,58,0,5,6,Job Level_Group_2,PhD,Very High,1413,No,,Work Position_Group_1,Team Size_Group_9
Male,40,Single,Remote,Day,Location_Group_6,4,Public,Good,Department_Group_7,Yes,42,Yes,Basic,Fixed,Marketing,High,Workshop,79,92,36,5,7,Job Level_Group_1,PhD,Very High,3651,No,,Work Position_Group_1,Team Size_Group_5
Male,21,Married,Remote,Night,Location_Group_1,49,Public,Average,Department_Group_8,Yes,58,No,Basic,Fixed,UI-Design,Low,In-Person,70,88,117,9,2,Job Level_Group_4,Bachelor,Low,522,No,,Work Position_Group_2,Team Size_Group_4
Male,27,Married,Part-Time,Flexible,Location_Group_3,4,Private,Average,Department_Group_2,No,27,No,Advanced,Fixed,Production,Low,Workshop,49,64,26,2,3,Job Level_Group_3,Master,Medium,719,No,,Work Position_Group_2,Team Size_Group_4
Male,20,Married,Remote,Night,Location_Group_4,30,Private,Good,Department_Group_2,Yes,32,Yes,Advanced,Fixed,Business Strategy,Low,In-Person,66,77,85,1,1,Job Level_Group_4,Diploma,Low,4019,Yes,Life,Work Position_Group_2,Team Size_Group_4
Female,19,Married,Full-Time,Flexible,Location_Group_4,42,Public,Average,Department_Group_4,Yes,38,Yes,Intermediate,Percentage,Marketing,Low,Workshop,76,95,37,1,1,Job Level_Group_4,Diploma,Low,3865,No,,Work Position_Group_2,Team Size_Group_4
Male,40,Married,Full-Time,Night,Location_Group_6,11,Public,Good,Department_Group_4,No,45,No,Basic,Fixed,Data-Science,Low,Online,62,77,118,4,6,Job Level_Group_2,PhD,High,860,Yes,Life,Work Position_Group_1,Team Size_Group_5
Male,24,Single,Part-Time,Flexible,Location_Group_7,16,Public,Average,Department_Group_9,Yes,45,No,Basic,Percentage,Project-Management,Medium,Workshop,43,62,52,5,2,Job Level_Group_4,Bachelor,Low,944,Yes,Health,Work Position_Group_2,Team Size_Group_4
Female,22,Married,Part-Time,Flexible,Location_Group_3,14,Public,Good,Department_Group_8,Yes,42,Yes,Intermediate,Percentage,Data-Science,Low,,71,71,0,4,2,Job Level_Group_4,Bachelor,Low,604,No,,Work Position_Group_2,Team Size_Group_4
Male,23,Married,Part-Time,Day,Location_Group_4,18,Public,Average,Department_Group_7,No,32,No,Basic,Percentage,Production,Low,Online,39,56,106,2,2,Job Level_Group_4,Bachelor,Medium,1096,No,,Work Position_Group_2,Team Size_Group_4
Female,29,Married,Remote,Night,Location_Group_5,3,Public,Poor,Department_Group_4,Yes,36,No,Intermediate,Percentage,Sale,Medium,Workshop,59,72,89,2,4,Job Level_Group_3,Master,Medium,1312,No,,Work Position_Group_2,Team Size_Group_4
Male,26,Single,Remote,Flexible,Location_Group_3,9,Private,Poor,Department_Group_9,Yes,57,No,Intermediate,Percentage,UI-Design,High,,70,70,0,4,4,Job Level_Group_3,Master,Medium,1040,No,,Work Position_Group_2,Team Size_Group_4
Male,40,Single,Part-Time,Flexible,Location_Group_7,9,Public,Good,Department_Group_3,Yes,46,No,Intermediate,Fixed,Marketing,Low,Online,44,57,81,7,9,Job Level_Group_1,PhD,Very High,880,Yes,Life,Work Position_Group_1,Team Size_Group_5
Female,27,Married,Contract,Night,Location_Group_7,18,Private,Poor,Department_Group_5,No,31,No,Intermediate,Fixed,Artificial-Intelligence,High,,63,63,0,5,4,Job Level_Group_3,Master,Medium,1467,Yes,Both,Work Position_Group_2,Team Size_Group_4
Male,28,Single,Remote,Night,Location_Group_7,10,Private,Average,Department_Group_5,No,50,No,Intermediate,Fixed,Project-Management,Low,,44,44,0,5,3,Job Level_Group_3,Master,Medium,1158,No,,Work Position_Group_2,Team Size_Group_4
Female,19,Single,Part-Time,Day,Location_Group_6,37,Private,Good,Department_Group_7,Yes,49,Yes,Intermediate,Fixed,Project-Management,High,,41,41,0,2,1,Job Level_Group_4,Diploma,Low,787,Yes,Both,Work Position_Group_2,Team Size_Group_4
Male,34,Married,Full-Time,Flexible,Location_Group_4,3,Public,Good,Department_Group_2,No,49,Yes,Basic,Percentage,Management,Low,Workshop,39,53,63,9,6,Job Level_Group_2,PhD,Very High,3062,Yes,Health,Work Position_Group_2,Team Size_Group_4
Male,32,Single,Full-Time,Flexible,Location_Group_2,25,Private,Poor,Department_Group_9,Yes,50,Yes,Advanced,Percentage,Project-Management,Medium,Online,73,91,56,7,9,Job Level_Group_1,PhD,Very High,4022,No,,Work Position_Group_2,Team Size_Group_4
Female,20,Married,Part-Time,Night,Location_Group_4,40,Private,Poor,Department_Group_4,Yes,28,No,Intermediate,Fixed,Customer-Relation,Medium,In-Person,68,85,102,4,1,Job Level_Group_4,Diploma,Low,949,No,,Work Position_Group_2,Team Size_Group_4
Male,28,Married,Full-Time,Flexible,Location_Group_6,48,Public,Average,Department_Group_6,No,38,No,Advanced,Fixed,Quality-Supervisor,High,In-Person,35,48,30,5,3,Job Level_Group_3,Master,Medium,527,No,,Work Position_Group_2,Team Size_Group_4
Female,36,Single,Part-Time,Night,Location_Group_4,18,Private,Poor,Department_Group_9,No,29,No,Intermediate,Fixed,Sale,Medium,Workshop,66,78,59,5,7,Job Level_Group_1,PhD,High,1104,Yes,Both,Work Position_Group_1,Team Size_Group_5
Female,23,Single,Full-Time,Night,Location_Group_2,49,Public,Average,Department_Group_2,Yes,24,No,Advanced,Fixed,Quality-Supervisor,Medium,Workshop,46,64,91,3,2,Job Level_Group_4,Bachelor,Low,544,Yes,Health,Work Position_Group_2,Team Size_Group_4
Female,28,Single,Full-Time,Day,Location_Group_1,2,Public,Average,Department_Group_4,Yes,23,Yes,Intermediate,Percentage,Project-Management,Medium,Workshop,41,52,41,1,3,Job Level_Group_3,Master,Medium,3747,Yes,Both,Work Position_Group_2,Team Size_Group_4
Male,31,Single,Contract,Night,Location_Group_6,42,Public,Average,Department_Group_4,No,43,No,Intermediate,Fixed,Management,Medium,Workshop,53,65,101,1,9,Job Level_Group_1,PhD,Very High,917,No,,Work Position_Group_2,Team Size_Group_4
Female,21,Married,Full-Time,Day,Location_Group_4,47,Public,Good,Department_Group_4,No,43,No,Intermediate,Percentage,Project-Management,High,,58,58,0,3,2,Job Level_Group_4,Bachelor,Low,1232,Yes,Health,Work Position_Group_2,Team Size_Group_4
Male,38,Single,Remote,Flexible,Location_Group_3,17,Private,Poor,Department_Group_3,Yes,47,No,Basic,Fixed,Business Strategy,Medium,In-Person,53,69,83,9,8,Job Level_Group_1,PhD,Very High,667,No,,Work Position_Group_1,Team Size_Group_3
Male,19,Married,Contract,Flexible,Location_Group_7,24,Public,Good,Department_Group_7,Yes,41,Yes,Advanced,Fixed,Production,High,,49,49,0,4,1,Job Level_Group_4,Diploma,Low,590,No,,Work Position_Group_2,Team Size_Group_4
Female,38,Married,Contract,Flexible,Location_Group_3,46,Public,Good,Department_Group_6,Yes,46,No,Basic,Percentage,UX-Design,Low,Workshop,38,57,26,8,7,Job Level_Group_1,PhD,Very High,1472,No,,Work Position_Group_1,Team Size_Group_10
Male,29,Married,Part-Time,Day,Location_Group_3,23,Public,Average,Department_Group_3,No,27,No,Intermediate,Percentage,Management,Medium,Workshop,67,81,52,4,3,Job Level_Group_3,Master,Medium,866,No,,Work Position_Group_2,Team Size_Group_4
Female,38,Married,Contract,Flexible,Location_Group_5,10,Public,Average,Department_Group_2,No,21,No,Basic,Fixed,Project-Management,High,In-Person,42,60,112,3,7,Job Level_Group_1,PhD,Very High,1111,No,,Work Position_Group_1,Team Size_Group_2
Male,26,Married,Full-Time,Night,Location_Group_3,25,Public,Poor,Department_Group_6,No,51,No,Intermediate,Percentage,Artificial-Intelligence,Low,,67,67,0,1,4,Job Level_Group_3,Master,Medium,853,Yes,Life,Work Position_Group_2,Team Size_Group_4
Male,43,Married,Full-Time,Flexible,Location_Group_7,34,Private,Good,Department_Group_7,No,59,Yes,Basic,Fixed,Project-Management,High,,57,57,0,4,6,Job Level_Group_2,PhD,High,649,No,,Work Position_Group_1,Team Size_Group_8
Female,35,Single,Remote,Night,Location_Group_5,8,Private,Average,Department_Group_6,Yes,52,Yes,Intermediate,Fixed,Marketing,Medium,In-Person,47,63,99,9,9,Job Level_Group_1,PhD,Very High,3584,Yes,Health,Work Position_Group_1,Team Size_Group_9
Female,31,Married,Full-Time,Night,Location_Group_6,36,Public,Poor,Department_Group_9,No,49,Yes,Intermediate,Fixed,Project-Management,Low,In-Person,44,60,21,7,8,Job Level_Group_1,PhD,High,4460,Yes,Health,Work Position_Group_2,Team Size_Group_4
Female,27,Single,Contract,Day,Location_Group_1,23,Private,Poor,Department_Group_8,No,56,Yes,Basic,Percentage,Project-Management,Low,Online,59,76,78,7,3,Job Level_Group_3,Master,Medium,4005,No,,Work Position_Group_2,Team Size_Group_4
Female,34,Married,Part-Time,Night,Location_Group_4,41,Public,Poor,Department_Group_4,No,34,Yes,Intermediate,Percentage,Production,High,,43,43,0,2,5,Job Level_Group_2,PhD,Very High,871,No,,Work Position_Group_2,Team Size_Group_4
Male,38,Single,Full-Time,Day,Location_Group_5,16,Private,Good,Department_Group_2,No,46,Yes,Basic,Percentage,Business Strategy,Medium,Online,45,61,108,8,5,Job Level_Group_2,PhD,Very High,4035,No,,Work Position_Group_2,Team Size_Group_4
Female,25,Single,Remote,Flexible,Location_Group_6,5,Public,Good,Department_Group_8,No,38,Yes,Intermediate,Fixed,Programming,High,,45,45,0,3,3,Job Level_Group_3,Bachelor,Medium,642,Yes,Health,Work Position_Group_2,Team Size_Group_4
Female,33,Single,Part-Time,Flexible,Location_Group_2,33,Public,Poor,Department_Group_6,No,23,Yes,Basic,Fixed,Artificial-Intelligence,High,,71,71,0,2,5,Job Level_Group_2,PhD,Very High,746,Yes,Life,Work Position_Group_2,Team Size_Group_4
Male,27,Single,Full-Time,Day,Location_Group_3,18,Public,Good,Department_Group_7,Yes,48,No,Advanced,Fixed,Marketing,High,Online,73,86,96,9,4,Job Level_Group_3,Master,Medium,670,No,,Work Position_Group_2,Team Size_Group_4
Female,30,Married,Contract,Night,Location_Group_2,24,Private,Average,Department_Group_2,No,43,Yes,Intermediate,Percentage,Project-Management,Medium,Workshop,46,62,37,5,9,Job Level_Group_1,Master,Medium,3131,Yes,Health,Work Position_Group_2,Team Size_Group_4
Female,31,Married,Part-Time,Flexible,Location_Group_5,48,Private,Poor,Department_Group_6,No,35,No,Intermediate,Percentage,Quality-Supervisor,Medium,Workshop,32,46,88,1,8,Job Level_Group_1,PhD,High,948,Yes,Health,Work Position_Group_2,Team Size_Group_4
Male,22,Married,Full-Time,Night,Location_Group_3,14,Private,Average,Department_Group_1,Yes,51,Yes,Intermediate,Percentage,Programming,Medium,Workshop,62,80,83,9,2,Job Level_Group_4,Bachelor,Low,3837,Yes,Both,Work Position_Group_2,Team Size_Group_4
Male,32,Married,Remote,Day,Location_Group_1,29,Private,Poor,Department_Group_1,No,48,Yes,Intermediate,Fixed,Marketing,Medium,Workshop,64,78,64,9,6,Job Level_Group_2,PhD,High,4411,No,,Work Position_Group_2,Team Size_Group_4
Male,25,Married,Full-Time,Day,Location_Group_2,12,Private,Average,Department_Group_5,No,32,Yes,Advanced,Percentage,Marketing,High,Online,36,52,86,5,3,Job Level_Group_3,Bachelor,Low,3691,Yes,Both,Work Position_Group_2,Team Size_Group_4
Male,37,Single,Full-Time,Night,Location_Group_7,30,Private,Poor,Department_Group_5,No,33,No,Intermediate,Percentage,Quality-Supervisor,Medium,Workshop,51,67,42,3,8,Job Level_Group_1,PhD,Very High,631,No,,Work Position_Group_1,Team Size_Group_8
Male,26,Single,Full-Time,Flexible,Location_Group_3,16,Private,Average,Department_Group_7,Yes,36,Yes,Basic,Percentage,Project-Management,High,,77,77,0,1,4,Job Level_Group_3,Master,Medium,1328,Yes,Health,Work Position_Group_2,Team Size_Group_4
Male,31,Single,Part-Time,Day,Location_Group_5,37,Public,Good,Department_Group_1,No,52,No,Intermediate,Percentage,Quality-Supervisor,Low,Online,61,72,103,7,6,Job Level_Group_2,PhD,Very High,1255,Yes,Both,Work Position_Group_2,Team Size_Group_4
Female,35,Single,Remote,Day,Location_Group_2,31,Public,Average,Department_Group_5,No,29,Yes,Advanced,Fixed,Quality-Supervisor,Medium,In-Person,56,75,76,3,5,Job Level_Group_2,PhD,Very High,3199,Yes,Life,Work Position_Group_2,Team Size_Group_4
Male,39,Single,Remote,Flexible,Location_Group_5,48,Private,Good,Department_Group_1,No,59,Yes,Intermediate,Percentage,Finance,Medium,In-Person,41,54,20,7,9,Job Level_Group_1,PhD,Very High,4286,No,,Work Position_Group_1,Team Size_Group_6
Female,41,Married,Part-Time,Night,Location_Group_1,43,Public,Good,Department_Group_3,Yes,25,No,Basic,Fixed,Customer-Relation,Low,In-Person,72,83,97,1,7,Job Level_Group_1,PhD,Very High,982,No,,Work Position_Group_1,Team Size_Group_11
Male,34,Single,Full-Time,Day,Location_Group_5,16,Public,Poor,Department_Group_3,No,24,Yes,Basic,Fixed,Customer-Relation,High,Workshop,66,82,107,4,9,Job Level_Group_1,PhD,High,3405,No,,Work Position_Group_2,Team Size_Group_4
Male,31,Married,Part-Time,Flexible,Location_Group_7,31,Public,Average,Department_Group_4,No,23,Yes,Basic,Fixed,Artificial-Intelligence,Medium,Workshop,64,77,11,4,5,Job Level_Group_2,PhD,High,4283,Yes,Health,Work Position_Group_2,Team Size_Group_4
Female,36,Single,Remote,Day,Location_Group_5,13,Public,Poor,Department_Group_8,Yes,44,No,Basic,Fixed,Production,Low,Online,79,93,12,3,6,Job Level_Group_2,PhD,High,1168,Yes,Both,Work Position_Group_1,Team Size_Group_9
Female,43,Single,Full-Time,Flexible,Location_Group_4,18,Public,Average,Department_Group_1,Yes,54,Yes,Advanced,Fixed,Project-Management,Low,Online,46,64,56,8,7,Job Level_Group_1,PhD,Very High,3153,No,,Work Position_Group_1,Team Size_Group_10
Male,21,Married,Remote,Day,Location_Group_6,12,Private,Poor,Department_Group_4,Yes,40,Yes,Advanced,Percentage,Management,Low,Online,77,95,56,1,2,Job Level_Group_4,Bachelor,Low,4282,No,,Work Position_Group_2,Team Size_Group_4
Male,37,Single,Contract,Flexible,Location_Group_1,48,Public,Good,Department_Group_9,No,51,No,Advanced,Fixed,Quality-Supervisor,Low,Workshop,66,82,61,7,6,Job Level_Group_2,PhD,Very High,1361,No,,Work Position_Group_1,Team Size_Group_3
Male,24,Married,Remote,Flexible,Location_Group_4,9,Private,Average,Department_Group_2,No,44,Yes,Intermediate,Fixed,UX-Design,High,Workshop,58,76,49,2,2,Job Level_Group_4,Bachelor,Low,3720,Yes,Health,Work Position_Group_2,Team Size_Group_4
Male,28,Single,Contract,Day,Location_Group_1,22,Public,Average,Department_Group_1,No,26,Yes,Intermediate,Fixed,Quality-Supervisor,Medium,Online,59,75,107,3,3,Job Level_Group_3,Master,Medium,4309,Yes,Both,Work Position_Group_2,Team Size_Group_4
Female,26,Single,Contract,Night,Location_Group_2,33,Private,Good,Department_Group_5,No,47,No,Intermediate,Fixed,Management,Low,Online,55,68,80,7,4,Job Level_Group_3,Master,Medium,738,No,,Work Position_Group_2,Team Size_Group_4
Male,19,Single,Remote,Night,Location_Group_5,6,Public,Poor,Department_Group_8,No,30,Yes,Intermediate,Fixed,UX-Design,Low,In-Person,65,78,31,5,1,Job Level_Group_4,Diploma,Low,3128,Yes,Both,Work Position_Group_2,Team Size_Group_4
Male,42,Married,Full-Time,Day,Location_Group_7,7,Private,Average,Department_Group_9,No,51,Yes,Basic,Percentage,Data-Science,High,Online,68,80,42,7,9,Job Level_Group_1,PhD,High,3877,Yes,Life,Work Position_Group_1,Team Size_Group_7
Female,18,Single,Remote,Night,Location_Group_5,2,Private,Average,Department_Group_1,Yes,27,No,Advanced,Fixed,Data-Science,High,,78,78,0,4,1,Job Level_Group_4,Diploma,Low,603,Yes,Both,Work Position_Group_2,Team Size_Group_4
Male,18,Single,Full-Time,Day,Location_Group_7,44,Private,Poor,Department_Group_9,Yes,46,No,Basic,Percentage,Project-Management,Medium,Workshop,36,51,116,7,1,Job Level_Group_4,Diploma,Low,755,No,,Work Position_Group_2,Team Size_Group_4
Female,43,Single,Part-Time,Day,Location_Group_2,49,Public,Poor,Department_Group_3,Yes,38,No,Advanced,Percentage,UX-Design,High,Online,52,69,70,2,5,Job Level_Group_2,PhD,High,1461,Yes,Both,Work Position_Group_2,Team Size_Group_4
Female,30,Married,Full-Time,Flexible,Location_Group_2,15,Private,Average,Department_Group_1,Yes,47,No,Intermediate,Percentage,Artificial-Intelligence,Medium,Workshop,76,94,119,7,5,Job Level_Group_2,Master,Medium,1473,No,,Work Position_Group_2,Team Size_Group_4
Female,24,Married,Full-Time,Day,Location_Group_4,14,Private,Average,Department_Group_3,Yes,21,Yes,Advanced,Percentage,UX-Design,High,Workshop,39,49,28,5,2,Job Level_Group_4,Bachelor,Low,3206,No,,Work Position_Group_2,Team Size_Group_4
Female,26,Married,Remote,Flexible,Location_Group_7,40,Private,Good,Department_Group_1,Yes,57,No,Basic,Percentage,Quality-Supervisor,High,In-Person,38,50,68,7,3,Job Level_Group_3,Master,Medium,991,Yes,Life,Work Position_Group_2,Team Size_Group_4
Male,28,Married,Contract,Day,Location_Group_3,25,Public,Average,Department_Group_1,Yes,57,No,Intermediate,Percentage,Management,High,Workshop,73,86,19,8,4,Job Level_Group_3,Master,Medium,1050,Yes,Both,Work Position_Group_2,Team Size_Group_4
Female,29,Married,Full-Time,Flexible,Location_Group_3,15,Private,Average,Department_Group_8,No,39,Yes,Intermediate,Fixed,Data-Science,Low,,40,40,0,5,3,Job Level_Group_3,Master,Medium,687,Yes,Health,Work Position_Group_2,Team Size_Group_4
Female,26,Married,Remote,Day,Location_Group_6,22,Public,Poor,Department_Group_2,No,37,Yes,Advanced,Percentage,Production,Medium,Workshop,50,62,114,5,4,Job Level_Group_3,Master,Medium,3877,No,,Work Position_Group_2,Team Size_Group_4
Female,28,Married,Full-Time,Night,Location_Group_2,6,Private,Average,Department_Group_6,Yes,54,Yes,Intermediate,Fixed,Quality-Supervisor,High,Online,76,87,38,9,3,Job Level_Group_3,Master,Medium,3417,No,,Work Position_Group_2,Team Size_Group_4
Female,28,Married,Part-Time,Day,Location_Group_6,15,Private,Average,Department_Group_3,No,38,No,Advanced,Percentage,Management,High,Online,57,68,11,3,4,Job Level_Group_3,Master,Medium,1125,No,,Work Position_Group_2,Team Size_Group_4
Female,35,Married,Remote,Flexible,Location_Group_5,37,Private,Average,Department_Group_9,No,54,No,Basic,Percentage,Project-Management,Medium,Workshop,67,80,98,7,8,Job Level_Group_1,PhD,Very High,1148,Yes,Life,Work Position_Group_1,Team Size_Group_6
Female,24,Married,Remote,Flexible,Location_Group_7,42,Private,Average,Department_Group_3,No,53,Yes,Intermediate,Fixed,Project-Management,Low,,73,73,0,2,2,Job Level_Group_4,Bachelor,Low,1361,Yes,Life,Work Position_Group_2,Team Size_Group_4
Male,21,Single,Contract,Flexible,Location_Group_2,13,Private,Good,Department_Group_9,Yes,20,No,Advanced,Percentage,Marketing,Low,In-Person,59,71,113,1,2,Job Level_Group_4,Bachelor,Low,944,Yes,Health,Work Position_Group_2,Team Size_Group_4
Male,22,Married,Part-Time,Night,Location_Group_5,10,Public,Good,Department_Group_4,No,54,Yes,Advanced,Fixed,UI-Design,Low,,64,64,0,5,2,Job Level_Group_4,Bachelor,Medium,695,Yes,Both,Work Position_Group_2,Team Size_Group_4
Male,41,Married,Remote,Flexible,Location_Group_4,26,Private,Poor,Department_Group_5,No,42,Yes,Intermediate,Percentage,UI-Design,Medium,Online,32,43,48,1,7,Job Level_Group_1,PhD,Very High,3701,Yes,Health,Work Position_Group_1,Team Size_Group_11
Female,39,Married,Part-Time,Flexible,Location_Group_4,1,Public,Average,Department_Group_1,No,50,No,Basic,Percentage,Quality-Supervisor,Medium,Workshop,59,77,75,7,6,Job Level_Group_2,PhD,Very High,1181,No,,Work Position_Group_1,Team Size_Group_6
Male,43,Married,Part-Time,Day,Location_Group_7,49,Public,Poor,Department_Group_1,No,25,Yes,Intermediate,Percentage,UI-Design,Medium,,48,48,0,4,8,Job Level_Group_1,PhD,Very High,1484,No,,Work Position_Group_1,Team Size_Group_2
Male,21,Married,Full-Time,Night,Location_Group_6,49,Public,Average,Department_Group_4,No,57,Yes,Basic,Percentage,Project-Management,Low,In-Person,67,79,106,9,2,Job Level_Group_4,Bachelor,Low,3029,Yes,Life,Work Position_Group_2,Team Size_Group_4
Female,44,Single,Contract,Day,Location_Group_1,28,Private,Average,Department_Group_7,No,52,No,Advanced,Percentage,Sale,Low,Workshop,38,49,42,9,9,Job Level_Group_1,PhD,High,1486,Yes,Health,Work Position_Group_1,Team Size_Group_9
Male,42,Single,Full-Time,Night,Location_Group_3,27,Private,Good,Department_Group_8,Yes,56,Yes,Advanced,Percentage,Production,Medium,Workshop,63,80,45,8,9,Job Level_Group_1,PhD,High,4134,No,,Work Position_Group_1,Team Size_Group_10
Female,31,Married,Full-Time,Night,Location_Group_5,6,Public,Average,Department_Group_3,Yes,59,No,Advanced,Percentage,Data-Science,High,,45,45,0,5,8,Job Level_Group_1,PhD,High,1496,No,,Work Position_Group_2,Team Size_Group_4
Male,39,Married,Full-Time,Day,Location_Group_3,31,Private,Good,Department_Group_8,No,47,No,Intermediate,Percentage,Sale,High,,76,76,0,4,7,Job Level_Group_1,PhD,High,1227,Yes,Both,Work Position_Group_1,Team Size_Group_3
Female,26,Married,Remote,Night,Location_Group_1,9,Public,Poor,Department_Group_4,No,26,Yes,Basic,Fixed,Programming,High,In-Person,74,84,17,5,3,Job Level_Group_3,Master,Medium,4167,No,,Work Position_Group_2,Team Size_Group_4
Male,28,Married,Contract,Night,Location_Group_1,6,Private,Poor,Department_Group_2,Yes,23,No,Advanced,Percentage,Marketing,High,Online,47,60,118,2,4,Job Level_Group_3,Master,Medium,1180,Yes,Both,Work Position_Group_2,Team Size_Group_4
Male,20,Married,Remote,Flexible,Location_Group_4,6,Private,Poor,Department_Group_6,Yes,54,Yes,Intermediate,Fixed,Data-Science,High,Workshop,70,83,112,7,1,Job Level_Group_4,Diploma,Low,3386,Yes,Health,Work Position_Group_2,Team Size_Group_4
Male,37,Single,Contract,Flexible,Location_Group_4,17,Public,Poor,Department_Group_4,No,42,No,Intermediate,Fixed,Quality-Supervisor,Low,,65,65,0,5,8,Job Level_Group_1,PhD,Very High,1314,No,,Work Position_Group_1,Team Size_Group_10
Male,19,Married,Contract,Night,Location_Group_1,41,Public,Average,Department_Group_2,Yes,45,No,Basic,Percentage,UX-Design,Low,In-Person,62,72,73,4,1,Job Level_Group_4,Diploma,Low,952,No,,Work Position_Group_2,Team Size_Group_4
Female,33,Married,Contract,Day,Location_Group_5,13,Public,Poor,Department_Group_5,Yes,29,Yes,Intermediate,Fixed,Sale,Medium,,37,37,0,3,7,Job Level_Group_1,PhD,Very High,985,No,,Work Position_Group_2,Team Size_Group_4
Female,34,Married,Remote,Night,Location_Group_2,22,Public,Poor,Department_Group_7,Yes,41,No,Advanced,Fixed,UI-Design,Low,Online,76,89,96,5,7,Job Level_Group_1,PhD,Very High,1215,Yes,Both,Work Position_Group_2,Team Size_Group_4
Male,32,Married,Contract,Flexible,Location_Group_7,44,Private,Average,Department_Group_5,Yes,33,No,Advanced,Percentage,Sale,Low,Online,42,54,102,3,5,Job Level_Group_2,PhD,Very High,649,Yes,Health,Work Position_Group_2,Team Size_Group_4
Female,26,Married,Full-Time,Night,Location_Group_3,38,Private,Good,Department_Group_7,Yes,55,No,Basic,Percentage,Production,Medium,Online,44,59,33,9,3,Job Level_Group_3,Master,Medium,557,No,,Work Position_Group_2,Team Size_Group_4
Female,38,Married,Contract,Flexible,Location_Group_5,34,Public,Good,Department_Group_2,Yes,46,Yes,Advanced,Percentage,Artificial-Intelligence,Low,Online,73,87,36,8,5,Job Level_Group_2,PhD,High,3218,Yes,Life,Work Position_Group_2,Team Size_Group_4
Male,29,Single,Full-Time,Flexible,Location_Group_3,27,Private,Poor,Department_Group_9,No,46,No,Advanced,Fixed,Marketing,Medium,,48,48,0,5,3,Job Level_Group_3,Master,Medium,956,Yes,Life,Work Position_Group_2,Team Size_Group_4
Female,26,Married,Remote,Night,Location_Group_6,1,Public,Poor,Department_Group_4,Yes,29,No,Intermediate,Percentage,UI-Design,Low,Workshop,42,60,56,4,4,Job Level_Group_3,Master,Medium,1354,No,,Work Position_Group_2,Team Size_Group_4
Female,33,Single,Contract,Flexible,Location_Group_3,40,Private,Good,Department_Group_5,Yes,49,No,Intermediate,Fixed,Finance,Medium,,77,77,0,2,5,Job Level_Group_2,PhD,High,955,No,,Work Position_Group_2,Team Size_Group_4
Female,40,Married,Remote,Day,Location_Group_6,3,Private,Poor,Department_Group_6,Yes,42,Yes,Basic,Fixed,UI-Design,Medium,Online,76,86,21,4,9,Job Level_Group_1,PhD,Very High,4070,No,,Work Position_Group_1,Team Size_Group_9
Male,38,Married,Full-Time,Day,Location_Group_7,32,Public,Poor,Department_Group_5,Yes,54,Yes,Intermediate,Percentage,Quality-Supervisor,Medium,,72,72,0,5,7,Job Level_Group_1,PhD,Very High,1209,No,,Work Position_Group_1,Team Size_Group_7
Female,26,Married,Contract,Day,Location_Group_5,23,Private,Average,Department_Group_9,No,52,Yes,Advanced,Percentage,Customer-Relation,Low,,33,33,0,5,3,Job Level_Group_3,Master,Medium,1364,No,,Work Position_Group_2,Team Size_Group_4
Female,26,Single,Full-Time,Flexible,Location_Group_4,12,Private,Poor,Department_Group_6,Yes,22,Yes,Advanced,Percentage,Management,Medium,Workshop,40,58,69,1,3,Job Level_Group_3,Master,Medium,3195,Yes,Both,Work Position_Group_2,Team Size_Group_4
Male,26,Married,Full-Time,Flexible,Location_Group_2,29,Private,Good,Department_Group_9,No,47,Yes,Intermediate,Percentage,UX-Design,High,Online,35,46,108,8,4,Job Level_Group_3,Master,Medium,4196,Yes,Health,Work Position_Group_2,Team Size_Group_4
Male,31,Single,Full-Time,Night,Location_Group_1,10,Public,Good,Department_Group_2,No,57,Yes,Intermediate,Percentage,UX-Design,Low,,36,36,0,2,5,Job Level_Group_2,PhD,High,531,Yes,Health,Work Position_Group_2,Team Size_Group_4
Female,26,Single,Full-Time,Night,Location_Group_5,3,Public,Good,Department_Group_6,Yes,34,Yes,Advanced,Percentage,Data-Science,High,Workshop,76,88,14,1,4,Job Level_Group_3,Master,Medium,3184,No,,Work Position_Group_2,Team Size_Group_4
Female,36,Single,Part-Time,Night,Location_Group_6,10,Private,Average,Department_Group_3,Yes,51,Yes,Intermediate,Fixed,Programming,Medium,,63,63,0,5,6,Job Level_Group_2,PhD,Very High,1022,Yes,Life,Work Position_Group_1,Team Size_Group_2
Male,22,Single,Contract,Flexible,Location_Group_2,3,Public,Good,Department_Group_6,Yes,54,No,Basic,Fixed,Marketing,Low,In-Person,31,44,65,8,2,Job Level_Group_4,Bachelor,Low,649,Yes,Life,Work Position_Group_2,Team Size_Group_4
Female,38,Married,Remote,Day,Location_Group_2,47,Public,Good,Department_Group_3,No,43,No,Intermediate,Fixed,Business Strategy,Low,Workshop,51,69,22,5,9,Job Level_Group_1,PhD,High,1078,Yes,Life,Work Position_Group_1,Team Size_Group_10
Female,19,Married,Part-Time,Day,Location_Group_1,9,Private,Good,Department_Group_4,No,22,No,Advanced,Fixed,Finance,High,Online,40,52,66,1,1,Job Level_Group_4,Diploma,Low,595,Yes,Health,Work Position_Group_2,Team Size_Group_4
Male,25,Single,Full-Time,Flexible,Location_Group_5,28,Private,Average,Department_Group_9,Yes,56,Yes,Basic,Percentage,Programming,Low,,76,76,0,1,4,Job Level_Group_3,Bachelor,Low,1211,Yes,Life,Work Position_Group_2,Team Size_Group_4
Male,26,Single,Contract,Day,Location_Group_1,2,Private,Poor,Department_Group_5,Yes,21,Yes,Advanced,Fixed,Management,High,In-Person,45,64,27,3,4,Job Level_Group_3,Master,Medium,3556,Yes,Both,Work Position_Group_2,Team Size_Group_4
Male,30,Married,Contract,Flexible,Location_Group_4,3,Public,Average,Department_Group_1,No,54,No,Advanced,Percentage,Management,Medium,,39,39,0,4,6,Job Level_Group_2,Master,Medium,684,No,,Work Position_Group_2,Team Size_Group_4
Female,29,Single,Remote,Day,Location_Group_2,45,Public,Average,Department_Group_5,Yes,43,Yes,Basic,Percentage,Sale,High,In-Person,69,84,57,4,3,Job Level_Group_3,Master,Medium,4087,Yes,Both,Work Position_Group_2,Team Size_Group_4
Male,34,Married,Full-Time,Night,Location_Group_6,43,Public,Average,Department_Group_5,No,27,Yes,Advanced,Fixed,Data-Science,Medium,In-Person,42,55,33,3,7,Job Level_Group_1,PhD,High,3852,Yes,Health,Work Position_Group_2,Team Size_Group_4
Male,43,Single,Remote,Day,Location_Group_4,39,Private,Poor,Department_Group_3,No,49,No,Advanced,Percentage,UX-Design,High,In-Person,62,81,10,7,6,Job Level_Group_2,PhD,High,993,No,,Work Position_Group_1,Team Size_Group_10
Male,41,Married,Part-Time,Night,Location_Group_7,30,Private,Poor,Department_Group_3,Yes,33,Yes,Advanced,Percentage,Sale,Medium,Workshop,39,52,40,5,6,Job Level_Group_2,PhD,Very High,3317,Yes,Life,Work Position_Group_1,Team Size_Group_6
Male,24,Married,Full-Time,Flexible,Location_Group_3,32,Public,Average,Department_Group_8,Yes,46,No,Advanced,Percentage,Production,Medium,Online,36,50,14,7,2,Job Level_Group_4,Bachelor,Low,906,No,,Work Position_Group_2,Team Size_Group_4
Male,36,Single,Remote,Flexible,Location_Group_4,24,Private,Average,Department_Group_9,Yes,59,No,Intermediate,Percentage,UX-Design,High,Workshop,39,57,92,9,7,Job Level_Group_1,PhD,High,1269,Yes,Both,Work Position_Group_1,Team Size_Group_8
Female,20,Married,Contract,Day,Location_Group_5,46,Private,Average,Department_Group_2,No,40,Yes,Intermediate,Fixed,Quality-Supervisor,High,Online,30,43,87,2,1,Job Level_Group_4,Diploma,Low,3547,No,,Work Position_Group_2,Team Size_Group_4
Female,32,Married,Full-Time,Day,Location_Group_7,14,Private,Average,Department_Group_9,No,49,No,Basic,Percentage,Production,Medium,Workshop,39,53,39,8,6,Job Level_Group_2,PhD,Very High,991,Yes,Both,Work Position_Group_2,Team Size_Group_4
Male,40,Married,Remote,Night,Location_Group_1,17,Private,Average,Department_Group_2,No,26,Yes,Advanced,Percentage,Production,Medium,Online,63,75,102,3,8,Job Level_Group_1,PhD,Very High,3245,No,,Work Position_Group_1,Team Size_Group_2
Female,39,Married,Contract,Flexible,Location_Group_4,26,Private,Poor,Department_Group_4,Yes,54,No,Advanced,Percentage,Quality-Supervisor,Medium,,43,43,0,5,7,Job Level_Group_1,PhD,High,926,No,,Work Position_Group_1,Team Size_Group_8
Male,21,Single,Remote,Flexible,Location_Group_6,28,Private,Average,Department_Group_5,Yes,43,No,Basic,Percentage,UI-Design,Medium,,69,69,0,5,2,Job Level_Group_4,Bachelor,Low,1268,Yes,Health,Work Position_Group_2,Team Size_Group_4
Male,35,Married,Part-Time,Night,Location_Group_3,46,Public,Average,Department_Group_9,Yes,55,No,Basic,Percentage,Project-Management,Medium,Workshop,37,56,113,9,8,Job Level_Group_1,PhD,Very High,1329,Yes,Both,Work Position_Group_1,Team Size_Group_9
Female,41,Married,Remote,Flexible,Location_Group_2,2,Private,Good,Department_Group_7,Yes,50,No,Advanced,Fixed,Project-Management,Medium,Workshop,35,47,47,7,8,Job Level_Group_1,PhD,High,1260,No,,Work Position_Group_1,Team Size_Group_8
Female,19,Married,Part-Time,Flexible,Location_Group_1,9,Private,Poor,Department_Group_8,No,45,No,Basic,Percentage,Business Strategy,Low,,38,38,0,5,1,Job Level_Group_4,Diploma,Low,899,Yes,Life,Work Position_Group_2,Team Size_Group_4
Male,21,Single,Remote,Flexible,Location_Group_4,13,Public,Poor,Department_Group_1,Yes,51,No,Basic,Percentage,Customer-Relation,High,Online,63,81,74,9,2,Job Level_Group_4,Bachelor,Low,501,No,,Work Position_Group_2,Team Size_Group_4
Male,41,Married,Remote,Night,Location_Group_6,1,Private,Poor,Department_Group_6,Yes,57,Yes,Basic,Percentage,Customer-Relation,Medium,Workshop,74,89,83,8,7,Job Level_Group_1,PhD,Medium,4212,Yes,Both,Work Position_Group_1,Team Size_Group_2
Female,20,Married,Part-Time,Flexible,Location_Group_2,42,Private,Good,Department_Group_2,Yes,52,Yes,Basic,Percentage,UI-Design,Medium,Workshop,79,89,26,7,1,Job Level_Group_4,Diploma,Low,3690,Yes,Life,Work Position_Group_2,Team Size_Group_4
Female,40,Single,Contract,Day,Location_Group_2,17,Private,Average,Department_Group_1,No,56,No,Basic,Percentage,Data-Science,Medium,,31,31,0,3,7,Job Level_Group_1,PhD,High,1069,No,,Work Position_Group_1,Team Size_Group_10
Male,43,Single,Remote,Day,Location_Group_5,49,Public,Poor,Department_Group_4,Yes,34,No,Intermediate,Percentage,Marketing,Medium,Workshop,36,49,103,1,5,Job Level_Group_2,PhD,Very High,826,Yes,Both,Work Position_Group_2,Team Size_Group_4
Female,24,Married,Full-Time,Flexible,Location_Group_3,41,Public,Average,Department_Group_8,Yes,39,Yes,Advanced,Percentage,Data-Science,Medium,Online,40,50,105,4,2,Job Level_Group_4,Bachelor,Low,3433,Yes,Health,Work Position_Group_2,Team Size_Group_4
Female,36,Single,Full-Time,Flexible,Location_Group_4,49,Public,Poor,Department_Group_7,Yes,30,Yes,Advanced,Percentage,Project-Management,Medium,Workshop,40,59,93,4,8,Job Level_Group_1,PhD,Very High,3998,No,,Work Position_Group_1,Team Size_Group_9
Female,33,Single,Part-Time,Night,Location_Group_3,46,Private,Good,Department_Group_1,Yes,40,No,Intermediate,Percentage,Customer-Relation,Medium,Workshop,71,90,117,2,5,Job Level_Group_2,PhD,Very High,1202,No,,Work Position_Group_2,Team Size_Group_4
Female,25,Married,Contract,Day,Location_Group_6,2,Public,Average,Department_Group_1,Yes,31,Yes,Intermediate,Percentage,UX-Design,Low,In-Person,48,58,77,5,4,Job Level_Group_3,Bachelor,Low,3416,No,,Work Position_Group_2,Team Size_Group_4
Female,27,Single,Part-Time,Night,Location_Group_1,46,Private,Good,Department_Group_7,Yes,29,Yes,Advanced,Fixed,Management,Medium,Workshop,63,80,116,3,3,Job Level_Group_3,Master,Medium,3452,No,,Work Position_Group_2,Team Size_Group_4
Female,19,Married,Remote,Night,Location_Group_5,13,Public,Good,Department_Group_9,No,26,No,Basic,Fixed,Quality-Supervisor,Low,Online,32,48,12,1,1,Job Level_Group_4,Diploma,Low,1320,Yes,Both,Work Position_Group_2,Team Size_Group_4
Male,39,Married,Remote,Day,Location_Group_3,40,Private,Poor,Department_Group_4,Yes,43,No,Basic,Percentage,Sale,Medium,Workshop,65,82,77,5,7,Job Level_Group_1,PhD,Very High,1040,Yes,Both,Work Position_Group_1,Team Size_Group_7
Male,29,Single,Part-Time,Night,Location_Group_3,26,Private,Poor,Department_Group_8,Yes,39,Yes,Intermediate,Percentage,Sale,High,In-Person,63,77,70,2,3,Job Level_Group_3,Master,Medium,4029,Yes,Both,Work Position_Group_2,Team Size_Group_4
Male,21,Married,Remote,Night,Location_Group_7,22,Private,Good,Department_Group_2,No,43,No,Intermediate,Percentage,Artificial-Intelligence,High,,77,77,0,1,2,Job Level_Group_4,Bachelor,Low,1057,Yes,Both,Work Position_Group_2,Team Size_Group_4
Female,36,Married,Contract,Flexible,Location_Group_6,22,Private,Good,Department_Group_5,No,25,No,Basic,Fixed,Management,Low,,69,69,0,5,7,Job Level_Group_1,PhD,High,1320,No,,Work Position_Group_1,Team Size_Group_11
Male,42,Single,Contract,Night,Location_Group_7,24,Private,Good,Department_Group_5,No,58,Yes,Advanced,Fixed,Finance,Low,Online,55,67,94,9,7,Job Level_Group_1,PhD,Very High,4272,Yes,Both,Work Position_Group_1,Team Size_Group_2
Female,39,Married,Remote,Flexible,Location_Group_6,49,Public,Poor,Department_Group_2,No,29,Yes,Basic,Fixed,UI-Design,Low,Workshop,71,88,111,4,5,Job Level_Group_2,PhD,High,3437,Yes,Both,Work Position_Group_2,Team Size_Group_4
Male,20,Single,Full-Time,Flexible,Location_Group_6,14,Public,Good,Department_Group_1,No,52,No,Intermediate,Percentage,Quality-Supervisor,Low,In-Person,43,60,86,8,1,Job Level_Group_4,Diploma,Low,1180,Yes,Both,Work Position_Group_2,Team Size_Group_4
Female,44,Single,Contract,Day,Location_Group_4,38,Private,Poor,Department_Group_2,No,28,Yes,Advanced,Fixed,Quality-Supervisor,High,Online,74,91,49,1,7,Job Level_Group_1,PhD,Very High,4095,Yes,Both,Work Position_Group_1,Team Size_Group_6
Male,40,Married,Full-Time,Flexible,Location_Group_1,9,Public,Poor,Department_Group_9,No,31,No,Advanced,Fixed,Quality-Supervisor,Medium,Workshop,45,60,104,3,9,Job Level_Group_1,PhD,Very High,819,Yes,Life,Work Position_Group_1,Team Size_Group_5
Female,19,Single,Contract,Day,Location_Group_6,15,Private,Poor,Department_Group_7,No,42,No,Intermediate,Fixed,Project-Management,High,Online,74,87,43,4,1,Job Level_Group_4,Diploma,Low,840,No,,Work Position_Group_2,Team Size_Group_4
Female,43,Married,Remote,Day,Location_Group_6,11,Private,Average,Department_Group_3,No,22,No,Basic,Fixed,Customer-Relation,High,In-Person,43,60,104,5,6,Job Level_Group_2,PhD,High,673,No,,Work Position_Group_1,Team Size_Group_2
Female,27,Single,Part-Time,Night,Location_Group_1,45,Public,Good,Department_Group_8,No,45,No,Basic,Percentage,Production,Medium,,34,34,0,3,3,Job Level_Group_3,Master,Medium,805,No,,Work Position_Group_2,Team Size_Group_4
Male,26,Single,Remote,Day,Location_Group_4,22,Private,Poor,Department_Group_5,No,27,No,Advanced,Fixed,Business Strategy,High,,45,45,0,4,3,Job Level_Group_3,Master,Medium,1423,No,,Work Position_Group_2,Team Size_Group_4
Female,38,Single,Full-Time,Flexible,Location_Group_7,36,Private,Good,Department_Group_1,No,37,No,Advanced,Percentage,Production,Medium,Workshop,68,81,24,2,7,Job Level_Group_1,PhD,Very High,1380,Yes,Both,Work Position_Group_1,Team Size_Group_2
Male,23,Married,Contract,Day,Location_Group_3,23,Public,Poor,Department_Group_4,No,48,Yes,Basic,Fixed,Artificial-Intelligence,High,Workshop,75,90,66,8,2,Job Level_Group_4,Bachelor,Low,4339,Yes,Both,Work Position_Group_2,Team Size_Group_4
Female,26,Single,Part-Time,Day,Location_Group_1,11,Private,Good,Department_Group_1,No,39,No,Basic,Percentage,Marketing,Medium,Workshop,73,87,103,3,3,Job Level_Group_3,Master,Medium,556,Yes,Both,Work Position_Group_2,Team Size_Group_4
Male,35,Married,Remote,Flexible,Location_Group_7,26,Private,Average,Department_Group_2,No,58,No,Advanced,Fixed,Data-Science,High,Workshop,51,67,61,7,7,Job Level_Group_1,PhD,Very High,1251,No,,Work Position_Group_1,Team Size_Group_2
Male,26,Single,Part-Time,Flexible,Location_Group_4,18,Private,Poor,Department_Group_1,Yes,53,No,Basic,Percentage,Programming,Low,Workshop,69,86,35,9,4,Job Level_Group_3,Master,Medium,1196,No,,Work Position_Group_2,Team Size_Group_4
Male,31,Single,Full-Time,Day,Location_Group_4,17,Public,Good,Department_Group_7,No,31,No,Advanced,Fixed,Artificial-Intelligence,Low,Online,76,88,32,2,7,Job Level_Group_1,PhD,Very High,828,Yes,Both,Work Position_Group_2,Team Size_Group_4
Male,29,Single,Remote,Flexible,Location_Group_3,22,Public,Good,Department_Group_4,Yes,24,No,Advanced,Percentage,Programming,Medium,,58,58,0,3,4,Job Level_Group_3,Master,Medium,509,Yes,Both,Work Position_Group_2,Team Size_Group_4
Female,28,Single,Part-Time,Day,Location_Group_4,49,Public,Poor,Department_Group_7,Yes,24,No,Intermediate,Fixed,UI-Design,Low,,65,65,0,5,3,Job Level_Group_3,Master,Medium,999,Yes,Health,Work Position_Group_2,Team Size_Group_4
Male,30,Single,Full-Time,Night,Location_Group_3,32,Public,Poor,Department_Group_2,Yes,26,No,Basic,Fixed,Artificial-Intelligence,Medium,Workshop,53,63,62,3,9,Job Level_Group_1,Master,Medium,1310,No,,Work Position_Group_2,Team Size_Group_4
Male,33,Married,Contract,Night,Location_Group_1,2,Public,Good,Department_Group_1,Yes,21,Yes,Advanced,Percentage,Project-Management,Medium,Workshop,64,80,60,5,8,Job Level_Group_1,PhD,High,3887,No,,Work Position_Group_2,Team Size_Group_4
Male,43,Married,Full-Time,Flexible,Location_Group_5,33,Public,Average,Department_Group_7,No,24,No,Intermediate,Percentage,Marketing,High,,42,42,0,2,5,Job Level_Group_2,PhD,Very High,1074,No,,Work Position_Group_2,Team Size_Group_4
Female,30,Married,Contract,Flexible,Location_Group_7,25,Private,Good,Department_Group_9,Yes,56,No,Intermediate,Percentage,Customer-Relation,Low,,36,36,0,4,9,Job Level_Group_1,Master,Medium,1412,No,,Work Position_Group_2,Team Size_Group_4
Female,44,Married,Remote,Day,Location_Group_4,17,Private,Average,Department_Group_9,Yes,37,No,Advanced,Fixed,UI-Design,Medium,In-Person,61,77,42,1,5,Job Level_Group_2,PhD,Very High,787,No,,Work Position_Group_2,Team Size_Group_4
Male,31,Single,Remote,Flexible,Location_Group_2,45,Private,Good,Department_Group_7,Yes,47,No,Intermediate,Fixed,Project-Management,Medium,,41,41,0,1,9,Job Level_Group_1,PhD,High,1154,No,,Work Position_Group_2,Team Size_Group_4
Female,25,Married,Part-Time,Flexible,Location_Group_6,41,Public,Average,Department_Group_9,No,22,Yes,Advanced,Percentage,Programming,High,,56,56,0,1,4,Job Level_Group_3,Bachelor,Low,564,Yes,Both,Work Position_Group_2,Team Size_Group_4
Female,29,Married,Contract,Flexible,Location_Group_7,46,Public,Good,Department_Group_3,No,58,No,Basic,Percentage,Finance,High,Online,67,81,85,8,3,Job Level_Group_3,Master,Medium,571,Yes,Life,Work Position_Group_2,Team Size_Group_4
Male,31,Married,Full-Time,Night,Location_Group_5,9,Public,Poor,Department_Group_5,Yes,31,No,Intermediate,Fixed,Customer-Relation,Medium,Workshop,65,83,15,3,9,Job Level_Group_1,PhD,Very High,1122,No,,Work Position_Group_2,Team Size_Group_4
Female,29,Single,Full-Time,Day,Location_Group_1,17,Public,Good,Department_Group_9,No,43,Yes,Intermediate,Percentage,Sale,Low,In-Person,76,91,10,1,4,Job Level_Group_3,Master,Medium,3353,Yes,Both,Work Position_Group_2,Team Size_Group_4
Male,19,Single,Full-Time,Night,Location_Group_2,13,Public,Average,Department_Group_9,No,46,Yes,Intermediate,Fixed,Programming,Medium,Online,46,61,82,8,1,Job Level_Group_4,Diploma,Low,3713,Yes,Health,Work Position_Group_2,Team Size_Group_4
Female,41,Married,Full-Time,Night,Location_Group_5,9,Private,Good,Department_Group_3,No,25,No,Basic,Percentage,Customer-Relation,Low,Online,43,53,119,4,8,Job Level_Group_1,PhD,Very High,1413,No,,Work Position_Group_1,Team Size_Group_3
Female,38,Single,Contract,Flexible,Location_Group_3,18,Private,Average,Department_Group_4,Yes,27,No,Basic,Fixed,Sale,Low,Workshop,71,81,99,4,9,Job Level_Group_1,PhD,High,1397,No,,Work Position_Group_1,Team Size_Group_3
Male,34,Married,Remote,Day,Location_Group_5,22,Private,Average,Department_Group_2,No,52,Yes,Advanced,Percentage,Data-Science,Medium,In-Person,69,82,92,9,8,Job Level_Group_1,PhD,Very High,3947,No,,Work Position_Group_2,Team Size_Group_4
Male,38,Single,Part-Time,Night,Location_Group_1,4,Public,Good,Department_Group_1,No,47,No,Basic,Fixed,Quality-Supervisor,Medium,Workshop,30,46,18,7,8,Job Level_Group_1,PhD,Very High,1011,Yes,Health,Work Position_Group_1,Team Size_Group_1
Male,40,Married,Full-Time,Day,Location_Group_1,47,Public,Average,Department_Group_8,Yes,31,No,Intermediate,Percentage,UI-Design,High,In-Person,78,91,70,2,5,Job Level_Group_2,PhD,Very High,770,Yes,Life,Work Position_Group_2,Team Size_Group_4
Female,38,Married,Contract,Flexible,Location_Group_5,4,Private,Good,Department_Group_8,Yes,31,No,Advanced,Percentage,Quality-Supervisor,Medium,,55,55,0,2,5,Job Level_Group_2,PhD,High,1361,No,,Work Position_Group_2,Team Size_Group_4
Female,44,Married,Part-Time,Flexible,Location_Group_3,5,Private,Good,Department_Group_3,Yes,39,No,Intermediate,Fixed,Quality-Supervisor,High,In-Person,50,67,61,5,8,Job Level_Group_1,PhD,High,1321,No,,Work Position_Group_1,Team Size_Group_2
Male,43,Married,Remote,Day,Location_Group_7,40,Private,Poor,Department_Group_9,Yes,41,Yes,Basic,Fixed,Programming,Low,In-Person,56,73,102,3,9,Job Level_Group_1,PhD,Very High,3232,No,,Work Position_Group_1,Team Size_Group_3
Male,27,Married,Full-Time,Flexible,Location_Group_6,42,Public,Good,Department_Group_6,Yes,51,Yes,Basic,Percentage,Programming,Low,Workshop,48,59,19,9,4,Job Level_Group_3,Master,Medium,4068,No,,Work Position_Group_2,Team Size_Group_4
Female,31,Single,Remote,Flexible,Location_Group_3,28,Public,Average,Department_Group_9,Yes,30,No,Basic,Fixed,UI-Design,Low,In-Person,39,57,29,5,8,Job Level_Group_1,PhD,Very High,1374,No,,Work Position_Group_2,Team Size_Group_4
Male,37,Married,Contract,Day,Location_Group_5,35,Public,Good,Department_Group_5,Yes,36,Yes,Advanced,Percentage,Artificial-Intelligence,High,Online,41,57,14,2,6,Job Level_Group_2,PhD,Very High,4329,Yes,Both,Work Position_Group_1,Team Size_Group_8
Female,33,Single,Contract,Night,Location_Group_7,19,Private,Good,Department_Group_1,Yes,54,No,Intermediate,Percentage,Artificial-Intelligence,Medium,Workshop,69,81,71,7,6,Job Level_Group_2,PhD,High,559,No,,Work Position_Group_2,Team Size_Group_4
Female,37,Married,Full-Time,Day,Location_Group_7,5,Public,Good,Department_Group_3,No,29,Yes,Advanced,Fixed,Marketing,High,,62,62,0,3,7,Job Level_Group_1,PhD,High,708,No,,Work Position_Group_1,Team Size_Group_9
Male,41,Married,Full-Time,Day,Location_Group_7,14,Private,Good,Department_Group_4,Yes,33,No,Advanced,Fixed,Management,Low,Workshop,74,87,55,1,7,Job Level_Group_1,PhD,High,1020,Yes,Both,Work Position_Group_1,Team Size_Group_1
Female,39,Single,Part-Time,Night,Location_Group_7,35,Public,Average,Department_Group_7,No,20,No,Advanced,Fixed,Business Strategy,Low,In-Person,64,83,11,5,9,Job Level_Group_1,PhD,High,1259,No,,Work Position_Group_1,Team Size_Group_6
Female,36,Single,Full-Time,Flexible,Location_Group_3,22,Public,Poor,Department_Group_7,Yes,37,Yes,Intermediate,Percentage,Customer-Relation,High,,79,79,0,2,6,Job Level_Group_2,PhD,High,520,No,,Work Position_Group_1,Team Size_Group_6
Male,28,Single,Remote,Night,Location_Group_1,5,Public,Good,Department_Group_5,Yes,37,Yes,Intermediate,Percentage,Finance,Medium,Online,72,83,11,2,3,Job Level_Group_3,Master,Medium,3563,Yes,Both,Work Position_Group_2,Team Size_Group_4
Female,38,Married,Contract,Day,Location_Group_4,41,Private,Average,Department_Group_2,Yes,47,No,Basic,Fixed,Finance,Medium,In-Person,54,66,91,7,8,Job Level_Group_1,PhD,Medium,527,No,,Work Position_Group_1,Team Size_Group_6
Male,41,Married,Contract,Day,Location_Group_5,33,Private,Good,Department_Group_1,Yes,48,No,Intermediate,Percentage,Data-Science,Medium,In-Person,32,49,27,8,5,Job Level_Group_2,PhD,High,760,No,,Work Position_Group_2,Team Size_Group_4
Female,42,Married,Remote,Night,Location_Group_3,3,Private,Average,Department_Group_6,Yes,54,No,Intermediate,Percentage,Artificial-Intelligence,High,Workshop,33,44,76,7,6,Job Level_Group_2,PhD,Very High,1463,Yes,Life,Work Position_Group_1,Team Size_Group_2
Female,29,Single,Remote,Flexible,Location_Group_3,6,Public,Poor,Department_Group_6,No,51,Yes,Basic,Fixed,Programming,High,Workshop,66,84,89,9,4,Job Level_Group_3,Master,Medium,3241,Yes,Life,Work Position_Group_2,Team Size_Group_4
Male,43,Married,Remote,Day,Location_Group_6,11,Public,Average,Department_Group_2,Yes,33,No,Advanced,Percentage,Project-Management,High,Online,34,46,108,4,8,Job Level_Group_1,PhD,High,903,Yes,Both,Work Position_Group_1,Team Size_Group_11
Male,43,Single,Part-Time,Night,Location_Group_5,12,Public,Poor,Department_Group_9,No,41,No,Intermediate,Percentage,Project-Management,Low,In-Person,45,62,74,2,5,Job Level_Group_2,PhD,Very High,869,No,,Work Position_Group_2,Team Size_Group_4
Female,44,Single,Remote,Flexible,Location_Group_3,22,Public,Poor,Department_Group_9,No,59,Yes,Intermediate,Fixed,Sale,High,In-Person,76,88,69,8,5,Job Level_Group_2,PhD,Very High,3072,No,,Work Position_Group_2,Team Size_Group_4
Female,22,Single,Contract,Day,Location_Group_5,21,Private,Poor,Department_Group_3,No,30,Yes,Intermediate,Fixed,Production,Medium,,55,55,0,4,2,Job Level_Group_4,Bachelor,Low,968,Yes,Life,Work Position_Group_2,Team Size_Group_4
Male,27,Single,Part-Time,Flexible,Location_Group_4,43,Private,Poor,Department_Group_1,No,58,Yes,Intermediate,Percentage,UX-Design,High,,70,70,0,2,4,Job Level_Group_3,Master,Medium,981,Yes,Life,Work Position_Group_2,Team Size_Group_4
Male,40,Married,Remote,Flexible,Location_Group_2,21,Private,Good,Department_Group_6,No,46,Yes,Intermediate,Fixed,Data-Science,Low,Workshop,36,53,55,8,5,Job Level_Group_2,PhD,Very High,3319,Yes,Health,Work Position_Group_2,Team Size_Group_4
Female,21,Single,Contract,Flexible,Location_Group_7,4,Private,Average,Department_Group_2,Yes,51,No,Basic,Fixed,Management,Low,,70,70,0,1,2,Job Level_Group_4,Bachelor,Low,940,Yes,Health,Work Position_Group_2,Team Size_Group_4
Female,33,Single,Full-Time,Day,Location_Group_2,35,Public,Good,Department_Group_2,Yes,51,Yes,Basic,Fixed,Artificial-Intelligence,High,Workshop,52,62,118,8,5,Job Level_Group_2,PhD,High,4456,No,,Work Position_Group_2,Team Size_Group_4
Male,24,Married,Remote,Night,Location_Group_6,33,Private,Good,Department_Group_4,Yes,36,No,Intermediate,Fixed,Project-Management,High,Online,57,67,101,2,2,Job Level_Group_4,Bachelor,Low,768,No,,Work Position_Group_2,Team Size_Group_4
Male,36,Married,Remote,Night,Location_Group_2,18,Private,Good,Department_Group_2,No,25,No,Advanced,Percentage,Production,Low,,31,31,0,4,9,Job Level_Group_1,PhD,Medium,1073,Yes,Life,Work Position_Group_1,Team Size_Group_9
Male,42,Married,Remote,Flexible,Location_Group_7,19,Public,Average,Department_Group_7,Yes,38,No,Intermediate,Fixed,UX-Design,Low,Workshop,58,74,65,3,7,Job Level_Group_1,PhD,High,1013,No,,Work Position_Group_1,Team Size_Group_5
Female,28,Single,Contract,Day,Location_Group_7,39,Private,Average,Department_Group_5,No,59,Yes,Intermediate,Fixed,Sale,Low,,48,48,0,1,4,Job Level_Group_3,Master,Medium,726,Yes,Life,Work Position_Group_2,Team Size_Group_4
Female,37,Married,Part-Time,Day,Location_Group_3,20,Public,Poor,Department_Group_3,No,21,Yes,Intermediate,Fixed,Programming,Medium,Workshop,52,70,61,3,6,Job Level_Group_2,PhD,Very High,3651,Yes,Life,Work Position_Group_1,Team Size_Group_10
Female,28,Married,Remote,Day,Location_Group_3,5,Private,Poor,Department_Group_9,Yes,40,Yes,Intermediate,Percentage,Production,Low,Online,46,60,111,3,4,Job Level_Group_3,Master,Medium,3867,Yes,Both,Work Position_Group_2,Team Size_Group_4
Male,44,Single,Part-Time,Night,Location_Group_6,8,Public,Poor,Department_Group_9,Yes,28,No,Advanced,Percentage,Project-Management,Low,Workshop,57,72,85,1,8,Job Level_Group_1,PhD,High,688,Yes,Life,Work Position_Group_1,Team Size_Group_9
Male,19,Married,Full-Time,Flexible,Location_Group_4,9,Private,Good,Department_Group_3,No,44,No,Intermediate,Fixed,Artificial-Intelligence,High,In-Person,37,48,87,4,1,Job Level_Group_4,Diploma,Low,1407,Yes,Health,Work Position_Group_2,Team Size_Group_4
Male,28,Single,Contract,Day,Location_Group_7,13,Private,Good,Department_Group_7,No,48,No,Basic,Fixed,Production,High,Online,61,80,65,9,3,Job Level_Group_3,Master,Medium,1141,Yes,Life,Work Position_Group_2,Team Size_Group_4
Female,22,Single,Part-Time,Day,Location_Group_2,16,Public,Poor,Department_Group_1,Yes,29,No,Advanced,Percentage,Customer-Relation,Medium,Workshop,79,97,102,4,2,Job Level_Group_4,Bachelor,Low,869,No,,Work Position_Group_2,Team Size_Group_4
Female,19,Single,Part-Time,Flexible,Location_Group_2,39,Private,Good,Department_Group_5,Yes,28,No,Advanced,Percentage,Business Strategy,Low,Online,51,63,77,5,1,Job Level_Group_4,Diploma,Low,1468,Yes,Both,Work Position_Group_2,Team Size_Group_4
Male,38,Married,Remote,Day,Location_Group_4,13,Private,Average,Department_Group_6,No,39,No,Advanced,Fixed,Customer-Relation,High,Online,51,64,87,1,8,Job Level_Group_1,PhD,Very High,1402,Yes,Health,Work Position_Group_1,Team Size_Group_6
Female,41,Single,Part-Time,Night,Location_Group_5,32,Private,Average,Department_Group_6,Yes,28,Yes,Intermediate,Fixed,Customer-Relation,Medium,Workshop,51,68,68,1,7,Job Level_Group_1,PhD,Very High,4146,Yes,Health,Work Position_Group_1,Team Size_Group_1
Male,20,Single,Full-Time,Flexible,Location_Group_3,41,Private,Poor,Department_Group_4,Yes,41,Yes,Advanced,Fixed,Marketing,Low,Workshop,37,55,34,4,1,Job Level_Group_4,Diploma,Low,3878,No,,Work Position_Group_2,Team Size_Group_4
Male,36,Single,Part-Time,Night,Location_Group_7,9,Public,Poor,Department_Group_1,No,26,No,Basic,Fixed,UI-Design,Low,Workshop,61,73,63,2,7,Job Level_Group_1,PhD,Very High,818,Yes,Life,Work Position_Group_1,Team Size_Group_3
Male,19,Single,Full-Time,Night,Location_Group_7,36,Private,Good,Department_Group_5,No,35,Yes,Intermediate,Percentage,Project-Management,Low,,64,64,0,3,1,Job Level_Group_4,Diploma,Low,1117,No,,Work Position_Group_2,Team Size_Group_4
Female,36,Single,Contract,Flexible,Location_Group_1,6,Public,Good,Department_Group_3,Yes,53,Yes,Basic,Percentage,Project-Management,Medium,Online,68,87,83,8,6,Job Level_Group_2,PhD,High,4277,No,,Work Position_Group_1,Team Size_Group_9
Female,29,Married,Part-Time,Night,Location_Group_5,39,Private,Average,Department_Group_5,Yes,55,No,Advanced,Fixed,Artificial-Intelligence,Low,Workshop,70,84,87,9,3,Job Level_Group_3,Master,Medium,568,No,,Work Position_Group_2,Team Size_Group_4
Male,42,Single,Full-Time,Day,Location_Group_2,34,Private,Poor,Department_Group_6,Yes,52,No,Intermediate,Fixed,Quality-Supervisor,Medium,In-Person,64,82,78,7,8,Job Level_Group_1,PhD,Very High,665,No,,Work Position_Group_1,Team Size_Group_11
Male,29,Single,Contract,Flexible,Location_Group_4,15,Private,Poor,Department_Group_9,Yes,45,No,Basic,Fixed,Production,Low,,48,48,0,4,3,Job Level_Group_3,Master,Medium,1165,Yes,Health,Work Position_Group_2,Team Size_Group_4
Male,22,Married,Contract,Day,Location_Group_3,46,Public,Poor,Department_Group_5,No,49,No,Advanced,Percentage,Business Strategy,Medium,Online,57,71,11,7,2,Job Level_Group_4,Bachelor,Low,1437,Yes,Health,Work Position_Group_2,Team Size_Group_4
Male,40,Married,Remote,Day,Location_Group_5,9,Public,Average,Department_Group_7,No,44,Yes,Basic,Percentage,UX-Design,Medium,In-Person,61,73,60,1,7,Job Level_Group_1,PhD,Very High,3818,Yes,Both,Work Position_Group_1,Team Size_Group_11
Female,36,Married,Full-Time,Flexible,Location_Group_3,26,Public,Poor,Department_Group_6,Yes,21,No,Advanced,Percentage,Production,High,Workshop,56,67,72,5,9,Job Level_Group_1,PhD,High,1214,No,,Work Position_Group_1,Team Size_Group_5
Male,34,Married,Part-Time,Night,Location_Group_2,19,Public,Average,Department_Group_5,Yes,32,No,Intermediate,Fixed,Project-Management,Medium,In-Person,51,67,17,1,7,Job Level_Group_1,PhD,High,553,No,,Work Position_Group_2,Team Size_Group_4
Male,21,Married,Full-Time,Day,Location_Group_1,34,Private,Good,Department_Group_7,No,57,Yes,Intermediate,Percentage,Quality-Supervisor,High,In-Person,78,91,61,7,2,Job Level_Group_4,Bachelor,Low,3012,No,,Work Position_Group_2,Team Size_Group_4
Male,43,Married,Part-Time,Flexible,Location_Group_2,30,Public,Good,Department_Group_1,No,55,No,Basic,Percentage,Programming,Low,Online,78,90,55,8,5,Job Level_Group_2,PhD,Very High,1230,Yes,Health,Work Position_Group_2,Team Size_Group_4
Male,44,Single,Full-Time,Day,Location_Group_4,40,Private,Average,Department_Group_4,Yes,29,Yes,Advanced,Fixed,Production,Low,In-Person,73,86,66,2,6,Job Level_Group_2,PhD,High,3750,No,,Work Position_Group_1,Team Size_Group_10
Female,32,Single,Full-Time,Flexible,Location_Group_1,1,Private,Good,Department_Group_8,No,24,Yes,Basic,Percentage,UI-Design,High,,57,57,0,5,9,Job Level_Group_1,PhD,Very High,824,Yes,Health,Work Position_Group_2,Team Size_Group_4
Male,29,Single,Part-Time,Flexible,Location_Group_2,30,Public,Poor,Department_Group_1,Yes,37,No,Intermediate,Fixed,Finance,High,Online,35,52,60,3,4,Job Level_Group_3,Master,Medium,792,Yes,Life,Work Position_Group_2,Team Size_Group_4
Female,26,Married,Part-Time,Flexible,Location_Group_6,37,Public,Good,Department_Group_4,Yes,43,Yes,Advanced,Percentage,Production,Low,In-Person,50,65,18,5,3,Job Level_Group_3,Master,Medium,4329,No,,Work Position_Group_2,Team Size_Group_4
Male,40,Married,Contract,Day,Location_Group_7,26,Public,Poor,Department_Group_3,No,49,Yes,Advanced,Percentage,Sale,Medium,Online,48,67,69,8,5,Job Level_Group_2,PhD,High,4417,No,,Work Position_Group_2,Team Size_Group_4
Male,25,Single,Remote,Night,Location_Group_5,2,Public,Poor,Department_Group_1,No,34,No,Intermediate,Percentage,Production,Medium,,65,65,0,4,4,Job Level_Group_3,Bachelor,Low,1327,Yes,Health,Work Position_Group_2,Team Size_Group_4
Female,20,Married,Contract,Flexible,Location_Group_4,47,Private,Good,Department_Group_4,No,56,No,Basic,Fixed,Business Strategy,Medium,Workshop,62,73,17,7,1,Job Level_Group_4,Diploma,Low,535,No,,Work Position_Group_2,Team Size_Group_4
Female,34,Married,Part-Time,Night,Location_Group_2,26,Private,Poor,Department_Group_5,No,37,Yes,Intermediate,Percentage,UX-Design,High,Online,62,80,23,2,5,Job Level_Group_2,PhD,High,4375,No,,Work Position_Group_2,Team Size_Group_4
Female,37,Married,Full-Time,Night,Location_Group_5,45,Private,Good,Department_Group_4,Yes,20,Yes,Intermediate,Percentage,Quality-Supervisor,Medium,Workshop,48,65,26,2,7,Job Level_Group_1,PhD,High,3149,No,,Work Position_Group_1,Team Size_Group_2
Male,22,Married,Contract,Night,Location_Group_7,15,Public,Good,Department_Group_3,Yes,50,Yes,Intermediate,Fixed,Business Strategy,Low,Online,79,97,69,8,2,Job Level_Group_4,Bachelor,Low,3251,No,,Work Position_Group_2,Team Size_Group_4
Male,27,Married,Full-Time,Day,Location_Group_5,15,Public,Average,Department_Group_5,No,34,No,Intermediate,Fixed,Management,High,In-Person,34,46,91,1,4,Job Level_Group_3,Master,Medium,1078,No,,Work Position_Group_2,Team Size_Group_4
Female,21,Married,Part-Time,Night,Location_Group_5,13,Public,Good,Department_Group_6,Yes,41,Yes,Advanced,Percentage,Business Strategy,High,Workshop,36,54,98,2,2,Job Level_Group_4,Bachelor,Low,4401,No,,Work Position_Group_2,Team Size_Group_4
Male,34,Single,Part-Time,Day,Location_Group_2,12,Public,Good,Department_Group_6,No,38,No,Basic,Fixed,Marketing,High,In-Person,33,43,33,4,9,Job Level_Group_1,PhD,High,991,Yes,Health,Work Position_Group_2,Team Size_Group_4
Female,28,Single,Part-Time,Flexible,Location_Group_1,20,Private,Average,Department_Group_4,No,44,Yes,Intermediate,Fixed,UX-Design,Low,,49,49,0,5,3,Job Level_Group_3,Master,Medium,805,Yes,Health,Work Position_Group_2,Team Size_Group_4
Female,42,Single,Contract,Night,Location_Group_7,43,Private,Good,Department_Group_6,No,48,No,Basic,Percentage,Programming,Low,,68,68,0,4,7,Job Level_Group_1,PhD,Medium,1359,No,,Work Position_Group_1,Team Size_Group_10
Male,43,Married,Remote,Night,Location_Group_4,46,Private,Average,Department_Group_5,No,22,No,Basic,Percentage,Artificial-Intelligence,Low,In-Person,33,46,63,3,8,Job Level_Group_1,PhD,High,1360,No,,Work Position_Group_1,Team Size_Group_3
Male,19,Single,Contract,Night,Location_Group_1,46,Private,Good,Department_Group_3,No,24,No,Intermediate,Percentage,Production,Low,Online,59,78,33,1,1,Job Level_Group_4,Diploma,Low,640,No,,Work Position_Group_2,Team Size_Group_4
Female,41,Married,Full-Time,Night,Location_Group_1,43,Public,Good,Department_Group_2,No,41,No,Basic,Percentage,Artificial-Intelligence,Low,In-Person,47,60,11,3,6,Job Level_Group_2,PhD,High,1476,Yes,Health,Work Position_Group_1,Team Size_Group_1
Female,30,Single,Part-Time,Flexible,Location_Group_5,19,Public,Average,Department_Group_6,No,20,Yes,Basic,Percentage,UX-Design,Medium,In-Person,47,66,47,1,7,Job Level_Group_1,Master,Medium,4376,Yes,Health,Work Position_Group_2,Team Size_Group_4
Female,36,Single,Contract,Day,Location_Group_2,33,Public,Average,Department_Group_3,No,31,Yes,Advanced,Fixed,Quality-Supervisor,Medium,,32,32,0,3,7,Job Level_Group_1,PhD,Medium,563,No,,Work Position_Group_1,Team Size_Group_2
Female,40,Single,Part-Time,Flexible,Location_Group_3,37,Private,Good,Department_Group_1,Yes,21,Yes,Intermediate,Fixed,Artificial-Intelligence,High,In-Person,53,68,90,3,7,Job Level_Group_1,PhD,High,3739,No,,Work Position_Group_1,Team Size_Group_2
Male,37,Single,Full-Time,Day,Location_Group_6,1,Public,Average,Department_Group_8,Yes,41,Yes,Basic,Fixed,UI-Design,High,,48,48,0,4,8,Job Level_Group_1,PhD,High,750,Yes,Health,Work Position_Group_1,Team Size_Group_9
Female,32,Married,Remote,Day,Location_Group_4,7,Public,Average,Department_Group_8,No,51,Yes,Intermediate,Fixed,Marketing,High,In-Person,63,82,97,8,9,Job Level_Group_1,PhD,Very High,4130,Yes,Life,Work Position_Group_2,Team Size_Group_4
Male,22,Single,Part-Time,Flexible,Location_Group_4,47,Private,Poor,Department_Group_5,No,31,Yes,Advanced,Percentage,Artificial-Intelligence,Low,,36,36,0,3,2,Job Level_Group_4,Bachelor,Low,989,Yes,Health,Work Position_Group_2,Team Size_Group_4
Male,38,Single,Contract,Day,Location_Group_5,4,Private,Good,Department_Group_8,No,53,No,Intermediate,Percentage,Production,High,Online,57,67,99,8,6,Job Level_Group_2,PhD,High,1056,No,,Work Position_Group_1,Team Size_Group_10
Female,29,Married,Part-Time,Flexible,Location_Group_1,25,Private,Poor,Department_Group_2,Yes,23,No,Basic,Percentage,UX-Design,High,Online,56,68,45,3,4,Job Level_Group_3,Master,Medium,739,Yes,Both,Work Position_Group_2,Team Size_Group_4
Male,38,Married,Part-Time,Night,Location_Group_4,17,Public,Poor,Department_Group_7,Yes,51,No,Intermediate,Percentage,UX-Design,Low,In-Person,60,77,53,7,6,Job Level_Group_2,PhD,Very High,941,No,,Work Position_Group_1,Team Size_Group_5
Male,28,Married,Remote,Flexible,Location_Group_5,33,Public,Good,Department_Group_8,No,32,No,Basic,Fixed,Management,High,Online,76,94,82,2,4,Job Level_Group_3,Master,Medium,526,Yes,Health,Work Position_Group_2,Team Size_Group_4
Female,24,Single,Contract,Flexible,Location_Group_4,8,Private,Good,Department_Group_6,Yes,56,No,Basic,Percentage,Artificial-Intelligence,Medium,Online,56,69,65,7,2,Job Level_Group_4,Bachelor,Low,1412,Yes,Health,Work Position_Group_2,Team Size_Group_4
Female,24,Married,Part-Time,Night,Location_Group_3,26,Public,Average,Department_Group_8,Yes,57,No,Basic,Fixed,UX-Design,Medium,Workshop,52,63,58,8,2,Job Level_Group_4,Bachelor,Low,1373,No,,Work Position_Group_2,Team Size_Group_4
Male,43,Single,Contract,Night,Location_Group_5,34,Public,Good,Department_Group_6,Yes,49,Yes,Intermediate,Fixed,Project-Management,High,Online,58,73,22,7,6,Job Level_Group_2,PhD,High,3346,Yes,Life,Work Position_Group_1,Team Size_Group_11
Male,41,Single,Contract,Day,Location_Group_4,21,Private,Good,Department_Group_9,Yes,31,No,Basic,Fixed,Artificial-Intelligence,Low,Workshop,49,64,29,4,5,Job Level_Group_2,PhD,High,630,Yes,Health,Work Position_Group_2,Team Size_Group_4
Female,37,Married,Contract,Day,Location_Group_2,11,Private,Poor,Department_Group_8,No,22,Yes,Basic,Percentage,Programming,Medium,Online,64,78,22,5,8,Job Level_Group_1,PhD,High,4106,Yes,Health,Work Position_Group_1,Team Size_Group_10
Male,36,Single,Remote,Night,Location_Group_3,33,Private,Poor,Department_Group_1,No,24,No,Advanced,Fixed,Customer-Relation,Low,Workshop,38,54,31,4,7,Job Level_Group_1,PhD,Very High,730,No,,Work Position_Group_1,Team Size_Group_7
Male,30,Married,Contract,Flexible,Location_Group_6,4,Public,Average,Department_Group_5,Yes,36,Yes,Advanced,Percentage,Production,Medium,,60,60,0,1,6,Job Level_Group_2,Master,Medium,1003,Yes,Life,Work Position_Group_2,Team Size_Group_4
Male,19,Married,Part-Time,Flexible,Location_Group_5,46,Public,Average,Department_Group_2,Yes,29,No,Intermediate,Fixed,Business Strategy,High,Workshop,49,66,101,2,1,Job Level_Group_4,Diploma,Low,1282,Yes,Health,Work Position_Group_2,Team Size_Group_4
Female,24,Married,Full-Time,Flexible,Location_Group_1,46,Public,Poor,Department_Group_2,No,25,Yes,Intermediate,Percentage,Marketing,Medium,Workshop,44,57,70,2,2,Job Level_Group_4,Bachelor,Low,3566,No,,Work Position_Group_2,Team Size_Group_4
Female,31,Married,Contract,Flexible,Location_Group_5,33,Private,Good,Department_Group_5,Yes,43,No,Advanced,Fixed,Finance,Low,In-Person,34,49,43,1,5,Job Level_Group_2,PhD,High,561,No,,Work Position_Group_2,Team Size_Group_4
Male,23,Married,Part-Time,Flexible,Location_Group_7,24,Public,Average,Department_Group_1,No,57,No,Advanced,Percentage,Programming,High,Workshop,55,73,93,8,2,Job Level_Group_4,Bachelor,Medium,696,Yes,Life,Work Position_Group_2,Team Size_Group_4
Female,19,Single,Part-Time,Day,Location_Group_4,17,Private,Poor,Department_Group_6,Yes,33,Yes,Basic,Fixed,Data-Science,High,Workshop,58,69,66,5,1,Job Level_Group_4,Diploma,Low,3277,No,,Work Position_Group_2,Team Size_Group_4
Female,37,Single,Full-Time,Day,Location_Group_3,44,Public,Average,Department_Group_6,Yes,24,Yes,Basic,Fixed,Finance,Medium,Online,46,61,41,2,6,Job Level_Group_2,PhD,Very High,3482,No,,Work Position_Group_1,Team Size_Group_8
Male,43,Married,Part-Time,Day,Location_Group_2,47,Public,Average,Department_Group_5,No,49,No,Advanced,Percentage,Marketing,Medium,In-Person,67,79,65,9,6,Job Level_Group_2,PhD,High,952,No,,Work Position_Group_1,Team Size_Group_9
Male,36,Single,Part-Time,Night,Location_Group_5,46,Public,Poor,Department_Group_4,Yes,24,Yes,Basic,Percentage,Sale,High,Workshop,71,81,75,4,6,Job Level_Group_2,PhD,Very High,3267,Yes,Both,Work Position_Group_1,Team Size_Group_10
Male,18,Single,Part-Time,Flexible,Location_Group_7,44,Public,Poor,Department_Group_8,No,21,Yes,Advanced,Fixed,Programming,High,,64,64,0,1,1,Job Level_Group_4,Diploma,Low,1292,Yes,Health,Work Position_Group_2,Team Size_Group_4
Female,35,Single,Part-Time,Night,Location_Group_7,42,Private,Good,Department_Group_1,No,35,Yes,Advanced,Percentage,UX-Design,Low,Workshop,53,66,43,5,6,Job Level_Group_2,PhD,High,3805,No,,Work Position_Group_1,Team Size_Group_5
Female,22,Married,Part-Time,Night,Location_Group_3,31,Public,Good,Department_Group_1,No,54,Yes,Advanced,Percentage,UX-Design,Medium,In-Person,63,80,95,9,2,Job Level_Group_4,Bachelor,Low,4487,No,,Work Position_Group_2,Team Size_Group_4
Male,33,Married,Part-Time,Day,Location_Group_2,47,Private,Poor,Department_Group_2,No,20,No,Intermediate,Fixed,UX-Design,High,Workshop,48,64,94,3,6,Job Level_Group_2,PhD,Very High,843,Yes,Health,Work Position_Group_2,Team Size_Group_4
Female,22,Married,Remote,Flexible,Location_Group_3,37,Public,Average,Department_Group_7,Yes,52,No,Basic,Percentage,Marketing,Low,Online,67,77,99,8,2,Job Level_Group_4,Bachelor,Low,1051,Yes,Health,Work Position_Group_2,Team Size_Group_4
Female,31,Married,Full-Time,Flexible,Location_Group_5,45,Public,Good,Department_Group_9,Yes,40,Yes,Basic,Percentage,Project-Management,High,Workshop,68,86,38,1,6,Job Level_Group_2,PhD,Very High,4344,Yes,Health,Work Position_Group_2,Team Size_Group_4
Female,40,Single,Full-Time,Flexible,Location_Group_3,32,Private,Poor,Department_Group_8,No,37,Yes,Advanced,Percentage,Quality-Supervisor,Medium,Online,51,67,41,3,5,Job Level_Group_2,PhD,High,4217,Yes,Life,Work Position_Group_2,Team Size_Group_4
Male,25,Married,Remote,Day,Location_Group_5,15,Private,Good,Department_Group_7,Yes,57,No,Advanced,Percentage,Sale,High,In-Person,65,76,60,9,4,Job Level_Group_3,Bachelor,Low,855,Yes,Health,Work Position_Group_2,Team Size_Group_4
Male,28,Married,Part-Time,Day,Location_Group_4,49,Private,Average,Department_Group_2,No,40,No,Basic,Fixed,Business Strategy,High,,65,65,0,4,4,Job Level_Group_3,Master,Medium,687,No,,Work Position_Group_2,Team Size_Group_4
Female,27,Single,Remote,Flexible,Location_Group_1,20,Public,Good,Department_Group_8,Yes,24,No,Advanced,Percentage,Project-Management,Medium,Online,38,50,56,2,4,Job Level_Group_3,Master,Medium,1166,Yes,Life,Work Position_Group_2,Team Size_Group_4
Female,23,Married,Part-Time,Flexible,Location_Group_4,47,Public,Average,Department_Group_2,No,43,No,Intermediate,Percentage,Data-Science,High,Online,41,59,107,1,2,Job Level_Group_4,Bachelor,Low,1239,Yes,Health,Work Position_Group_2,Team Size_Group_4
Male,23,Married,Contract,Flexible,Location_Group_7,31,Public,Good,Department_Group_1,No,52,Yes,Intermediate,Percentage,UI-Design,Low,In-Person,52,67,115,9,2,Job Level_Group_4,Bachelor,Low,3836,No,,Work Position_Group_2,Team Size_Group_4
Female,41,Single,Contract,Night,Location_Group_3,39,Public,Good,Department_Group_9,No,25,No,Intermediate,Percentage,Finance,Medium,Online,40,52,26,1,8,Job Level_Group_1,PhD,Very High,1472,No,,Work Position_Group_1,Team Size_Group_6
Male,23,Married,Part-Time,Day,Location_Group_5,23,Public,Average,Department_Group_4,No,20,Yes,Basic,Percentage,Sale,Medium,Online,35,45,50,3,2,Job Level_Group_4,Bachelor,Low,3212,Yes,Both,Work Position_Group_2,Team Size_Group_4
Female,40,Married,Full-Time,Day,Location_Group_3,3,Public,Average,Department_Group_2,No,45,No,Basic,Percentage,Sale,High,In-Person,55,72,26,4,9,Job Level_Group_1,PhD,High,1114,No,,Work Position_Group_1,Team Size_Group_10
Male,39,Married,Contract,Day,Location_Group_3,20,Private,Average,Department_Group_5,No,48,No,Intermediate,Percentage,Sale,High,,57,57,0,2,6,Job Level_Group_2,PhD,Very High,1018,Yes,Life,Work Position_Group_1,Team Size_Group_3
Female,28,Single,Remote,Flexible,Location_Group_3,37,Private,Good,Department_Group_2,Yes,33,No,Intermediate,Fixed,Business Strategy,Low,Online,37,49,54,5,3,Job Level_Group_3,Master,Medium,1390,No,,Work Position_Group_2,Team Size_Group_4
Female,33,Single,Contract,Flexible,Location_Group_3,26,Public,Average,Department_Group_5,Yes,31,Yes,Basic,Fixed,Programming,High,Online,30,44,46,4,9,Job Level_Group_1,PhD,High,3888,Yes,Health,Work Position_Group_2,Team Size_Group_4
Female,44,Single,Part-Time,Night,Location_Group_1,34,Private,Good,Department_Group_8,Yes,35,Yes,Advanced,Fixed,Data-Science,Medium,Workshop,38,51,105,5,6,Job Level_Group_2,PhD,Very High,4217,Yes,Life,Work Position_Group_1,Team Size_Group_1
Male,22,Married,Contract,Night,Location_Group_2,9,Private,Poor,Department_Group_4,No,36,No,Basic,Percentage,Programming,Medium,,75,75,0,4,2,Job Level_Group_4,Bachelor,Medium,1415,No,,Work Position_Group_2,Team Size_Group_4
Female,21,Single,Part-Time,Flexible,Location_Group_1,32,Private,Good,Department_Group_9,Yes,33,No,Intermediate,Fixed,UX-Design,High,In-Person,54,70,28,2,2,Job Level_Group_4,Bachelor,Low,727,No,,Work Position_Group_2,Team Size_Group_4
Male,25,Single,Contract,Night,Location_Group_3,13,Public,Poor,Department_Group_4,Yes,44,Yes,Intermediate,Fixed,Management,High,Online,51,67,72,2,3,Job Level_Group_3,Bachelor,Low,4387,No,,Work Position_Group_2,Team Size_Group_4
Female,30,Single,Full-Time,Day,Location_Group_3,20,Public,Average,Department_Group_9,No,36,Yes,Advanced,Fixed,Finance,Low,Workshop,37,48,15,5,9,Job Level_Group_1,Master,Medium,4130,No,,Work Position_Group_2,Team Size_Group_4
Male,19,Single,Part-Time,Flexible,Location_Group_2,29,Public,Poor,Department_Group_5,Yes,27,No,Intermediate,Percentage,Quality-Supervisor,High,Workshop,48,58,105,2,1,Job Level_Group_4,Diploma,Low,1103,Yes,Health,Work Position_Group_2,Team Size_Group_4
Male,33,Single,Full-Time,Flexible,Location_Group_6,15,Public,Good,Department_Group_4,Yes,53,Yes,Basic,Percentage,Production,Medium,Online,42,55,75,9,7,Job Level_Group_1,PhD,High,4322,No,,Work Position_Group_2,Team Size_Group_4
Female,35,Married,Full-Time,Day,Location_Group_6,19,Private,Poor,Department_Group_3,No,37,Yes,Advanced,Percentage,Project-Management,Low,In-Person,61,76,46,3,9,Job Level_Group_1,PhD,Very High,3451,No,,Work Position_Group_1,Team Size_Group_5
Female,41,Married,Remote,Day,Location_Group_3,29,Public,Good,Department_Group_1,No,46,No,Advanced,Percentage,Management,Medium,,55,55,0,5,9,Job Level_Group_1,PhD,Very High,1152,No,,Work Position_Group_1,Team Size_Group_7
Male,22,Married,Remote,Day,Location_Group_1,44,Private,Good,Department_Group_1,Yes,26,Yes,Basic,Fixed,UI-Design,Low,In-Person,40,57,24,1,2,Job Level_Group_4,Bachelor,Low,3604,No,,Work Position_Group_2,Team Size_Group_4
Female,18,Single,Contract,Flexible,Location_Group_1,5,Public,Average,Department_Group_4,Yes,33,Yes,Basic,Percentage,Management,Medium,Workshop,31,41,83,1,1,Job Level_Group_4,Diploma,Low,3532,Yes,Both,Work Position_Group_2,Team Size_Group_4
Female,40,Married,Full-Time,Day,Location_Group_2,28,Private,Poor,Department_Group_8,Yes,47,Yes,Basic,Fixed,Artificial-Intelligence,Low,Workshop,77,88,31,9,6,Job Level_Group_2,PhD,High,4026,No,,Work Position_Group_1,Team Size_Group_7
Male,38,Single,Contract,Night,Location_Group_4,17,Private,Poor,Department_Group_9,Yes,55,Yes,Basic,Percentage,Quality-Supervisor,Medium,Online,70,89,26,8,5,Job Level_Group_2,PhD,Very High,4431,No,,Work Position_Group_2,Team Size_Group_4
Male,43,Single,Part-Time,Night,Location_Group_7,30,Private,Good,Department_Group_9,No,36,No,Advanced,Fixed,Project-Management,Medium,,57,57,0,3,9,Job Level_Group_1,PhD,High,731,Yes,Health,Work Position_Group_1,Team Size_Group_10
Male,44,Single,Remote,Day,Location_Group_5,3,Public,Good,Department_Group_3,No,36,Yes,Intermediate,Percentage,Production,Low,Online,73,91,108,3,7,Job Level_Group_1,PhD,High,4127,Yes,Health,Work Position_Group_1,Team Size_Group_5
Female,24,Single,Full-Time,Day,Location_Group_1,46,Public,Good,Department_Group_9,No,35,No,Basic,Percentage,Business Strategy,Low,Workshop,44,57,44,4,2,Job Level_Group_4,Bachelor,Low,1093,Yes,Both,Work Position_Group_2,Team Size_Group_4
Female,35,Single,Full-Time,Night,Location_Group_7,10,Private,Poor,Department_Group_7,No,50,Yes,Basic,Percentage,Finance,High,Online,59,69,28,7,8,Job Level_Group_1,PhD,High,3584,No,,Work Position_Group_1,Team Size_Group_10
Male,32,Single,Remote,Day,Location_Group_4,34,Private,Average,Department_Group_6,No,42,No,Advanced,Fixed,Artificial-Intelligence,Low,Online,56,75,117,3,9,Job Level_Group_1,PhD,Very High,656,Yes,Both,Work Position_Group_2,Team Size_Group_4
Female,30,Married,Part-Time,Flexible,Location_Group_4,14,Public,Poor,Department_Group_3,Yes,47,No,Basic,Fixed,UI-Design,High,Online,31,41,58,9,5,Job Level_Group_2,Master,Medium,886,No,,Work Position_Group_2,Team Size_Group_4
Female,44,Single,Full-Time,Flexible,Location_Group_7,31,Private,Good,Department_Group_6,No,25,Yes,Basic,Percentage,Data-Science,Low,,75,75,0,2,9,Job Level_Group_1,PhD,Very High,1149,Yes,Life,Work Position_Group_1,Team Size_Group_11
Male,30,Single,Contract,Flexible,Location_Group_7,45,Public,Average,Department_Group_9,Yes,43,Yes,Intermediate,Percentage,Management,High,Workshop,37,50,84,4,9,Job Level_Group_1,Master,Medium,3831,Yes,Life,Work Position_Group_2,Team Size_Group_4
Male,26,Married,Part-Time,Day,Location_Group_1,2,Private,Poor,Department_Group_2,Yes,27,No,Basic,Percentage,Quality-Supervisor,Low,In-Person,71,84,96,1,4,Job Level_Group_3,Master,Medium,693,Yes,Life,Work Position_Group_2,Team Size_Group_4
Female,43,Married,Remote,Night,Location_Group_5,11,Private,Average,Department_Group_1,No,34,Yes,Advanced,Percentage,UI-Design,Medium,Workshop,73,91,40,2,7,Job Level_Group_1,PhD,High,3723,No,,Work Position_Group_1,Team Size_Group_10
Female,28,Single,Full-Time,Day,Location_Group_1,31,Public,Average,Department_Group_1,Yes,51,No,Intermediate,Fixed,Customer-Relation,High,In-Person,53,71,58,9,4,Job Level_Group_3,Master,Medium,1478,No,,Work Position_Group_2,Team Size_Group_4
Male,28,Single,Contract,Day,Location_Group_1,18,Private,Average,Department_Group_5,No,33,Yes,Basic,Percentage,Production,Low,Workshop,63,76,18,4,4,Job Level_Group_3,Master,Medium,3152,Yes,Life,Work Position_Group_2,Team Size_Group_4
Male,42,Married,Remote,Night,Location_Group_6,34,Private,Poor,Department_Group_6,No,38,Yes,Advanced,Percentage,Customer-Relation,High,,79,79,0,2,9,Job Level_Group_1,PhD,Very High,586,Yes,Life,Work Position_Group_1,Team Size_Group_2
Male,41,Single,Remote,Flexible,Location_Group_2,21,Public,Average,Department_Group_4,Yes,32,No,Basic,Percentage,Production,High,Online,40,55,91,4,5,Job Level_Group_2,PhD,Very High,1356,Yes,Life,Work Position_Group_2,Team Size_Group_4
Male,41,Married,Remote,Night,Location_Group_1,39,Public,Average,Department_Group_1,No,30,No,Intermediate,Fixed,Business Strategy,High,In-Person,43,55,33,2,8,Job Level_Group_1,PhD,High,1385,Yes,Both,Work Position_Group_1,Team Size_Group_1
Male,26,Single,Contract,Flexible,Location_Group_4,24,Private,Average,Department_Group_5,Yes,37,Yes,Advanced,Fixed,Programming,Medium,,63,63,0,1,3,Job Level_Group_3,Master,Medium,792,No,,Work Position_Group_2,Team Size_Group_4
Male,25,Single,Part-Time,Flexible,Location_Group_4,7,Public,Average,Department_Group_5,No,50,No,Basic,Fixed,Management,Medium,Online,42,61,60,9,3,Job Level_Group_3,Bachelor,Low,991,No,,Work Position_Group_2,Team Size_Group_4
Female,26,Married,Remote,Flexible,Location_Group_5,49,Private,Good,Department_Group_1,No,48,Yes,Basic,Fixed,Sale,Medium,,71,71,0,3,3,Job Level_Group_3,Master,Medium,997,Yes,Life,Work Position_Group_2,Team Size_Group_4
Male,32,Single,Contract,Flexible,Location_Group_3,13,Private,Average,Department_Group_3,Yes,31,No,Intermediate,Fixed,UX-Design,High,Online,69,79,70,4,9,Job Level_Group_1,PhD,High,925,Yes,Life,Work Position_Group_2,Team Size_Group_4
Male,20,Single,Full-Time,Night,Location_Group_3,44,Public,Average,Department_Group_9,Yes,56,No,Advanced,Percentage,Customer-Relation,High,Online,44,63,61,7,1,Job Level_Group_4,Diploma,Low,914,No,,Work Position_Group_2,Team Size_Group_4
Female,40,Single,Part-Time,Night,Location_Group_5,23,Public,Poor,Department_Group_2,No,26,Yes,Intermediate,Fixed,Project-Management,High,In-Person,64,76,92,1,5,Job Level_Group_2,PhD,Very High,3803,Yes,Health,Work Position_Group_2,Team Size_Group_4
Male,35,Single,Part-Time,Day,Location_Group_3,28,Public,Average,Department_Group_3,No,46,No,Intermediate,Fixed,Marketing,High,Workshop,34,48,15,7,9,Job Level_Group_1,PhD,Very High,1325,Yes,Health,Work Position_Group_1,Team Size_Group_2
Male,29,Married,Contract,Flexible,Location_Group_3,24,Public,Good,Department_Group_2,Yes,33,No,Advanced,Percentage,Business Strategy,Medium,In-Person,51,69,88,2,4,Job Level_Group_3,Master,Medium,1423,No,,Work Position_Group_2,Team Size_Group_4
Male,40,Married,Full-Time,Day,Location_Group_7,4,Private,Good,Department_Group_5,No,52,No,Basic,Fixed,Artificial-Intelligence,High,,54,54,0,5,6,Job Level_Group_2,PhD,Very High,1467,Yes,Life,Work Position_Group_1,Team Size_Group_7
Female,19,Married,Contract,Flexible,Location_Group_4,2,Private,Poor,Department_Group_7,No,26,No,Advanced,Fixed,Project-Management,Low,Online,70,88,67,3,1,Job Level_Group_4,Diploma,Low,601,No,,Work Position_Group_2,Team Size_Group_4
Female,34,Single,Full-Time,Day,Location_Group_2,18,Private,Good,Department_Group_5,No,27,No,Intermediate,Fixed,Artificial-Intelligence,High,Online,55,68,17,2,5,Job Level_Group_2,PhD,High,864,No,,Work Position_Group_2,Team Size_Group_4
Female,23,Married,Contract,Night,Location_Group_2,29,Public,Average,Department_Group_8,Yes,51,No,Intermediate,Fixed,Project-Management,Low,,50,50,0,4,2,Job Level_Group_4,Bachelor,Medium,1434,Yes,Both,Work Position_Group_2,Team Size_Group_4
Male,18,Single,Full-Time,Night,Location_Group_4,7,Public,Average,Department_Group_6,No,42,Yes,Advanced,Fixed,Quality-Supervisor,Low,In-Person,47,64,15,3,1,Job Level_Group_4,Diploma,Low,4308,Yes,Both,Work Position_Group_2,Team Size_Group_4
Male,33,Married,Contract,Flexible,Location_Group_2,19,Private,Poor,Department_Group_4,Yes,25,No,Basic,Fixed,Programming,Low,In-Person,68,78,43,2,8,Job Level_Group_1,PhD,High,981,No,,Work Position_Group_2,Team Size_Group_4
Female,25,Single,Contract,Day,Location_Group_4,8,Public,Poor,Department_Group_1,Yes,38,No,Advanced,Fixed,Artificial-Intelligence,Low,Workshop,55,70,34,1,3,Job Level_Group_3,Bachelor,Low,719,Yes,Health,Work Position_Group_2,Team Size_Group_4
Male,42,Married,Full-Time,Day,Location_Group_1,36,Private,Good,Department_Group_1,Yes,46,No,Intermediate,Percentage,Marketing,High,Online,32,48,80,7,9,Job Level_Group_1,PhD,High,1218,Yes,Health,Work Position_Group_1,Team Size_Group_6
Female,21,Single,Full-Time,Day,Location_Group_2,5,Private,Average,Department_Group_7,Yes,33,No,Advanced,Fixed,UX-Design,Medium,Workshop,37,47,103,3,2,Job Level_Group_4,Bachelor,Low,903,Yes,Health,Work Position_Group_2,Team Size_Group_4
Female,41,Married,Part-Time,Day,Location_Group_1,21,Public,Good,Department_Group_5,No,22,No,Intermediate,Fixed,Marketing,High,In-Person,44,62,13,2,6,Job Level_Group_2,PhD,Medium,1307,No,,Work Position_Group_1,Team Size_Group_2
Male,32,Single,Remote,Night,Location_Group_1,19,Private,Average,Department_Group_2,Yes,56,No,Advanced,Fixed,Data-Science,Medium,,77,77,0,4,8,Job Level_Group_1,PhD,High,850,No,,Work Position_Group_2,Team Size_Group_4
Male,43,Married,Full-Time,Day,Location_Group_4,43,Public,Good,Department_Group_4,Yes,29,Yes,Intermediate,Percentage,Artificial-Intelligence,Low,Online,51,61,117,1,5,Job Level_Group_2,PhD,Very High,4168,Yes,Both,Work Position_Group_2,Team Size_Group_4
Female,30,Married,Contract,Day,Location_Group_1,32,Public,Poor,Department_Group_4,No,42,Yes,Advanced,Percentage,Finance,Medium,In-Person,56,67,76,5,5,Job Level_Group_2,Master,Medium,4046,No,,Work Position_Group_2,Team Size_Group_4
Female,35,Single,Full-Time,Day,Location_Group_7,42,Private,Good,Department_Group_6,No,35,No,Intermediate,Fixed,Sale,Medium,,53,53,0,4,6,Job Level_Group_2,PhD,High,624,Yes,Both,Work Position_Group_1,Team Size_Group_1
Female,18,Single,Remote,Night,Location_Group_2,44,Private,Average,Department_Group_5,Yes,37,No,Advanced,Percentage,UX-Design,High,,75,75,0,3,1,Job Level_Group_4,Diploma,Low,524,Yes,Health,Work Position_Group_2,Team Size_Group_4
Male,22,Single,Contract,Flexible,Location_Group_5,25,Private,Good,Department_Group_3,Yes,31,Yes,Intermediate,Fixed,Customer-Relation,Low,In-Person,52,69,55,4,2,Job Level_Group_4,Bachelor,Low,3158,No,,Work Position_Group_2,Team Size_Group_4
Male,25,Single,Full-Time,Day,Location_Group_1,20,Private,Good,Department_Group_6,No,43,Yes,Intermediate,Fixed,UI-Design,High,In-Person,42,55,32,3,4,Job Level_Group_3,Bachelor,Low,4316,Yes,Health,Work Position_Group_2,Team Size_Group_4
Male,40,Married,Contract,Day,Location_Group_4,22,Public,Good,Department_Group_2,Yes,24,No,Basic,Fixed,UX-Design,Medium,In-Person,65,77,21,5,8,Job Level_Group_1,PhD,Very High,1360,Yes,Life,Work Position_Group_1,Team Size_Group_6
Male,31,Married,Part-Time,Night,Location_Group_6,45,Private,Good,Department_Group_4,Yes,44,Yes,Intermediate,Percentage,Marketing,Low,In-Person,56,72,14,4,9,Job Level_Group_1,PhD,Very High,3828,Yes,Health,Work Position_Group_2,Team Size_Group_4
Female,39,Single,Part-Time,Flexible,Location_Group_1,21,Private,Average,Department_Group_5,No,41,No,Basic,Fixed,Business Strategy,Medium,In-Person,48,64,32,4,9,Job Level_Group_1,PhD,High,1262,No,,Work Position_Group_1,Team Size_Group_11
Female,20,Single,Remote,Day,Location_Group_7,40,Public,Poor,Department_Group_6,Yes,48,Yes,Advanced,Fixed,Sale,Low,,62,62,0,4,1,Job Level_Group_4,Diploma,Low,1033,No,,Work Position_Group_2,Team Size_Group_4
Male,21,Single,Remote,Night,Location_Group_4,6,Public,Good,Department_Group_6,No,48,Yes,Intermediate,Percentage,Management,Low,In-Person,42,55,23,8,2,Job Level_Group_4,Bachelor,Low,3861,No,,Work Position_Group_2,Team Size_Group_4
Male,41,Married,Full-Time,Flexible,Location_Group_3,27,Private,Average,Department_Group_7,Yes,59,No,Intermediate,Fixed,Data-Science,Medium,Workshop,40,56,57,8,9,Job Level_Group_1,PhD,High,581,Yes,Life,Work Position_Group_1,Team Size_Group_7
Male,34,Single,Remote,Night,Location_Group_2,4,Public,Average,Department_Group_5,Yes,23,No,Advanced,Percentage,UI-Design,Low,Online,66,77,79,4,6,Job Level_Group_2,PhD,Very High,606,No,,Work Position_Group_2,Team Size_Group_4
Male,37,Married,Full-Time,Flexible,Location_Group_7,25,Private,Poor,Department_Group_2,No,23,Yes,Advanced,Percentage,Quality-Supervisor,High,,76,76,0,5,5,Job Level_Group_2,PhD,Very High,1422,Yes,Life,Work Position_Group_2,Team Size_Group_4
Female,34,Single,Part-Time,Night,Location_Group_7,30,Private,Good,Department_Group_3,No,23,Yes,Basic,Fixed,Quality-Supervisor,High,Workshop,50,66,34,2,5,Job Level_Group_2,PhD,High,3680,No,,Work Position_Group_2,Team Size_Group_4
Male,26,Married,Remote,Night,Location_Group_4,33,Public,Poor,Department_Group_5,Yes,39,Yes,Intermediate,Percentage,Finance,High,Online,46,64,112,2,3,Job Level_Group_3,Master,Medium,3976,No,,Work Position_Group_2,Team Size_Group_4
Male,28,Single,Remote,Day,Location_Group_6,8,Public,Poor,Department_Group_2,Yes,21,Yes,Advanced,Fixed,Finance,Medium,Online,64,74,49,2,3,Job Level_Group_3,Master,Medium,4183,Yes,Both,Work Position_Group_2,Team Size_Group_4
Male,22,Married,Contract,Night,Location_Group_4,41,Public,Good,Department_Group_8,No,46,No,Basic,Percentage,Programming,Medium,In-Person,43,54,63,9,2,Job Level_Group_4,Bachelor,Low,1436,Yes,Both,Work Position_Group_2,Team Size_Group_4
Male,35,Single,Full-Time,Day,Location_Group_7,25,Private,Poor,Department_Group_2,No,45,Yes,Intermediate,Fixed,Project-Management,Medium,Online,53,64,72,1,5,Job Level_Group_2,PhD,High,3934,Yes,Life,Work Position_Group_2,Team Size_Group_4
Female,21,Single,Contract,Day,Location_Group_1,27,Public,Good,Department_Group_8,No,34,No,Intermediate,Fixed,Quality-Supervisor,High,,52,52,0,3,2,Job Level_Group_4,Bachelor,Low,683,Yes,Both,Work Position_Group_2,Team Size_Group_4
Female,23,Single,Part-Time,Night,Location_Group_2,47,Public,Good,Department_Group_1,Yes,35,No,Intermediate,Fixed,Sale,High,In-Person,45,59,36,5,2,Job Level_Group_4,Bachelor,Low,511,Yes,Life,Work Position_Group_2,Team Size_Group_4
Female,26,Married,Full-Time,Day,Location_Group_6,14,Public,Poor,Department_Group_2,No,49,No,Intermediate,Fixed,UI-Design,Medium,In-Person,54,66,13,8,3,Job Level_Group_3,Master,Medium,954,Yes,Both,Work Position_Group_2,Team Size_Group_4
Male,23,Single,Full-Time,Day,Location_Group_5,13,Public,Good,Department_Group_3,No,55,Yes,Intermediate,Percentage,Finance,High,In-Person,36,51,107,9,2,Job Level_Group_4,Bachelor,Medium,4456,Yes,Life,Work Position_Group_2,Team Size_Group_4
Female,33,Single,Remote,Day,Location_Group_5,40,Private,Good,Department_Group_9,No,38,No,Basic,Percentage,Marketing,Medium,Workshop,74,92,25,1,8,Job Level_Group_1,PhD,High,1093,No,,Work Position_Group_2,Team Size_Group_4
Female,38,Married,Remote,Night,Location_Group_1,2,Public,Poor,Department_Group_6,Yes,53,Yes,Advanced,Percentage,Programming,Low,Online,34,49,81,9,6,Job Level_Group_2,PhD,High,3380,No,,Work Position_Group_1,Team Size_Group_5
Female,27,Single,Full-Time,Day,Location_Group_7,9,Public,Good,Department_Group_2,Yes,58,Yes,Advanced,Fixed,Finance,Low,Online,69,85,101,7,3,Job Level_Group_3,Master,Medium,3944,No,,Work Position_Group_2,Team Size_Group_4
Female,26,Married,Contract,Flexible,Location_Group_4,46,Public,Poor,Department_Group_6,Yes,35,Yes,Basic,Fixed,Customer-Relation,Low,Online,77,92,78,2,4,Job Level_Group_3,Master,Medium,3268,No,,Work Position_Group_2,Team Size_Group_4
Male,20,Married,Contract,Flexible,Location_Group_7,14,Private,Poor,Department_Group_3,Yes,38,No,Basic,Fixed,Production,Low,Workshop,32,45,17,5,1,Job Level_Group_4,Diploma,Low,1451,No,,Work Position_Group_2,Team Size_Group_4
Male,21,Single,Full-Time,Day,Location_Group_5,44,Public,Good,Department_Group_9,No,53,No,Intermediate,Percentage,Production,High,Workshop,74,92,50,7,2,Job Level_Group_4,Bachelor,Low,557,Yes,Both,Work Position_Group_2,Team Size_Group_4
Male,39,Married,Full-Time,Flexible,Location_Group_4,20,Public,Average,Department_Group_4,Yes,20,No,Advanced,Percentage,UI-Design,Low,Workshop,35,50,24,1,9,Job Level_Group_1,PhD,Very High,1441,Yes,Health,Work Position_Group_1,Team Size_Group_5
Female,44,Single,Contract,Day,Location_Group_1,36,Private,Good,Department_Group_6,Yes,27,Yes,Basic,Fixed,Data-Science,High,,59,59,0,3,8,Job Level_Group_1,PhD,Very High,588,Yes,Health,Work Position_Group_1,Team Size_Group_5
Male,19,Married,Part-Time,Flexible,Location_Group_5,22,Private,Good,Department_Group_7,No,26,Yes,Basic,Percentage,Marketing,Medium,Workshop,45,61,41,2,1,Job Level_Group_4,Diploma,Low,4391,No,,Work Position_Group_2,Team Size_Group_4
Female,25,Married,Contract,Day,Location_Group_6,26,Private,Good,Department_Group_2,No,30,Yes,Intermediate,Percentage,Production,Medium,Workshop,58,76,35,2,4,Job Level_Group_3,Bachelor,Low,3166,No,,Work Position_Group_2,Team Size_Group_4
Female,33,Single,Full-Time,Night,Location_Group_2,48,Private,Good,Department_Group_5,Yes,31,Yes,Intermediate,Percentage,Customer-Relation,High,In-Person,73,92,111,1,9,Job Level_Group_1,PhD,Very High,3631,No,,Work Position_Group_2,Team Size_Group_4
Female,44,Married,Full-Time,Flexible,Location_Group_2,12,Public,Good,Department_Group_5,Yes,58,No,Advanced,Percentage,Sale,Medium,,58,58,0,5,6,Job Level_Group_2,PhD,High,726,Yes,Both,Work Position_Group_1,Team Size_Group_7
Male,42,Single,Remote,Flexible,Location_Group_3,37,Private,Good,Department_Group_6,No,27,No,Intermediate,Fixed,UI-Design,Low,,55,55,0,3,6,Job Level_Group_2,PhD,Medium,1381,No,,Work Position_Group_1,Team Size_Group_8
Female,42,Single,Full-Time,Day,Location_Group_1,31,Public,Poor,Department_Group_1,Yes,32,Yes,Intermediate,Fixed,Management,Medium,In-Person,36,51,95,1,6,Job Level_Group_2,PhD,High,3770,Yes,Life,Work Position_Group_1,Team Size_Group_11
Female,18,Single,Part-Time,Night,Location_Group_2,37,Public,Poor,Department_Group_1,Yes,45,No,Intermediate,Fixed,Finance,Medium,,46,46,0,3,1,Job Level_Group_4,Diploma,Low,1286,No,,Work Position_Group_2,Team Size_Group_4
Female,27,Married,Contract,Flexible,Location_Group_5,15,Public,Good,Department_Group_2,No,32,No,Intermediate,Percentage,Business Strategy,High,,45,45,0,2,4,Job Level_Group_3,Master,Medium,1476,No,,Work Position_Group_2,Team Size_Group_4
Male,26,Married,Part-Time,Day,Location_Group_2,18,Public,Good,Department_Group_8,Yes,59,No,Intermediate,Fixed,Finance,High,In-Person,71,82,105,9,4,Job Level_Group_3,Master,Medium,716,Yes,Both,Work Position_Group_2,Team Size_Group_4
Female,36,Married,Contract,Night,Location_Group_7,13,Public,Poor,Department_Group_3,No,28,Yes,Advanced,Percentage,Data-Science,High,Workshop,42,56,105,1,8,Job Level_Group_1,PhD,High,3847,No,,Work Position_Group_1,Team Size_Group_3
Male,28,Single,Full-Time,Day,Location_Group_4,32,Private,Poor,Department_Group_8,No,35,No,Advanced,Fixed,Artificial-Intelligence,High,,42,42,0,1,3,Job Level_Group_3,Master,Medium,1405,Yes,Health,Work Position_Group_2,Team Size_Group_4
Male,27,Married,Contract,Night,Location_Group_6,5,Private,Poor,Department_Group_7,No,54,No,Advanced,Fixed,UX-Design,Medium,Online,61,77,60,7,3,Job Level_Group_3,Master,Medium,523,No,,Work Position_Group_2,Team Size_Group_4
Male,29,Single,Remote,Day,Location_Group_7,11,Public,Poor,Department_Group_4,No,51,No,Intermediate,Fixed,Project-Management,Medium,Online,69,83,16,7,3,Job Level_Group_3,Master,Medium,663,No,,Work Position_Group_2,Team Size_Group_4
Male,24,Married,Part-Time,Night,Location_Group_6,6,Private,Good,Department_Group_1,No,20,No,Intermediate,Fixed,Management,High,Workshop,31,44,22,2,2,Job Level_Group_4,Bachelor,Low,695,No,,Work Position_Group_2,Team Size_Group_4
Female,40,Single,Full-Time,Flexible,Location_Group_2,43,Public,Poor,Department_Group_7,Yes,35,Yes,Advanced,Fixed,UX-Design,Medium,Online,76,91,26,3,6,Job Level_Group_2,PhD,Very High,4410,No,,Work Position_Group_1,Team Size_Group_5
Female,42,Single,Remote,Night,Location_Group_4,49,Private,Poor,Department_Group_3,Yes,35,No,Intermediate,Fixed,UX-Design,Medium,,54,54,0,3,6,Job Level_Group_2,PhD,High,554,No,,Work Position_Group_1,Team Size_Group_6
Male,44,Married,Contract,Day,Location_Group_2,9,Private,Poor,Department_Group_8,No,59,No,Basic,Fixed,Marketing,High,Online,67,81,48,9,9,Job Level_Group_1,PhD,Very High,609,No,,Work Position_Group_1,Team Size_Group_8
Male,36,Single,Part-Time,Day,Location_Group_1,21,Public,Average,Department_Group_6,Yes,43,Yes,Basic,Percentage,Programming,High,Workshop,78,94,44,4,8,Job Level_Group_1,PhD,Very High,3246,No,,Work Position_Group_1,Team Size_Group_8
Female,38,Married,Part-Time,Night,Location_Group_2,6,Public,Average,Department_Group_1,No,25,Yes,Basic,Percentage,Customer-Relation,Low,,38,38,0,2,8,Job Level_Group_1,PhD,High,660,No,,Work Position_Group_1,Team Size_Group_11
Female,36,Single,Full-Time,Night,Location_Group_3,14,Public,Good,Department_Group_7,Yes,26,Yes,Advanced,Percentage,Data-Science,Medium,In-Person,46,61,54,1,6,Job Level_Group_2,PhD,Very High,3164,No,,Work Position_Group_1,Team Size_Group_10
Female,27,Married,Remote,Night,Location_Group_1,41,Private,Average,Department_Group_5,No,57,No,Advanced,Fixed,Sale,High,Online,71,87,38,9,3,Job Level_Group_3,Master,Medium,1284,Yes,Both,Work Position_Group_2,Team Size_Group_4
Female,36,Married,Full-Time,Flexible,Location_Group_7,44,Public,Poor,Department_Group_7,Yes,41,Yes,Advanced,Fixed,Marketing,Low,Online,42,59,75,4,5,Job Level_Group_2,PhD,Very High,3146,Yes,Both,Work Position_Group_2,Team Size_Group_4
Male,24,Single,Remote,Night,Location_Group_2,26,Public,Average,Department_Group_2,Yes,51,Yes,Intermediate,Fixed,Data-Science,Medium,Workshop,65,77,46,9,2,Job Level_Group_4,Bachelor,Low,4120,Yes,Both,Work Position_Group_2,Team Size_Group_4
Female,19,Married,Full-Time,Night,Location_Group_5,20,Private,Good,Department_Group_1,No,26,Yes,Intermediate,Fixed,UI-Design,Medium,Workshop,54,65,105,5,1,Job Level_Group_4,Diploma,Low,3843,No,,Work Position_Group_2,Team Size_Group_4
Male,43,Single,Full-Time,Flexible,Location_Group_4,20,Private,Good,Department_Group_1,Yes,31,Yes,Basic,Fixed,Management,Medium,,30,30,0,3,7,Job Level_Group_1,PhD,Very High,1381,No,,Work Position_Group_1,Team Size_Group_1
Male,36,Single,Full-Time,Flexible,Location_Group_4,31,Public,Good,Department_Group_9,No,37,No,Intermediate,Percentage,UX-Design,Medium,In-Person,57,71,64,3,6,Job Level_Group_2,PhD,Very High,718,Yes,Both,Work Position_Group_1,Team Size_Group_5
Female,21,Single,Remote,Night,Location_Group_6,4,Private,Average,Department_Group_8,Yes,45,Yes,Basic,Percentage,Business Strategy,Medium,Online,30,46,29,3,2,Job Level_Group_4,Bachelor,Low,3963,No,,Work Position_Group_2,Team Size_Group_4
Male,19,Married,Contract,Night,Location_Group_1,40,Public,Poor,Department_Group_4,Yes,58,No,Basic,Percentage,Data-Science,Low,Workshop,51,67,50,9,1,Job Level_Group_4,Diploma,Low,503,Yes,Both,Work Position_Group_2,Team Size_Group_4
Female,35,Married,Remote,Flexible,Location_Group_7,20,Private,Poor,Department_Group_5,Yes,28,Yes,Intermediate,Fixed,Customer-Relation,High,In-Person,46,64,119,2,7,Job Level_Group_1,PhD,Medium,4354,Yes,Health,Work Position_Group_1,Team Size_Group_11
Male,31,Married,Part-Time,Night,Location_Group_2,25,Private,Poor,Department_Group_9,No,37,No,Intermediate,Fixed,Sale,Low,Workshop,50,63,55,5,6,Job Level_Group_2,PhD,Very High,588,No,,Work Position_Group_2,Team Size_Group_4
Male,42,Single,Remote,Day,Location_Group_2,27,Private,Poor,Department_Group_9,No,41,No,Advanced,Percentage,Customer-Relation,High,,63,63,0,5,8,Job Level_Group_1,PhD,Very High,794,No,,Work Position_Group_1,Team Size_Group_6
Male,37,Married,Contract,Night,Location_Group_5,18,Public,Average,Department_Group_7,Yes,57,No,Intermediate,Percentage,Sale,High,In-Person,76,94,109,7,5,Job Level_Group_2,PhD,High,1317,Yes,Life,Work Position_Group_2,Team Size_Group_4
Male,22,Single,Part-Time,Day,Location_Group_7,2,Private,Poor,Department_Group_5,Yes,48,No,Basic,Fixed,Artificial-Intelligence,Low,Workshop,75,92,50,9,2,Job Level_Group_4,Bachelor,Low,1117,No,,Work Position_Group_2,Team Size_Group_4
Female,38,Single,Remote,Flexible,Location_Group_4,15,Public,Good,Department_Group_6,No,47,No,Basic,Percentage,Project-Management,Low,Workshop,56,68,13,7,7,Job Level_Group_1,PhD,Very High,1428,No,,Work Position_Group_1,Team Size_Group_5
Male,20,Single,Full-Time,Flexible,Location_Group_6,24,Public,Poor,Department_Group_5,No,44,Yes,Advanced,Fixed,Customer-Relation,Low,Workshop,60,72,83,3,1,Job Level_Group_4,Diploma,Low,3390,Yes,Health,Work Position_Group_2,Team Size_Group_4
Male,40,Single,Remote,Day,Location_Group_4,47,Private,Poor,Department_Group_7,Yes,35,Yes,Basic,Percentage,Production,Medium,Online,52,62,64,4,6,Job Level_Group_2,PhD,High,4423,No,,Work Position_Group_1,Team Size_Group_10
Male,27,Single,Contract,Night,Location_Group_3,19,Private,Average,Department_Group_6,Yes,33,No,Advanced,Percentage,UX-Design,Medium,Workshop,79,98,88,5,4,Job Level_Group_3,Master,Medium,788,Yes,Both,Work Position_Group_2,Team Size_Group_4
Female,37,Single,Remote,Night,Location_Group_5,6,Public,Poor,Department_Group_1,No,26,No,Intermediate,Fixed,Data-Science,High,Workshop,39,55,80,1,9,Job Level_Group_1,PhD,Very High,1230,No,,Work Position_Group_1,Team Size_Group_2
Female,31,Single,Contract,Flexible,Location_Group_4,12,Private,Good,Department_Group_1,Yes,54,Yes,Intermediate,Fixed,Quality-Supervisor,High,Online,63,76,75,9,7,Job Level_Group_1,PhD,Very High,3814,Yes,Health,Work Position_Group_2,Team Size_Group_4
Female,27,Single,Contract,Night,Location_Group_6,37,Public,Good,Department_Group_1,Yes,25,No,Intermediate,Percentage,Business Strategy,Low,Online,61,75,55,5,3,Job Level_Group_3,Master,Medium,555,No,,Work Position_Group_2,Team Size_Group_4
Male,18,Married,Remote,Day,Location_Group_4,7,Public,Poor,Department_Group_3,Yes,59,No,Basic,Percentage,Quality-Supervisor,Medium,Online,47,64,62,7,1,Job Level_Group_4,Diploma,Low,1391,Yes,Health,Work Position_Group_2,Team Size_Group_4
Female,40,Single,Part-Time,Night,Location_Group_1,11,Private,Poor,Department_Group_1,No,48,Yes,Advanced,Fixed,Quality-Supervisor,Low,Workshop,42,54,108,9,6,Job Level_Group_2,PhD,High,3786,Yes,Both,Work Position_Group_1,Team Size_Group_11
Female,27,Single,Full-Time,Day,Location_Group_1,45,Private,Good,Department_Group_1,No,50,No,Basic,Fixed,Sale,High,In-Person,38,50,72,9,4,Job Level_Group_3,Master,Medium,534,No,,Work Position_Group_2,Team Size_Group_4
Female,21,Married,Full-Time,Night,Location_Group_6,49,Public,Poor,Department_Group_3,Yes,32,No,Intermediate,Percentage,Artificial-Intelligence,Medium,,68,68,0,3,2,Job Level_Group_4,Bachelor,Low,899,Yes,Health,Work Position_Group_2,Team Size_Group_4
Female,39,Single,Remote,Flexible,Location_Group_3,20,Public,Average,Department_Group_5,No,40,Yes,Basic,Percentage,Business Strategy,Medium,In-Person,38,54,73,5,6,Job Level_Group_2,PhD,High,3143,Yes,Life,Work Position_Group_1,Team Size_Group_2
Male,32,Single,Remote,Flexible,Location_Group_4,16,Private,Poor,Department_Group_9,No,23,No,Basic,Fixed,Project-Management,High,,77,77,0,3,6,Job Level_Group_2,PhD,Very High,1395,Yes,Life,Work Position_Group_2,Team Size_Group_4
Female,23,Single,Contract,Night,Location_Group_5,5,Public,Good,Department_Group_4,Yes,58,No,Advanced,Fixed,Sale,Medium,Workshop,37,55,114,7,2,Job Level_Group_4,Bachelor,Low,1338,Yes,Life,Work Position_Group_2,Team Size_Group_4
Male,26,Single,Full-Time,Night,Location_Group_4,25,Public,Poor,Department_Group_4,Yes,56,Yes,Intermediate,Percentage,Customer-Relation,High,,37,37,0,3,3,Job Level_Group_3,Master,Medium,1230,No,,Work Position_Group_2,Team Size_Group_4
Female,37,Married,Contract,Day,Location_Group_6,2,Public,Poor,Department_Group_8,No,31,Yes,Advanced,Percentage,UI-Design,High,Workshop,51,68,17,5,6,Job Level_Group_2,PhD,High,3597,Yes,Life,Work Position_Group_1,Team Size_Group_11
Female,38,Single,Remote,Flexible,Location_Group_6,47,Private,Good,Department_Group_4,No,35,No,Advanced,Fixed,Management,Low,Workshop,37,49,119,3,7,Job Level_Group_1,PhD,High,663,No,,Work Position_Group_1,Team Size_Group_1
Male,25,Married,Contract,Night,Location_Group_4,3,Private,Poor,Department_Group_7,Yes,44,No,Intermediate,Percentage,Project-Management,High,Workshop,31,50,79,4,4,Job Level_Group_3,Bachelor,Low,743,No,,Work Position_Group_2,Team Size_Group_4
Female,32,Married,Contract,Night,Location_Group_4,34,Public,Average,Department_Group_9,No,36,No,Advanced,Fixed,UX-Design,High,In-Person,76,86,16,4,7,Job Level_Group_1,PhD,High,1040,Yes,Both,Work Position_Group_2,Team Size_Group_4
Female,18,Single,Full-Time,Day,Location_Group_3,43,Public,Average,Department_Group_5,Yes,49,Yes,Intermediate,Fixed,Management,Low,Online,76,88,97,8,1,Job Level_Group_4,Diploma,Low,3203,No,,Work Position_Group_2,Team Size_Group_4
Female,31,Married,Remote,Flexible,Location_Group_4,19,Public,Poor,Department_Group_5,Yes,39,No,Advanced,Percentage,Project-Management,Medium,,65,65,0,3,7,Job Level_Group_1,PhD,High,1130,No,,Work Position_Group_2,Team Size_Group_4
Female,27,Single,Remote,Flexible,Location_Group_6,22,Private,Average,Department_Group_2,No,44,Yes,Basic,Fixed,Business Strategy,Low,In-Person,46,64,95,5,3,Job Level_Group_3,Master,Medium,4280,No,,Work Position_Group_2,Team Size_Group_4
Male,24,Married,Part-Time,Flexible,Location_Group_2,42,Private,Poor,Department_Group_2,No,52,Yes,Basic,Fixed,Finance,Low,Online,34,46,58,9,2,Job Level_Group_4,Bachelor,Low,3204,Yes,Life,Work Position_Group_2,Team Size_Group_4
Female,26,Married,Part-Time,Night,Location_Group_3,26,Public,Good,Department_Group_5,Yes,43,Yes,Advanced,Percentage,Programming,Low,Online,46,62,67,2,4,Job Level_Group_3,Master,Medium,4422,No,,Work Position_Group_2,Team Size_Group_4
Female,25,Married,Part-Time,Flexible,Location_Group_2,23,Private,Average,Department_Group_5,No,41,Yes,Advanced,Fixed,Business Strategy,Low,In-Person,43,55,54,1,3,Job Level_Group_3,Bachelor,Low,3771,No,,Work Position_Group_2,Team Size_Group_4
Male,21,Married,Full-Time,Night,Location_Group_6,27,Public,Good,Department_Group_2,Yes,42,Yes,Basic,Fixed,Quality-Supervisor,High,In-Person,64,76,85,5,2,Job Level_Group_4,Bachelor,Low,4331,Yes,Health,Work Position_Group_2,Team Size_Group_4
Male,26,Married,Full-Time,Day,Location_Group_7,42,Private,Average,Department_Group_2,Yes,46,No,Basic,Fixed,UX-Design,High,In-Person,65,84,107,8,3,Job Level_Group_3,Master,Medium,972,Yes,Health,Work Position_Group_2,Team Size_Group_4
Female,33,Single,Full-Time,Flexible,Location_Group_7,5,Private,Average,Department_Group_6,No,44,No,Intermediate,Percentage,Artificial-Intelligence,Low,In-Person,66,77,80,2,9,Job Level_Group_1,PhD,High,1450,Yes,Both,Work Position_Group_2,Team Size_Group_4
Male,36,Married,Contract,Night,Location_Group_6,36,Private,Poor,Department_Group_3,Yes,44,Yes,Basic,Percentage,UI-Design,High,,70,70,0,3,8,Job Level_Group_1,PhD,High,950,Yes,Health,Work Position_Group_1,Team Size_Group_3
Male,26,Married,Part-Time,Night,Location_Group_6,38,Public,Good,Department_Group_8,Yes,35,No,Basic,Fixed,Sale,High,Workshop,51,66,77,5,4,Job Level_Group_3,Master,Medium,630,Yes,Both,Work Position_Group_2,Team Size_Group_4
Female,38,Single,Remote,Night,Location_Group_7,48,Private,Poor,Department_Group_8,No,54,Yes,Advanced,Fixed,Artificial-Intelligence,Medium,Online,41,53,53,9,8,Job Level_Group_1,PhD,Very High,4151,Yes,Health,Work Position_Group_1,Team Size_Group_5
Male,31,Married,Contract,Day,Location_Group_5,47,Private,Average,Department_Group_8,Yes,56,No,Intermediate,Percentage,Customer-Relation,Medium,In-Person,60,71,118,9,8,Job Level_Group_1,PhD,High,1061,No,,Work Position_Group_2,Team Size_Group_4
Female,28,Married,Contract,Night,Location_Group_6,37,Private,Average,Department_Group_6,Yes,54,No,Advanced,Fixed,Finance,Medium,Workshop,33,43,95,7,3,Job Level_Group_3,Master,Medium,567,Yes,Both,Work Position_Group_2,Team Size_Group_4
Female,40,Married,Part-Time,Day,Location_Group_3,40,Public,Poor,Department_Group_2,No,34,Yes,Intermediate,Fixed,Quality-Supervisor,Medium,,77,77,0,5,6,Job Level_Group_2,PhD,Very High,1470,No,,Work Position_Group_1,Team Size_Group_1
Female,31,Married,Remote,Day,Location_Group_3,1,Private,Average,Department_Group_9,No,26,Yes,Advanced,Percentage,Finance,Medium,,62,62,0,2,6,Job Level_Group_2,PhD,High,972,Yes,Life,Work Position_Group_2,Team Size_Group_4
Female,31,Single,Contract,Night,Location_Group_4,31,Public,Poor,Department_Group_2,No,30,No,Intermediate,Percentage,UI-Design,High,,68,68,0,5,9,Job Level_Group_1,PhD,High,691,No,,Work Position_Group_2,Team Size_Group_4
Female,36,Single,Part-Time,Night,Location_Group_4,2,Private,Poor,Department_Group_7,No,21,No,Advanced,Percentage,Customer-Relation,Medium,Online,31,48,84,3,5,Job Level_Group_2,PhD,High,859,Yes,Life,Work Position_Group_2,Team Size_Group_4
Female,32,Married,Remote,Flexible,Location_Group_2,27,Private,Good,Department_Group_8,No,58,Yes,Advanced,Percentage,Programming,High,Online,60,79,37,9,5,Job Level_Group_2,PhD,Very High,3488,No,,Work Position_Group_2,Team Size_Group_4
Female,28,Single,Remote,Day,Location_Group_4,12,Private,Poor,Department_Group_2,Yes,34,No,Basic,Fixed,Quality-Supervisor,Medium,Online,64,83,14,3,4,Job Level_Group_3,Master,Medium,647,Yes,Health,Work Position_Group_2,Team Size_Group_4
Female,31,Single,Remote,Night,Location_Group_2,3,Public,Good,Department_Group_9,No,31,Yes,Intermediate,Percentage,Marketing,Medium,Workshop,35,51,79,1,6,Job Level_Group_2,PhD,High,3657,No,,Work Position_Group_2,Team Size_Group_4
Male,32,Single,Remote,Night,Location_Group_3,35,Private,Poor,Department_Group_9,No,33,No,Basic,Fixed,Management,Medium,Online,40,54,26,2,7,Job Level_Group_1,PhD,Very High,1135,Yes,Both,Work Position_Group_2,Team Size_Group_4
Male,32,Single,Contract,Night,Location_Group_7,23,Private,Average,Department_Group_6,No,21,Yes,Intermediate,Fixed,Programming,Low,,75,75,0,5,5,Job Level_Group_2,PhD,High,709,Yes,Both,Work Position_Group_2,Team Size_Group_4
Female,31,Single,Part-Time,Night,Location_Group_5,23,Private,Average,Department_Group_4,Yes,50,No,Advanced,Fixed,Artificial-Intelligence,High,,36,36,0,2,5,Job Level_Group_2,PhD,High,632,Yes,Health,Work Position_Group_2,Team Size_Group_4
Female,30,Single,Part-Time,Flexible,Location_Group_4,40,Public,Good,Department_Group_3,No,36,No,Basic,Percentage,Finance,Low,,44,44,0,1,7,Job Level_Group_1,Master,Medium,847,Yes,Health,Work Position_Group_2,Team Size_Group_4
Female,39,Single,Contract,Day,Location_Group_3,22,Public,Good,Department_Group_5,No,25,No,Advanced,Percentage,Production,Medium,,47,47,0,4,9,Job Level_Group_1,PhD,High,847,No,,Work Position_Group_1,Team Size_Group_2
Female,28,Single,Part-Time,Day,Location_Group_2,7,Public,Good,Department_Group_5,Yes,36,No,Intermediate,Fixed,Finance,High,Online,67,84,22,5,3,Job Level_Group_3,Master,Medium,582,No,,Work Position_Group_2,Team Size_Group_4
Male,43,Single,Remote,Flexible,Location_Group_4,14,Private,Poor,Department_Group_3,Yes,46,Yes,Basic,Percentage,Programming,Low,,62,62,0,1,6,Job Level_Group_2,PhD,High,1231,No,,Work Position_Group_1,Team Size_Group_7
Male,19,Married,Full-Time,Night,Location_Group_5,28,Private,Good,Department_Group_6,No,29,Yes,Basic,Percentage,Sale,Low,In-Person,68,86,66,2,1,Job Level_Group_4,Diploma,Low,4140,Yes,Health,Work Position_Group_2,Team Size_Group_4
Female,24,Single,Part-Time,Night,Location_Group_3,48,Public,Poor,Department_Group_8,Yes,45,No,Intermediate,Fixed,UX-Design,Low,In-Person,76,94,90,1,2,Job Level_Group_4,Bachelor,Low,1019,No,,Work Position_Group_2,Team Size_Group_4
Female,24,Married,Remote,Night,Location_Group_4,17,Private,Poor,Department_Group_1,No,54,Yes,Basic,Fixed,Finance,Low,Online,58,76,118,9,2,Job Level_Group_4,Bachelor,Low,3742,No,,Work Position_Group_2,Team Size_Group_4
Male,19,Married,Remote,Flexible,Location_Group_3,45,Public,Poor,Department_Group_1,No,50,Yes,Advanced,Percentage,Production,High,Workshop,71,90,67,9,1,Job Level_Group_4,Diploma,Low,3386,Yes,Health,Work Position_Group_2,Team Size_Group_4
Male,27,Married,Part-Time,Night,Location_Group_5,15,Public,Good,Department_Group_5,Yes,24,No,Advanced,Percentage,Project-Management,High,Workshop,72,86,29,3,4,Job Level_Group_3,Master,Medium,1065,No,,Work Position_Group_2,Team Size_Group_4
Female,42,Single,Contract,Flexible,Location_Group_3,45,Public,Poor,Department_Group_9,No,39,Yes,Basic,Percentage,Customer-Relation,Low,Workshop,49,60,43,2,5,Job Level_Group_2,PhD,Very High,3877,No,,Work Position_Group_2,Team Size_Group_4
Female,30,Single,Full-Time,Night,Location_Group_3,40,Public,Average,Department_Group_5,No,30,Yes,Basic,Percentage,Finance,High,,32,32,0,2,9,Job Level_Group_1,Master,Medium,1143,No,,Work Position_Group_2,Team Size_Group_4
Female,18,Single,Part-Time,Flexible,Location_Group_3,20,Private,Average,Department_Group_6,Yes,26,Yes,Intermediate,Fixed,Programming,Low,In-Person,45,62,110,3,1,Job Level_Group_4,Diploma,Low,3561,No,,Work Position_Group_2,Team Size_Group_4
Male,20,Single,Full-Time,Night,Location_Group_5,3,Private,Poor,Department_Group_1,Yes,36,No,Advanced,Percentage,Finance,Medium,Workshop,70,84,65,2,1,Job Level_Group_4,Diploma,Low,913,No,,Work Position_Group_2,Team Size_Group_4
Female,37,Married,Part-Time,Night,Location_Group_3,40,Public,Good,Department_Group_2,Yes,26,Yes,Basic,Fixed,Finance,Low,In-Person,69,80,62,2,7,Job Level_Group_1,PhD,Very High,3631,Yes,Life,Work Position_Group_1,Team Size_Group_9
Male,29,Single,Contract,Day,Location_Group_2,26,Public,Good,Department_Group_5,No,58,Yes,Intermediate,Percentage,Sale,High,,35,35,0,3,4,Job Level_Group_3,Master,Medium,604,Yes,Both,Work Position_Group_2,Team Size_Group_4
Female,31,Single,Remote,Night,Location_Group_5,26,Private,Average,Department_Group_3,Yes,38,Yes,Intermediate,Fixed,Sale,Medium,Online,45,55,113,4,5,Job Level_Group_2,PhD,Very High,3451,Yes,Health,Work Position_Group_2,Team Size_Group_4
Male,36,Married,Full-Time,Flexible,Location_Group_7,19,Public,Poor,Department_Group_9,Yes,36,No,Intermediate,Percentage,Project-Management,High,In-Person,67,84,69,3,7,Job Level_Group_1,PhD,High,993,Yes,Both,Work Position_Group_1,Team Size_Group_2
Female,22,Married,Contract,Flexible,Location_Group_6,12,Public,Average,Department_Group_8,Yes,54,No,Advanced,Fixed,Management,High,,42,42,0,4,2,Job Level_Group_4,Bachelor,Low,938,No,,Work Position_Group_2,Team Size_Group_4
Female,34,Married,Remote,Day,Location_Group_5,3,Private,Poor,Department_Group_2,Yes,51,No,Basic,Percentage,Artificial-Intelligence,Medium,,57,57,0,5,7,Job Level_Group_1,PhD,High,586,Yes,Both,Work Position_Group_2,Team Size_Group_4
Male,44,Single,Contract,Day,Location_Group_1,18,Public,Average,Department_Group_9,No,59,No,Basic,Percentage,Sale,Low,Online,74,88,94,7,7,Job Level_Group_1,PhD,High,1430,No,,Work Position_Group_1,Team Size_Group_9
Female,37,Single,Part-Time,Day,Location_Group_1,24,Private,Average,Department_Group_8,Yes,25,Yes,Advanced,Fixed,Customer-Relation,Low,In-Person,67,83,31,3,8,Job Level_Group_1,PhD,Very High,4117,Yes,Both,Work Position_Group_1,Team Size_Group_11
Male,30,Single,Part-Time,Night,Location_Group_7,14,Public,Good,Department_Group_5,No,30,No,Advanced,Percentage,Project-Management,High,Workshop,39,50,111,4,8,Job Level_Group_1,Master,Medium,1340,Yes,Both,Work Position_Group_2,Team Size_Group_4
Male,44,Single,Remote,Flexible,Location_Group_2,49,Private,Good,Department_Group_6,Yes,32,No,Intermediate,Percentage,Marketing,Medium,In-Person,43,60,118,3,6,Job Level_Group_2,PhD,High,1015,Yes,Health,Work Position_Group_1,Team Size_Group_7
Female,24,Married,Remote,Flexible,Location_Group_1,17,Private,Average,Department_Group_9,Yes,27,No,Advanced,Percentage,UX-Design,Medium,In-Person,48,66,53,5,2,Job Level_Group_4,Bachelor,Low,1181,No,,Work Position_Group_2,Team Size_Group_4
Male,42,Single,Part-Time,Night,Location_Group_3,43,Public,Poor,Department_Group_2,No,30,Yes,Advanced,Percentage,Production,Low,Workshop,68,85,18,2,6,Job Level_Group_2,PhD,High,4202,No,,Work Position_Group_1,Team Size_Group_9
